Unnamed: 0,Attribute1,Attribute2,Attribute3,Attribute4,Attribute5,Attribute6,Attribute7,Attribute8,Attribute9,Attribute10,Attribute11,Attribute12,Attribute13,Attribute14,Attribute15,Attribute16,Attribute17,Attribute18,Attribute19,Attribute20,Attribute21,Attribute22,Attribute23,class
4,60,6,124,0,9,3,4,3,-5,3,-3,1,1,1,1,0,1,0,1,0,0,1,1,0
-2,-69,6,201,-3,6,-1,4,0,81,3,2,1,0,1,0,1,0,0,1,0,1,1,1,0
4,9,-1,38,5,5,0,0,4,8,3,0,2,0,0,1,1,1,0,0,1,0,1,1,0
5,-11,-3,-21,7,10,0,4,8,-7,-1,1,0,2,1,0,1,0,1,1,1,0,0,1,0
0,82,4,188,-2,5,7,6,2,128,4,2,1,0,1,0,1,0,0,0,1,1,1,0,0
2,45,4,-59,1,2,0,5,5,76,0,5,2,1,2,1,1,1,1,0,1,0,1,0,1
2,21,5,-122,0,7,5,4,5,15,4,1,0,0,2,1,0,1,1,0,1,0,0,0,1
0,-25,0,105,8,5,6,0,0,100,0,6,0,2,0,1,1,1,1,0,0,0,0,0,0
0,0,-2,61,2,-1,0,4,3,31,0,7,1,2,0,0,1,1,0,1,0,0,1,1,0
4,61,4,35,-4,4,3,-2,3,37,0,2,1,2,0,0,0,0,0,0,1,0,0,1,0
7,-37,-2,-63,5,2,4,3,5,26,0,6,1,0,3,1,1,1,1,1,0,1,1,1,0
-2,126,6,15,7,-1,0,4,4,-60,5,0,2,3,1,0,1,1,0,0,1,1,0,1,0
0,45,0,99,0,0,4,0,0,89,4,1,3,0,0,0,0,0,0,1,1,0,1,1,1
-1,12,6,116,7,0,-1,4,0,2,3,1,2,1,2,0,0,1,0,1,0,1,0,1,0
4,-19,4,41,0,0,3,0,2,101,5,0,2,2,1,1,0,1,1,1,1,1,0,0,0
5,97,2,48,-2,7,5,0,0,-50,3,4,1,0,0,0,0,1,0,1,0,0,0,0,1
1,67,2,-57,-5,-1,0,0,0,74,4,4,1,2,2,1,0,1,0,0,0,0,1,0,1
3,64,3,-2,8,7,0,-1,2,-27,1,-1,0,2,1,0,0,1,0,1,1,0,1,1,0
0,93,2,-103,-2,0,4,0,1,41,3,0,1,2,3,1,1,1,0,1,0,0,1,1,0
0,-32,2,198,1,4,4,7,1,34,3,8,2,2,0,0,1,0,1,0,1,1,0,0,1
1,-33,5,103,0,5,6,4,-1,84,3,-3,1,2,3,1,0,1,0,1,0,0,0,0,0
8,12,7,155,-1,5,6,-1,8,66,3,2,2,1,1,1,1,0,1,0,1,0,1,0,0
2,36,0,20,-3,0,3,0,0,89,0,4,0,2,1,0,1,1,0,0,0,1,0,0,1
6,-21,4,23,3,3,3,0,0,27,1,-2,3,0,1,1,1,1,0,0,1,0,0,1,0
-1,67,2,164,8,1,2,0,0,117,0,5,2,1,1,1,0,1,0,0,1,1,1,1,0
1,36,3,69,10,3,3,0,2,108,0,0,1,0,2,0,1,1,1,1,1,0,1,1,1
7,105,4,-122,-2,0,0,0,1,165,4,2,0,1,2,1,1,1,1,1,1,1,1,1,0
0,-10,4,4,4,8,5,3,0,13,3,-1,1,1,1,1,0,0,1,1,0,0,1,1,0
1,-13,-1,34,1,5,3,2,3,-6,0,5,0,3,2,0,1,1,1,1,1,0,1,1,1
1,103,2,143,7,7,0,6,6,9,3,1,0,0,1,0,1,0,0,0,1,0,1,0,1
7,-13,-1,17,8,2,2,0,0,78,0,0,2,3,0,0,0,0,0,1,0,0,1,0,1
2,15,4,173,2,6,3,2,5,22,3,4,1,2,0,0,0,0,1,0,0,0,0,1,0
4,-48,4,-26,8,5,-1,2,3,52,3,2,1,0,0,0,0,1,0,0,1,0,1,0,0
4,115,-1,31,1,3,5,6,6,52,4,-3,0,2,1,0,1,1,1,0,1,1,0,1,0
6,-66,-3,97,10,4,7,0,-2,99,3,0,3,1,3,0,0,1,0,0,1,0,1,1,0
4,0,6,163,0,9,3,2,5,-33,0,1,0,0,2,1,1,0,0,0,0,0,1,0,0
2,66,2,114,-1,-2,-1,0,4,118,5,0,1,2,1,0,0,1,0,1,1,1,1,1,0
2,76,6,1,-4,2,2,1,-1,3,3,-2,2,0,0,0,0,1,0,0,1,1,1,0,1
1,10,7,120,1,0,3,4,4,99,5,1,1,1,0,0,0,1,1,0,1,0,1,0,0
6,12,4,-36,0,0,-1,-1,-2,113,3,4,2,2,0,0,0,0,0,1,1,1,0,1,0
4,93,2,207,6,-1,4,4,0,18,3,4,2,1,1,1,0,0,0,1,0,0,1,1,0
5,-36,7,73,1,8,3,0,5,98,3,-2,2,2,1,1,0,1,0,0,0,0,1,0,0
2,18,2,26,-3,7,0,0,4,18,5,1,2,1,1,1,0,1,1,1,1,0,0,1,0
0,-7,2,13,8,2,2,0,-1,25,0,8,1,0,2,0,1,0,0,1,1,0,0,1,1
4,79,1,218,7,6,0,0,5,40,5,1,0,2,2,0,1,1,0,1,1,0,0,0,1
4,-25,6,-99,0,5,-1,4,7,35,3,7,2,3,0,1,1,0,1,0,1,0,0,1,0
-1,-2,6,166,1,6,5,0,4,34,1,4,0,0,1,0,1,1,0,0,0,0,1,1,1
6,15,-3,-37,-1,4,6,0,5,2,0,0,2,2,1,1,0,0,0,0,0,1,0,1,0
-2,30,-4,-89,5,-2,5,4,2,-41,2,0,0,1,1,1,1,0,0,1,0,1,1,0,0
8,12,8,-95,1,6,0,6,6,24,3,0,2,0,1,0,0,1,0,1,0,0,0,1,0
-1,97,7,-24,6,-1,4,6,6,-13,5,4,0,0,2,0,0,1,1,1,0,0,0,1,1
4,-29,4,97,1,0,4,-2,-3,74,3,0,0,0,2,0,1,0,0,0,1,1,1,1,0
-3,-26,-4,-18,7,3,3,8,0,61,0,5,1,0,0,0,0,1,0,0,0,1,0,0,0
6,70,4,153,1,5,5,4,2,-6,-1,7,2,2,1,1,0,1,0,1,1,0,1,1,0
-2,24,4,-138,5,9,5,4,6,36,1,5,0,2,0,1,1,1,0,0,0,0,0,1,0
4,-43,2,22,6,0,7,4,3,20,4,5,1,0,3,0,0,0,0,0,0,1,0,1,0
6,42,2,109,8,2,3,4,0,88,4,0,3,1,2,0,0,0,1,0,1,0,0,1,1
7,12,6,9,0,4,4,4,1,28,3,-1,3,2,0,1,1,0,0,0,1,1,1,1,1
4,-32,0,24,1,5,1,4,2,6,3,4,0,0,0,1,1,1,0,0,1,0,0,1,0
0,110,7,119,8,10,0,4,1,101,3,2,2,2,3,1,1,1,0,0,0,1,0,0,0
3,4,2,15,-2,8,5,2,1,29,3,1,0,1,0,0,0,1,0,1,1,0,0,0,0
0,39,4,159,8,-2,5,0,1,25,3,4,1,1,2,1,1,0,1,0,0,0,1,1,1
4,81,2,-8,8,2,-1,2,6,120,5,0,0,1,1,1,1,0,1,1,0,1,0,1,1
0,10,2,-133,-1,7,5,0,4,132,3,1,1,0,2,1,1,1,0,0,0,0,0,1,0
5,-36,3,140,7,8,3,3,3,29,0,0,1,0,1,0,0,1,0,0,0,1,0,1,0
6,12,2,-30,0,7,0,0,0,26,5,5,3,1,2,0,0,1,0,0,1,0,0,1,0
0,106,-2,126,0,-1,0,4,3,86,3,-1,2,0,1,0,0,1,1,0,0,0,1,1,0
4,26,2,121,-5,2,3,4,3,-7,3,7,0,3,1,0,1,0,0,1,1,1,0,1,0
5,-85,2,132,1,2,0,0,4,36,3,0,2,3,1,1,0,1,0,0,1,1,1,0,0
0,95,-3,174,1,5,3,4,-2,3,0,6,2,1,1,0,1,0,0,0,1,1,1,0,0
8,113,6,218,7,-3,-2,4,5,0,4,0,3,0,2,0,0,1,0,0,0,1,0,1,1
1,-29,0,29,0,3,3,6,4,63,0,5,2,2,0,0,1,0,0,1,1,0,1,0,0
8,64,4,145,4,5,2,4,6,108,3,0,1,2,0,1,1,1,1,0,0,0,0,1,0
6,12,4,208,5,6,3,4,4,-2,3,1,3,0,1,0,1,1,0,1,0,0,0,1,0
7,-12,6,124,1,4,0,6,0,46,4,1,2,0,2,1,1,1,0,0,0,0,1,0,1
2,93,2,231,5,6,0,4,5,38,0,-2,1,1,1,0,0,1,0,0,1,0,0,0,0
1,95,4,-10,1,0,3,2,0,5,-1,0,1,3,2,0,1,1,0,0,1,0,0,1,0
4,12,0,-43,0,7,2,4,1,83,3,2,0,0,1,1,0,1,1,0,1,0,0,0,0
0,66,5,96,0,4,3,5,0,74,3,0,1,0,3,0,0,0,0,0,0,0,0,1,1
4,24,7,47,-4,0,0,4,3,25,1,6,0,1,0,0,0,1,0,1,1,1,1,0,1
-1,6,2,112,8,9,6,4,5,133,3,1,2,3,2,0,1,1,0,1,1,0,0,1,0
2,18,5,220,5,5,6,5,0,83,0,1,1,2,2,0,0,1,1,0,1,1,1,1,1
2,6,5,182,1,0,4,3,3,30,4,1,0,3,1,1,0,0,0,1,1,0,0,0,0
4,9,4,-15,-4,9,3,5,-3,31,4,5,0,0,2,1,0,0,1,0,0,1,0,0,0
-2,83,2,-5,5,7,0,4,0,-6,1,0,0,0,1,1,1,1,0,0,0,1,0,1,0
1,64,4,-31,1,3,0,2,4,118,3,6,1,2,2,1,0,1,1,0,1,0,1,0,1
-1,18,2,30,-3,6,-1,-1,6,111,4,1,2,1,1,1,1,0,1,0,0,0,0,1,0
0,65,2,-90,8,2,5,0,-1,97,3,4,2,0,0,0,0,0,0,1,1,0,0,1,0
-2,118,-3,38,8,0,4,0,4,131,5,0,1,1,2,1,1,1,1,1,1,0,1,0,0
4,118,4,115,-3,8,0,5,4,32,3,0,0,0,2,1,1,1,1,0,1,1,1,0,0
6,77,3,-39,0,3,-2,0,4,24,0,4,0,1,1,0,0,1,0,1,1,0,0,1,0
4,6,-2,-140,10,-2,3,0,2,-14,4,4,1,2,0,1,0,1,0,1,0,0,0,0,0
6,-10,3,148,7,0,4,0,0,120,4,0,0,3,1,1,0,1,0,1,0,0,0,0,0
2,-72,0,11,1,11,0,6,3,28,4,-1,2,1,1,1,0,0,0,0,0,0,0,0,0
2,12,-2,28,0,0,2,5,-1,115,0,1,0,0,2,0,1,1,0,0,0,0,0,0,1
4,4,4,-55,1,8,0,1,1,42,0,3,2,0,0,0,1,1,1,0,1,0,1,1,0
0,76,4,24,-3,7,0,1,6,33,3,0,0,1,2,1,1,0,0,0,1,0,1,0,1
5,1,0,-64,8,2,2,4,5,3,0,0,2,2,0,1,0,1,0,1,1,1,0,1,1
7,-68,2,-38,1,0,4,-2,2,99,3,1,1,2,1,0,0,1,0,1,0,0,0,1,0
4,72,2,-67,5,4,2,4,4,124,0,5,0,1,2,0,1,1,1,1,0,0,0,1,1
0,12,2,122,1,10,6,5,0,0,3,5,1,1,1,1,1,1,0,0,1,0,0,1,1
5,12,2,26,1,-1,5,-2,1,33,4,0,2,0,2,0,1,1,1,0,1,0,1,0,1
1,12,6,130,1,9,5,0,2,156,0,1,1,0,2,0,1,0,0,0,1,0,1,1,0
8,27,5,86,4,3,3,-2,4,27,3,-1,0,0,0,0,1,1,0,1,1,0,0,1,0
3,81,6,170,6,-1,4,-1,3,-31,1,0,1,2,0,0,0,0,1,1,1,0,1,1,0
2,-27,0,39,0,1,2,4,3,96,3,6,0,2,2,0,1,1,1,0,1,0,0,1,0
2,12,2,10,10,7,4,4,-3,39,3,5,2,1,1,1,0,1,0,0,1,0,1,0,0
5,72,-2,36,1,-1,2,-2,7,115,2,1,1,0,1,0,0,1,0,1,1,1,1,1,0
1,21,4,149,1,-1,4,6,4,30,3,-1,1,0,0,1,0,1,1,0,1,1,0,1,0
6,61,0,128,-2,3,0,4,4,50,0,1,2,0,1,0,0,0,1,0,1,1,0,1,1
0,74,8,175,3,-1,4,5,2,85,4,-2,0,1,0,0,0,0,1,0,1,0,1,0,0
4,24,-1,32,3,5,6,6,3,26,0,4,0,2,0,0,0,0,0,0,1,0,1,1,0
4,95,5,226,10,3,5,-1,2,54,3,3,1,3,1,0,1,1,0,0,1,1,0,0,1
4,-8,7,23,5,3,5,-1,6,19,0,0,2,2,1,0,1,1,1,0,0,0,0,1,0
-2,21,0,-19,-2,3,7,4,0,78,0,2,0,2,2,1,0,0,0,0,1,0,0,1,1
4,64,2,7,0,-1,-2,8,0,-19,3,1,0,1,0,1,0,1,0,1,0,0,1,0,1
4,76,4,-24,1,8,4,2,0,-6,0,0,0,2,2,1,1,1,0,1,1,0,0,0,0
0,-68,-1,-14,5,-4,4,4,3,44,0,0,2,0,1,0,1,0,1,1,0,0,0,1,1
7,-14,2,44,1,0,-2,1,1,33,1,1,1,0,1,0,0,0,1,1,1,0,1,1,0
8,65,-1,-3,8,0,6,0,7,39,5,0,2,2,0,1,1,1,0,0,1,0,0,1,1
0,136,2,-57,1,-2,4,4,3,28,4,4,1,2,1,0,1,1,0,1,1,0,0,0,1
2,-73,5,-53,5,2,2,4,5,-59,0,1,2,2,1,1,0,1,0,1,0,1,1,0,0
-1,102,4,27,1,5,4,4,3,29,3,8,1,2,0,1,0,0,0,0,0,0,0,1,0
4,74,2,12,0,-2,1,1,3,12,0,1,1,2,1,0,0,1,1,1,1,1,0,0,0
2,12,-3,194,5,3,4,1,7,17,0,7,1,2,1,0,0,0,0,1,0,0,0,1,1
4,18,7,22,0,8,4,0,3,-40,3,6,2,0,0,1,0,0,0,1,1,1,0,1,1
-3,24,6,9,7,5,0,6,3,93,3,1,0,0,0,0,0,1,0,1,1,0,0,1,1
4,84,-1,11,1,0,4,2,0,137,4,0,1,2,2,0,0,0,0,0,1,1,0,1,0
1,12,4,-24,-1,3,4,5,1,39,3,2,2,1,2,1,0,1,0,1,0,0,1,1,0
4,-24,9,154,5,8,0,4,4,-3,0,5,1,0,3,0,0,1,0,0,1,0,0,1,0
5,8,0,-15,6,0,4,-1,1,26,3,4,1,2,1,0,0,0,0,0,1,0,0,1,0
4,119,2,-111,5,0,3,5,6,-51,3,4,2,0,1,1,1,0,0,0,1,0,1,0,0
4,-31,-3,-5,6,4,3,7,-2,0,0,6,2,2,2,0,1,1,1,0,0,0,1,0,0
1,-31,6,115,8,2,4,3,4,110,0,5,1,0,0,0,1,1,0,0,0,1,0,0,1
4,10,0,147,5,10,0,4,0,31,3,-2,0,0,2,0,1,1,0,0,0,1,0,0,0
2,-3,4,123,-1,1,3,7,5,137,3,8,2,2,0,1,1,1,0,1,0,0,1,0,1
5,12,-2,-56,8,-1,0,0,4,126,4,4,0,0,1,1,0,1,1,1,0,0,0,0,1
6,9,6,8,-4,-1,6,0,1,-31,3,6,2,3,1,0,0,1,1,0,1,0,0,0,0
4,73,-2,135,7,-3,4,4,5,41,5,6,3,0,2,1,1,1,0,0,0,1,1,0,0
-1,28,0,40,5,7,3,-1,3,-36,3,1,2,0,1,1,0,1,0,1,1,0,0,1,1
1,30,-1,24,1,7,5,-2,0,147,5,0,0,0,1,0,1,0,0,1,0,0,1,1,1
4,12,0,109,1,6,5,4,0,111,3,7,0,0,1,0,0,0,1,0,1,1,1,1,0
7,64,4,14,5,2,0,1,4,23,0,1,0,2,2,0,0,0,1,1,1,0,0,1,0
-2,-9,1,142,-2,6,2,-1,4,59,3,1,0,1,0,0,0,0,0,0,0,1,0,1,1
4,6,-4,13,0,3,3,-2,1,74,4,3,0,0,2,1,0,0,1,0,1,1,0,0,0
1,77,0,-100,4,8,2,-3,0,39,3,0,1,0,2,0,0,1,0,0,1,0,0,1,0
6,18,2,29,0,3,5,1,1,95,0,-1,2,2,0,0,1,1,0,0,1,0,1,1,1
0,104,4,153,0,5,0,0,-2,34,0,4,2,1,0,0,0,0,1,1,1,1,0,0,0
0,-12,-1,7,-1,5,0,3,-1,-2,4,0,1,0,0,1,0,1,1,0,0,1,0,1,0
6,-14,-5,119,-5,3,-1,0,6,74,4,0,1,1,3,0,0,1,0,0,0,0,0,1,0
-3,94,0,100,1,8,4,2,-1,24,-1,5,2,0,1,0,0,1,0,0,0,0,0,0,0
2,113,4,-79,6,3,2,-3,0,74,0,4,0,1,0,0,1,1,0,0,0,0,0,1,0
-2,-67,-1,69,6,3,0,2,5,35,4,0,1,2,0,0,1,1,0,0,1,1,0,1,0
-2,-2,1,-49,-1,5,3,4,3,24,0,4,0,0,2,0,0,0,1,1,0,0,1,0,1
4,62,2,121,5,7,3,3,3,50,0,7,1,0,2,1,0,1,0,0,1,1,0,1,0
-1,-20,0,-54,9,2,5,1,7,9,4,0,2,2,0,0,0,1,0,0,1,0,1,1,1
4,12,-1,-45,1,5,3,0,1,-39,0,3,1,0,2,0,0,0,0,0,1,1,0,0,0
-2,-26,3,36,1,5,2,0,-2,27,3,2,2,0,0,0,1,1,1,0,0,0,1,1,0
4,18,4,171,1,3,2,3,5,1,0,0,1,0,0,0,0,1,0,0,1,0,1,1,0
4,12,8,2,7,0,6,6,4,45,3,4,2,2,3,1,1,1,1,0,1,0,0,1,0
2,90,-2,6,1,-1,4,4,4,-13,3,-2,0,1,2,0,0,0,1,1,0,0,0,1,0
0,-6,4,100,-4,2,5,4,0,-7,-1,2,0,1,1,1,1,0,0,1,1,0,0,0,1
6,13,4,9,1,2,0,7,1,23,0,-2,0,2,2,0,0,1,0,1,1,0,0,1,0
2,1,6,-70,1,5,5,0,3,40,0,6,0,3,2,1,0,1,0,1,1,0,1,0,0
5,117,-3,110,6,10,6,-1,0,108,0,5,2,1,3,1,1,1,0,0,1,0,1,1,0
4,0,5,152,1,-3,5,4,7,35,3,6,0,0,0,0,0,1,0,1,1,1,0,0,0
-1,30,-1,-139,-2,8,0,0,-1,148,0,6,3,1,0,1,0,0,0,0,0,0,0,1,1
5,84,-2,-100,9,7,5,1,1,27,0,0,0,0,3,0,1,0,1,0,0,1,0,1,1
5,-30,5,175,2,0,3,3,0,125,1,1,1,3,1,0,0,0,1,0,1,0,0,0,0
4,-5,0,39,1,0,3,2,0,79,0,1,2,3,2,0,0,1,0,1,1,0,1,1,1
6,-27,4,30,9,6,0,0,1,28,3,2,0,1,0,0,1,0,0,0,0,0,1,0,0
2,124,6,17,-1,7,2,5,-2,7,3,4,0,1,0,1,1,0,0,1,1,0,0,1,0
1,-57,2,17,1,5,3,7,-2,84,0,1,1,0,2,0,1,0,1,1,1,0,0,0,0
0,72,4,14,1,3,4,0,0,136,3,0,1,1,1,0,0,0,0,0,1,0,0,1,0
2,30,3,19,-2,2,3,6,-1,30,0,2,0,0,2,1,1,1,1,1,1,1,0,1,1
0,70,-4,-9,6,3,0,6,3,25,3,0,1,0,2,0,0,1,0,1,0,0,0,1,1
0,85,2,-37,7,-2,0,0,1,23,0,5,0,0,2,0,0,1,0,1,0,1,0,0,1
1,20,4,22,1,9,0,2,0,33,0,-3,0,0,3,0,0,0,1,1,1,1,0,1,1
5,6,3,-131,7,-3,3,1,7,-4,2,2,0,2,1,0,1,1,0,1,0,1,1,0,0
7,-26,4,64,1,5,-1,4,5,44,4,2,2,0,3,0,1,1,0,0,0,0,1,0,0
-1,-45,4,-16,-1,2,1,7,-1,27,0,-2,2,0,2,1,0,1,0,0,0,1,0,1,1
5,6,4,-97,5,-1,4,4,1,-14,3,0,2,2,0,0,1,0,1,0,1,0,0,1,1
3,18,5,-82,1,5,6,1,2,45,0,1,0,1,0,0,0,0,0,1,1,1,1,0,0
0,12,5,-40,-1,4,-1,5,1,111,3,1,0,1,1,0,0,0,0,0,1,0,1,0,0
6,80,4,53,-4,1,0,4,5,-22,0,5,2,2,2,1,0,0,0,0,0,1,0,0,1
-2,12,2,8,0,3,4,2,1,97,3,4,0,1,0,0,1,0,0,1,1,1,0,1,0
1,-46,2,-18,6,-1,0,4,2,45,3,8,2,2,0,1,0,1,0,0,1,0,0,0,1
2,93,5,12,8,6,4,-1,0,103,3,1,0,0,0,0,1,0,0,0,0,0,0,1,1
-1,89,4,143,-1,7,3,0,0,36,3,0,1,2,1,0,0,1,0,1,1,0,0,0,0
0,36,-1,93,1,0,5,1,6,24,0,1,1,2,2,1,0,1,0,1,1,1,1,1,1
0,94,-1,-23,-1,-1,3,6,7,75,-1,4,1,1,1,1,1,0,0,0,1,1,0,1,1
0,-32,1,36,1,4,0,4,0,102,1,0,2,1,1,0,1,1,1,1,0,0,0,0,1
6,9,4,-65,1,4,5,3,6,35,3,7,1,2,0,0,0,1,0,0,0,1,1,1,0
4,0,4,160,-1,5,4,4,2,-39,3,4,0,2,2,0,0,1,1,1,1,0,0,0,0
4,-42,0,-78,-6,-2,3,0,2,124,1,5,0,0,3,0,1,0,0,0,0,0,1,0,0
8,12,7,65,5,1,0,1,4,52,4,0,3,2,0,0,1,1,0,1,0,0,0,1,1
7,18,2,4,-1,0,4,4,1,22,3,0,0,0,1,1,0,0,1,0,0,0,0,1,1
4,-17,6,127,6,0,5,0,0,23,4,4,2,1,2,0,1,1,0,0,0,0,1,1,0
4,-30,2,-35,1,3,3,5,7,93,3,0,0,2,0,1,0,0,1,0,1,0,0,0,0
0,61,2,123,7,5,0,5,0,83,3,1,2,2,0,1,0,1,1,0,1,0,0,1,0
-2,68,3,-73,-4,5,3,1,2,130,0,7,2,2,2,0,0,0,0,0,0,1,0,1,1
0,92,7,116,1,6,3,-1,4,56,4,0,0,2,2,0,0,1,0,1,0,0,1,0,0
-1,60,4,-141,8,5,2,5,6,43,0,2,1,3,2,1,1,1,1,0,1,0,1,0,0
5,0,4,74,5,2,4,0,4,120,4,1,2,0,0,1,0,1,0,1,1,1,0,0,1
-1,72,6,78,8,8,3,4,0,42,4,-1,2,3,0,1,0,1,0,0,1,0,1,0,1
4,15,2,107,4,4,4,8,0,145,-1,5,2,2,0,1,0,0,0,0,0,0,1,0,0
4,-12,2,46,2,6,0,2,0,40,0,1,3,0,1,1,0,1,0,1,0,0,0,0,1
1,-15,7,-43,1,0,3,4,0,-46,4,1,2,0,1,0,1,1,0,1,0,1,1,1,0
4,30,2,-51,7,5,3,0,3,58,3,-1,3,2,2,0,1,1,0,0,1,0,0,0,0
0,18,2,24,-1,2,4,1,4,100,2,5,1,0,1,0,0,1,1,0,1,0,0,1,0
6,65,4,148,6,5,0,2,-1,-10,3,1,1,0,1,1,0,1,0,1,0,0,1,0,0
1,10,-3,10,-1,-1,-2,4,8,49,3,0,0,0,3,1,0,1,1,1,1,1,0,1,0
-1,-61,5,112,-3,7,0,4,4,104,5,0,0,2,0,0,1,0,0,1,0,1,0,1,1
4,36,2,47,7,6,3,4,0,32,0,-3,0,2,2,0,1,1,0,1,0,0,0,0,0
0,24,4,-16,0,4,5,2,5,33,3,2,0,0,0,1,1,0,0,1,1,0,0,1,0
0,18,0,101,10,3,0,0,1,26,0,1,2,2,0,0,0,0,0,1,1,0,1,0,0
3,79,5,13,10,-3,0,0,1,107,3,2,2,1,0,1,1,1,0,1,0,1,0,0,1
2,-6,2,-54,5,4,4,3,3,-43,1,5,0,3,2,0,0,0,1,0,0,1,1,0,1
6,63,5,210,1,4,0,0,-1,44,-1,1,2,1,1,0,1,1,0,0,1,0,0,0,0
0,6,0,134,6,5,3,6,7,36,4,-2,1,0,1,1,1,1,0,0,1,0,1,0,0
4,24,2,9,10,4,3,0,3,106,5,1,2,2,1,1,0,1,1,0,1,1,0,0,0
5,-27,-2,132,-2,-4,3,-1,5,-30,-1,1,1,3,1,0,0,1,0,0,1,1,0,0,0
0,100,2,119,6,2,0,4,0,80,0,4,3,3,2,1,0,1,1,1,1,0,0,0,1
4,-13,5,18,-1,5,6,4,-1,109,4,1,0,0,2,1,1,0,1,1,1,0,1,0,0
4,85,6,-30,1,5,4,4,-2,-15,3,1,1,0,2,1,1,1,1,0,0,0,0,1,0
4,61,2,-100,7,0,-2,4,0,28,3,0,1,1,0,0,1,1,0,0,1,0,0,1,1
1,45,7,18,6,3,0,0,-3,23,0,1,1,3,1,1,0,1,0,1,0,0,0,1,1
4,18,-1,62,1,7,0,5,0,95,5,0,0,2,1,0,0,1,1,1,0,1,0,0,0
4,88,7,194,8,3,5,5,3,27,0,0,2,0,2,0,0,1,1,0,0,1,1,0,0
4,-14,7,-32,-4,0,3,4,4,8,3,4,0,2,1,0,1,1,0,1,1,0,0,1,0
4,-2,-2,79,7,-1,4,2,1,25,2,8,0,2,0,1,0,1,1,0,1,0,1,0,1
-2,-12,5,98,-1,7,6,2,0,132,4,0,0,0,2,0,0,1,0,0,1,0,0,1,0
0,113,0,-46,1,5,3,-2,6,4,3,-1,2,3,1,0,1,0,0,0,0,0,1,1,1
0,36,7,118,-4,-3,0,4,2,26,3,0,2,2,0,0,1,1,0,0,1,1,0,1,1
-2,18,6,227,7,3,2,4,0,24,3,0,2,1,1,0,1,1,1,0,0,1,0,1,1
4,10,-2,13,5,3,3,0,-2,27,3,6,2,1,0,1,0,0,1,1,0,0,0,0,1
1,-5,8,37,5,9,2,7,-1,141,3,5,0,0,1,0,0,0,0,0,0,0,1,1,0
4,-26,5,-20,5,4,3,7,-2,31,2,5,0,0,0,0,1,1,0,1,1,0,1,1,0
4,12,2,-125,9,-1,3,7,6,31,0,0,2,2,2,0,1,1,1,0,1,0,0,0,0
6,21,7,224,-4,5,6,4,1,99,3,4,1,2,0,0,1,1,0,1,1,0,1,1,0
5,103,-2,-14,7,0,-1,-2,4,25,1,0,1,0,0,0,0,0,0,0,1,1,0,1,0
6,24,2,136,1,0,3,4,4,6,3,7,1,1,1,0,0,1,0,1,0,1,0,1,0
4,-31,8,-43,1,6,7,2,3,-30,4,6,2,3,0,0,0,0,0,0,0,0,1,0,0
6,12,2,138,6,8,0,4,5,96,0,5,1,0,1,0,1,1,0,0,0,0,0,0,0
2,24,-2,-104,-1,3,3,2,0,3,1,2,0,2,1,0,0,1,0,0,1,1,0,0,0
7,-63,4,108,-2,3,3,7,1,-32,0,2,0,1,0,1,0,0,0,0,1,0,0,1,0
0,24,2,123,8,8,7,4,0,96,4,5,1,2,0,1,1,0,1,1,1,0,0,0,0
4,18,5,68,5,-2,3,4,4,78,-1,2,0,1,0,0,1,1,0,0,0,1,0,1,1
6,18,0,-31,-1,10,-1,2,5,130,4,1,1,0,1,1,0,1,0,1,0,1,0,1,1
2,12,2,20,6,4,0,4,5,113,3,8,0,2,1,0,0,0,0,1,1,1,1,1,0
5,24,-1,-59,7,6,5,-1,0,17,3,4,2,2,0,1,0,0,1,1,1,1,0,1,1
0,-1,5,-27,5,5,2,4,3,59,5,7,2,0,1,1,1,0,1,1,1,0,0,1,0
4,83,3,45,11,5,2,0,4,34,3,5,1,1,1,1,0,0,0,0,0,0,0,0,0
4,48,4,-10,5,7,0,1,5,-12,3,0,0,2,1,0,0,1,0,0,0,0,1,1,0
4,68,4,-117,8,6,0,-1,1,15,4,7,1,0,1,0,1,0,1,0,1,0,0,1,0
2,24,7,164,0,7,4,4,3,126,3,6,0,2,0,0,0,1,1,0,0,1,0,0,0
0,85,-1,126,5,9,5,0,4,6,0,0,0,2,1,0,0,1,0,1,1,1,1,0,0
4,60,8,8,1,-2,2,0,4,22,3,0,1,1,0,1,1,0,1,1,0,1,1,0,0
1,18,5,10,-1,-1,-1,0,6,-16,4,6,0,0,0,0,1,0,1,1,1,0,1,1,1
4,24,4,184,-3,-1,0,3,0,35,4,0,0,2,0,0,0,1,0,1,1,1,0,1,0
-1,18,3,24,10,6,3,2,4,42,0,4,1,0,1,0,0,1,1,0,1,0,0,0,0
2,-45,4,25,7,0,3,4,4,-5,-1,-1,0,3,2,1,1,0,1,0,0,0,1,1,1
4,12,6,15,8,5,3,0,1,17,0,4,0,1,0,0,0,0,0,0,1,0,0,0,0
0,12,2,-113,8,8,2,6,-1,-54,4,-1,1,0,2,0,0,1,0,1,0,0,1,0,0
2,65,0,13,1,6,0,4,3,15,3,0,1,1,1,0,0,1,0,1,1,0,1,1,0
5,-16,2,27,5,7,4,2,2,41,3,6,0,1,2,0,0,1,0,1,0,0,1,0,1
-2,1,-1,14,5,5,2,0,0,0,3,4,2,2,0,0,0,1,1,1,1,0,0,0,0
5,15,4,-34,7,4,-1,0,1,-45,5,0,1,2,1,1,1,1,0,1,1,0,0,1,0
9,65,-2,-95,4,5,3,0,6,111,0,4,0,0,0,0,0,1,0,1,0,0,0,1,1
4,36,-2,58,6,0,-2,2,2,6,3,6,0,2,1,1,1,0,0,0,1,0,1,0,0
4,85,3,20,5,0,-1,5,3,16,3,6,0,0,1,0,1,1,0,0,0,1,0,1,0
-1,12,0,37,4,-1,3,3,5,103,0,1,2,1,1,1,0,1,0,0,1,1,0,1,0
0,18,7,25,7,5,3,6,0,89,-1,1,2,2,1,1,1,1,0,0,0,0,1,0,1
7,93,5,101,0,0,3,5,6,31,3,0,0,0,2,0,0,0,0,1,1,0,1,1,0
1,62,-1,136,1,3,4,0,5,40,3,1,3,0,0,0,1,0,0,1,1,0,0,0,0
2,-3,-3,103,6,11,5,4,0,37,3,0,3,3,1,1,0,1,0,0,0,1,0,1,0
1,-48,2,-26,1,1,3,0,3,121,0,1,0,2,2,1,0,0,0,1,1,1,1,0,1
4,108,5,116,-1,4,3,5,1,25,-1,4,0,2,0,0,1,1,0,0,1,1,1,1,0
5,81,5,63,5,7,3,4,6,36,0,0,2,1,0,0,1,0,0,0,1,1,1,1,0
4,12,4,-20,7,6,2,5,0,78,0,4,1,1,0,1,0,1,0,1,1,0,0,1,0
8,-33,2,105,5,0,0,0,1,13,5,6,0,2,1,1,1,1,0,1,0,0,0,1,0
4,-5,4,40,0,-2,4,4,5,82,3,2,2,2,1,1,0,1,1,0,0,0,0,0,0
0,71,7,150,5,0,5,4,0,121,0,2,2,0,0,0,0,0,0,0,1,1,0,1,0
0,9,5,194,-1,9,0,2,3,22,3,5,0,2,0,0,0,1,1,0,1,0,1,1,1
1,48,-1,75,-3,4,0,0,4,13,0,0,2,2,2,0,0,1,1,1,0,0,1,1,0
4,-65,4,-3,5,-3,5,0,0,37,3,2,2,2,1,1,0,1,0,0,1,0,0,0,0
2,-7,2,105,-1,7,-1,2,2,-47,3,6,2,2,0,0,1,1,1,0,1,0,0,1,0
0,12,6,-36,1,-2,2,5,5,-24,3,6,3,0,0,0,0,1,0,0,1,1,0,0,1
-2,91,-1,195,0,2,0,4,0,75,3,1,0,0,2,0,0,1,0,0,1,0,0,1,1
4,18,2,32,9,2,4,6,5,-41,3,4,2,0,1,0,0,1,0,1,0,1,0,1,0
-3,30,-2,-9,-1,4,-1,4,6,74,-2,2,0,1,1,1,1,0,0,1,1,0,0,1,0
4,-10,-2,2,0,5,3,4,1,-4,0,7,2,0,0,1,0,1,1,0,1,1,1,1,0
6,18,7,14,-1,4,0,4,3,78,1,1,2,1,0,0,0,1,0,1,1,1,1,0,0
1,-5,0,136,5,0,3,4,6,99,-1,1,0,2,1,0,1,1,0,0,0,1,1,1,0
6,12,4,210,5,-1,3,-2,0,35,3,0,1,1,0,1,1,1,0,0,1,0,0,1,0
1,21,1,16,5,3,3,2,2,40,0,4,2,0,0,1,0,1,0,0,0,1,1,1,1
0,6,4,154,1,-2,2,5,5,18,-2,-1,0,2,1,0,1,1,1,0,1,1,1,1,0
1,15,6,10,8,5,-2,0,3,33,5,6,2,2,2,1,1,0,0,0,1,0,0,1,1
4,76,4,-150,10,6,3,7,-3,74,-1,6,1,2,2,1,0,1,0,0,0,0,1,0,0
-1,-37,4,-6,10,4,4,3,0,-30,3,4,2,0,0,0,1,1,1,1,0,1,0,0,0
2,7,2,130,6,3,4,6,1,-24,3,6,1,0,0,0,0,0,1,0,1,1,0,0,0
0,12,1,193,1,5,4,4,3,96,4,1,1,3,1,0,1,1,1,0,1,1,1,1,0
4,24,-1,-71,6,0,-1,0,0,135,0,2,1,2,1,1,1,1,1,0,1,0,1,1,0
1,64,2,-23,-2,6,3,4,1,-29,3,-1,2,2,2,1,1,1,0,1,0,0,1,1,0
-1,24,-2,26,1,10,4,4,4,80,3,0,1,3,3,0,0,0,0,0,1,1,1,1,0
5,12,0,30,7,2,4,1,-1,115,0,1,2,1,2,0,0,1,0,1,0,1,0,0,0
6,-3,3,151,5,3,6,4,3,36,2,0,3,2,0,1,0,0,0,0,1,1,0,1,0
7,36,-2,207,1,-1,4,2,7,1,3,7,0,3,1,0,0,1,0,0,0,0,0,1,0
0,36,0,91,5,-2,-2,8,4,94,3,0,2,3,0,0,1,0,1,0,0,1,0,1,0
1,138,5,7,12,3,3,5,0,-24,5,-2,0,2,2,1,0,1,0,1,0,0,1,0,1
8,8,-1,-67,1,3,0,2,0,17,3,1,2,0,2,0,0,0,0,0,1,0,1,1,0
1,-25,4,12,-1,6,0,0,-3,153,3,2,1,0,1,0,0,1,0,0,1,0,1,1,0
1,-12,2,13,2,-1,2,0,0,120,0,8,2,0,0,0,0,0,0,0,1,0,1,0,1
0,-23,2,12,7,-4,4,6,0,23,3,0,3,0,1,1,1,1,0,0,0,0,0,1,0
6,95,-3,25,1,2,0,1,2,32,4,1,2,2,1,0,1,1,0,1,1,0,0,0,0
1,-17,5,53,8,5,5,0,4,109,4,0,0,0,0,1,0,0,0,0,0,0,1,1,0
0,-4,3,15,1,3,0,0,1,33,4,0,0,0,0,0,0,1,0,0,0,0,0,1,0
5,96,-4,11,-3,9,0,4,4,32,3,2,2,2,1,0,0,0,1,1,1,0,0,1,1
7,-68,6,135,0,-4,4,6,4,29,0,4,3,0,1,1,0,1,0,1,1,0,0,1,0
4,-18,-3,16,1,7,5,6,4,-38,3,-1,0,3,1,0,0,1,0,0,0,0,0,1,0
-2,-38,2,29,-2,5,0,7,5,51,3,4,1,1,3,0,0,1,1,0,0,1,0,1,0
4,106,4,57,11,0,2,4,0,24,3,6,1,0,0,1,0,1,0,0,1,0,0,1,0
-1,90,-1,163,1,3,4,4,-1,53,4,-1,2,2,0,1,1,1,0,0,0,0,1,1,1
4,12,1,34,5,0,0,4,1,35,0,-1,2,1,1,0,1,1,1,1,0,0,1,0,0
4,11,2,21,8,9,0,7,1,19,4,5,1,2,0,0,1,1,0,0,0,0,1,1,0
2,150,2,5,-2,3,-1,3,-2,81,4,5,1,1,1,1,0,1,1,0,1,1,0,1,0
1,12,4,-122,-2,3,3,4,-1,81,4,0,1,0,0,1,1,1,0,0,1,0,0,0,0
4,4,4,174,-5,6,3,4,-2,-31,0,0,2,1,2,0,0,1,1,0,0,0,0,0,0
-1,81,4,-42,-1,3,4,4,2,-21,0,-2,1,0,0,0,0,0,0,0,1,0,0,0,1
4,-10,7,19,-3,3,0,4,-1,38,3,5,0,2,2,1,0,1,1,1,1,0,1,1,0
5,-34,4,-36,-1,-2,0,5,0,19,4,4,0,1,1,0,1,0,0,0,0,0,0,1,0
4,24,-2,134,4,5,0,4,6,-71,0,4,3,2,0,1,1,1,0,0,1,0,0,1,0
4,93,7,38,5,5,0,6,4,130,3,0,1,0,1,1,0,0,1,0,0,0,1,1,0
4,72,1,-16,1,5,4,4,3,0,3,1,1,3,1,0,0,0,0,0,1,0,0,0,0
2,-37,4,96,-1,0,4,1,7,125,3,4,0,2,2,0,0,1,0,1,0,0,0,0,0
4,-4,6,27,-5,5,3,4,5,-26,3,5,0,1,2,0,1,1,1,0,1,0,0,0,0
7,12,-1,48,1,7,3,-1,0,-3,4,5,1,2,0,0,1,0,1,1,0,1,0,0,1
2,12,-4,-39,1,5,4,3,4,19,3,0,2,3,1,0,0,1,1,0,0,0,1,0,0
1,6,5,3,7,5,2,5,-1,160,0,0,0,2,1,0,1,1,0,1,1,1,0,0,0
4,65,4,98,1,4,4,0,1,-52,4,5,2,1,2,0,0,1,0,1,1,0,1,1,0
4,74,-2,121,5,-4,5,0,0,107,0,1,2,0,1,1,0,1,0,1,1,1,0,1,0
1,80,0,-31,8,3,-1,2,0,117,4,7,0,0,1,0,0,1,0,1,0,1,1,0,1
0,61,2,241,-1,6,-1,0,0,89,2,1,0,2,1,0,0,1,1,0,1,1,0,0,1
4,-67,5,-38,7,6,3,4,5,17,0,0,0,2,1,1,0,0,0,0,0,0,1,0,0
1,-62,2,-72,3,-1,0,5,2,19,4,8,0,2,1,0,1,0,1,0,0,1,0,1,0
4,12,4,-91,1,-3,5,4,0,47,1,5,0,2,1,1,1,1,0,0,0,0,0,0,0
4,-65,-2,38,4,3,5,0,7,114,3,5,2,2,1,0,1,1,0,1,0,0,0,1,0
5,126,-4,157,5,1,2,0,1,54,3,-2,3,2,3,0,1,1,1,1,0,0,1,0,0
0,75,-2,-53,0,4,5,3,4,26,5,0,1,0,1,0,0,1,0,0,1,1,0,1,0
1,-13,8,62,6,2,4,4,4,23,4,2,2,0,2,1,1,0,0,0,0,0,1,0,1
0,-4,4,20,5,7,6,4,0,22,-2,5,1,2,2,0,0,0,0,0,1,0,0,0,1
4,91,-3,142,6,3,3,4,5,6,3,0,2,2,2,0,0,1,0,0,1,0,0,1,0
4,-22,-1,78,0,2,3,4,1,91,4,2,2,3,3,0,0,0,1,1,1,1,0,0,0
4,137,-1,-33,5,-4,0,5,4,92,4,1,1,1,2,0,0,1,0,1,1,1,0,0,0
-1,111,6,8,5,5,0,4,4,129,-1,-1,2,0,0,0,1,0,0,1,1,0,0,1,0
-3,18,7,-27,9,7,7,2,0,28,4,2,3,0,0,1,0,1,0,1,0,0,0,0,0
6,-42,4,197,5,0,0,4,0,14,3,5,0,0,1,0,0,1,0,0,1,1,0,1,0
4,12,4,13,5,7,5,-1,0,77,3,1,0,0,0,0,1,1,1,1,0,0,1,0,0
5,18,8,12,1,6,2,0,0,55,3,0,2,1,1,0,0,1,0,0,0,1,0,1,1
7,-50,4,105,1,4,-2,-1,2,129,3,-1,1,1,1,0,0,1,0,0,1,0,0,1,1
1,12,-3,11,-2,-1,3,3,1,28,3,7,1,1,0,0,0,0,1,1,1,0,1,1,1
0,24,-4,19,0,7,4,4,4,85,3,1,2,2,2,0,0,1,0,1,0,0,1,0,0
4,-45,4,11,4,6,5,0,-2,10,3,0,3,0,1,0,0,1,0,1,1,0,0,1,0
-1,-72,-1,36,-1,3,4,1,7,23,3,0,0,1,0,0,0,1,1,0,1,0,1,1,0
0,-45,5,108,6,7,4,3,-1,23,3,0,1,3,0,1,0,1,0,0,1,1,1,1,1
1,144,-3,32,-2,3,4,2,-1,74,3,-1,1,2,2,1,0,1,0,1,1,1,0,0,1
-2,6,2,26,6,7,0,3,4,44,0,6,2,3,1,1,0,1,0,0,0,1,1,1,0
2,24,4,42,0,3,6,0,1,36,0,5,1,2,2,0,0,1,1,0,1,0,1,0,1
4,24,2,197,0,-1,0,-1,-1,146,3,4,0,1,0,0,0,0,0,0,0,1,0,1,0
4,12,5,162,1,-2,6,4,0,36,3,1,2,3,2,0,0,1,0,1,0,0,1,0,0
4,6,6,15,0,0,1,0,-3,90,3,5,1,0,0,0,0,0,0,0,1,0,0,1,0
-1,67,5,167,5,5,0,4,0,23,3,1,2,2,2,0,1,1,0,0,1,0,1,0,1
4,96,-1,180,3,-1,4,0,0,29,0,0,2,0,2,0,0,1,0,0,0,1,0,0,1
-2,12,-4,-45,-2,5,-1,-2,0,60,4,6,1,0,0,0,0,1,0,1,1,0,1,1,1
6,99,1,6,9,-4,2,-1,5,24,3,1,1,2,1,1,0,1,1,0,1,1,1,1,1
-3,21,3,16,-3,4,0,0,1,34,3,0,1,2,0,0,0,1,0,0,1,1,0,0,0
1,36,-1,-26,7,8,2,0,3,14,3,5,1,2,1,0,0,0,0,0,1,0,0,0,1
0,54,0,176,5,3,5,0,7,39,3,1,2,1,2,1,0,0,0,1,1,0,0,0,0
4,-18,2,14,5,4,0,6,5,27,0,2,0,2,2,0,1,0,1,0,1,0,0,1,0
0,99,5,48,6,7,5,0,4,30,3,-2,0,0,2,0,0,1,0,0,0,0,0,1,0
7,70,2,-47,1,5,5,4,0,149,3,-1,0,1,1,1,0,1,1,1,0,1,0,0,0
4,30,0,-66,1,-2,2,5,0,74,3,5,0,1,1,1,0,1,0,1,0,0,0,0,0
-1,9,8,7,9,0,3,4,0,83,3,0,1,1,3,1,1,1,0,1,1,1,1,0,1
-1,24,-2,40,1,7,5,0,0,25,0,5,2,0,2,0,0,1,0,0,0,1,1,1,0
8,-49,2,13,3,6,-1,0,1,62,3,7,2,1,1,0,0,1,0,0,1,1,1,1,0
-1,105,2,39,1,-1,3,1,-1,37,3,0,2,0,0,0,1,0,0,0,1,0,1,1,0
4,66,-1,22,-4,6,0,2,1,108,3,0,0,1,1,1,0,0,0,1,0,0,0,1,0
2,-29,2,146,9,2,5,5,0,29,0,1,3,2,0,0,0,1,0,0,0,0,0,1,0
0,110,2,145,7,6,5,5,2,20,3,5,1,0,2,0,1,1,0,0,1,0,0,1,1
-4,-12,4,-130,1,3,0,6,1,25,-1,-1,0,0,1,0,0,0,0,1,1,1,1,0,0
-1,2,0,110,1,2,0,0,2,10,3,2,1,1,0,0,1,1,0,1,1,1,1,1,0
2,104,4,12,1,-1,7,7,2,91,3,6,0,0,1,1,1,1,0,1,0,0,1,0,0
1,18,2,27,-2,6,5,5,3,28,3,4,2,0,0,0,1,1,0,1,1,0,0,1,0
6,69,5,-22,-3,7,2,0,6,24,0,-2,1,2,3,1,0,1,1,1,0,1,0,0,1
4,18,3,18,1,4,2,0,1,-62,3,4,1,3,0,1,1,1,1,1,1,0,0,0,1
2,64,4,52,-1,7,4,4,3,121,3,2,1,0,0,0,0,1,0,1,0,0,0,0,1
2,72,0,-24,5,9,0,3,-1,66,3,7,1,3,1,0,0,0,1,0,1,0,0,0,1
2,12,6,-13,7,2,2,6,2,25,3,6,2,0,2,0,0,0,0,1,1,0,1,0,1
2,-25,-1,40,0,0,-1,0,-1,108,3,5,1,0,3,0,0,1,1,1,0,0,1,1,0
4,18,3,-71,-2,-1,4,-2,-1,34,0,0,1,0,1,0,1,0,0,0,1,0,0,1,0
0,-44,1,12,1,7,-1,4,4,-26,3,7,1,1,0,0,0,1,1,1,0,1,0,1,1
2,36,3,45,1,8,5,6,-3,-43,4,4,0,2,0,0,0,1,0,1,1,0,1,0,1
4,95,4,141,5,4,5,2,3,120,4,4,1,1,1,0,1,1,0,1,0,1,0,1,0
7,9,-2,117,0,0,0,4,2,22,3,6,2,0,1,1,0,1,1,1,0,0,1,1,1
-2,12,4,-49,-2,3,2,6,1,116,3,7,1,2,2,0,0,0,1,1,1,1,0,1,0
2,12,7,-81,-1,4,5,2,0,32,3,0,2,3,2,1,1,1,0,1,1,0,0,1,0
-3,107,2,9,5,3,0,2,3,21,0,0,0,2,2,0,0,1,0,0,1,0,0,1,0
4,36,0,184,0,3,0,0,5,115,0,5,1,2,0,0,0,1,0,0,1,0,0,0,1
5,12,2,-35,10,0,5,-3,0,-8,-1,4,0,2,1,0,0,1,0,0,1,0,0,0,0
4,24,2,134,8,2,0,1,5,-1,4,0,0,2,2,0,1,1,0,1,1,0,1,0,0
-1,107,4,12,-3,1,4,4,-2,4,3,1,1,2,0,1,1,0,1,0,1,1,0,0,1
0,107,2,28,-2,5,3,2,1,118,3,1,2,1,2,1,1,0,1,0,1,0,0,0,0
-2,33,3,-26,1,8,4,2,3,87,6,0,2,0,1,0,0,1,0,0,1,0,0,1,0
2,9,-1,14,7,5,0,3,0,29,5,0,1,3,0,1,0,1,0,0,1,0,0,1,1
4,100,-1,21,-3,4,4,-1,5,100,4,1,1,0,1,1,1,1,1,0,1,0,1,1,0
1,-43,-1,14,5,7,0,0,4,115,3,-1,2,3,2,0,0,1,0,0,1,0,1,0,1
5,-46,5,23,-1,8,2,0,2,22,4,1,0,1,0,1,0,0,0,0,0,1,0,1,0
4,12,4,6,0,5,3,0,1,-42,3,5,0,0,1,1,0,0,0,1,0,0,0,1,0
2,60,5,9,1,3,2,-1,0,76,3,7,1,1,3,1,1,1,1,0,1,0,0,1,1
6,64,4,-44,1,-1,3,4,1,2,0,4,0,1,2,1,0,1,0,0,0,0,1,0,0
7,18,-1,-13,5,2,4,-1,1,136,3,1,1,2,2,0,0,0,0,0,0,0,1,1,0
2,0,0,193,0,-4,0,-1,0,101,4,1,1,1,0,1,0,0,0,0,0,0,0,1,1
7,-7,2,31,7,-1,1,4,1,61,3,0,1,2,0,0,0,0,0,1,1,1,1,1,0
0,101,-1,-12,4,4,2,3,3,6,0,5,2,0,1,1,0,1,1,1,0,0,0,1,0
7,-9,7,102,7,-2,0,-1,3,11,2,2,2,1,1,1,1,1,0,0,1,0,0,0,1
4,-47,4,132,1,-2,5,4,5,-39,0,-1,2,2,0,0,0,1,0,0,0,1,1,0,0
1,61,-1,-47,-1,-2,-2,4,4,104,4,-1,2,2,1,1,1,1,0,0,1,0,0,0,0
-1,12,5,14,6,7,2,2,7,26,3,0,3,3,0,0,0,1,1,1,1,0,0,1,1
4,24,-1,99,0,0,3,2,-2,25,3,4,1,1,2,1,0,0,0,0,1,1,1,0,0
5,-9,-1,136,1,-1,4,-1,2,88,0,1,2,2,1,0,0,1,0,0,1,0,1,0,0
3,-4,5,52,1,9,0,2,6,-10,0,0,2,1,0,0,0,1,0,1,0,0,0,0,0
1,12,2,127,0,3,4,3,1,114,3,-1,0,1,0,0,1,1,0,1,1,1,0,1,0
0,-26,5,10,1,-1,0,0,5,-17,5,6,3,0,1,0,0,1,0,1,1,0,1,0,0
6,-19,-2,161,0,1,5,5,3,-28,0,1,2,0,2,0,0,1,1,0,1,1,0,0,1
3,10,-2,-57,9,5,6,0,5,8,3,0,1,2,1,1,0,1,0,0,1,0,0,1,0
4,-10,7,19,-5,-4,4,2,0,-35,3,4,0,0,0,0,0,1,0,0,1,0,0,0,0
0,60,6,118,-3,10,3,4,6,4,3,2,0,0,0,1,0,0,0,0,0,0,0,1,1
-1,2,-3,-42,9,-4,4,2,4,74,3,2,1,0,0,0,1,1,1,0,0,1,1,1,0
-2,-1,7,86,9,-4,4,2,7,45,4,8,3,0,2,0,1,0,0,0,1,1,0,0,0
-1,15,5,-37,7,3,0,2,4,28,3,4,0,2,3,0,0,0,0,0,0,1,1,0,0
6,-58,0,106,9,5,1,4,0,80,3,0,0,2,1,0,1,1,0,0,1,0,0,1,0
2,81,5,194,5,-1,4,6,5,25,0,1,2,3,2,1,1,1,0,1,1,0,0,0,0
5,-36,6,20,7,5,4,-2,-1,112,4,5,1,0,0,0,0,0,1,1,0,1,0,1,0
5,36,2,42,1,9,-1,2,3,26,3,-2,2,0,0,1,0,0,0,1,1,1,0,1,1
6,78,7,23,-5,2,0,3,3,28,4,4,1,0,1,1,1,1,0,0,0,0,0,1,1
0,15,4,116,5,10,0,4,0,160,0,0,1,2,1,0,0,1,0,1,1,0,0,1,1
4,18,7,21,6,2,0,1,7,88,-1,0,0,0,1,1,0,1,0,0,1,1,1,0,0
4,10,4,21,10,6,0,5,0,125,0,2,2,1,0,0,0,0,0,0,0,0,1,1,0
0,102,2,147,5,8,3,4,-2,39,0,4,0,0,2,0,0,1,0,0,1,1,0,0,0
4,24,2,210,-2,5,-1,0,-1,-17,1,0,2,2,0,0,1,0,0,0,0,0,1,1,1
6,24,2,51,-1,5,0,-1,0,94,3,7,2,0,0,0,0,0,0,1,1,0,0,1,0
0,131,4,-44,0,4,3,6,0,8,0,8,1,2,0,1,0,1,1,0,1,0,0,0,0
0,10,-3,16,8,3,0,6,4,40,4,1,2,2,2,0,1,0,0,1,1,0,1,0,0
1,21,2,135,5,4,2,4,3,3,5,5,1,0,0,0,1,1,0,0,0,0,1,1,0
4,-27,4,-26,0,4,3,3,-1,84,3,6,2,1,2,0,0,0,1,0,0,1,1,1,0
4,73,6,-100,-5,2,0,4,4,44,3,2,1,2,1,1,0,1,0,0,1,0,0,1,0
-1,9,7,-36,1,9,0,6,0,96,3,-3,0,3,2,0,0,0,1,0,1,0,1,0,0
0,102,0,13,5,9,-2,4,1,-61,3,0,2,1,0,0,0,1,0,1,0,0,0,0,0
-1,-6,5,42,7,3,5,3,2,35,0,2,1,1,1,0,0,1,1,0,0,0,0,1,0
0,36,3,77,0,0,-1,0,0,40,3,6,0,0,0,0,1,1,1,0,1,0,0,1,0
0,62,2,18,8,8,6,0,0,11,3,4,2,2,2,0,0,1,1,1,1,0,0,1,0
4,30,4,31,-1,8,3,6,4,77,4,2,0,2,1,0,1,0,0,0,1,0,0,0,0
0,30,0,127,1,7,6,0,5,91,3,-1,2,1,2,1,1,0,1,0,1,0,0,1,0
5,114,4,78,6,4,3,6,4,38,5,5,1,2,2,0,0,1,1,1,1,1,1,0,0
1,-10,2,-45,1,8,7,6,0,1,3,0,1,3,3,1,0,1,0,1,0,0,0,1,1
-2,36,0,130,5,5,5,-3,5,123,3,0,2,0,0,0,1,1,0,0,1,0,0,1,1
0,12,5,19,1,5,3,4,1,125,3,4,0,2,2,0,1,1,0,0,0,0,0,1,0
2,9,9,51,10,6,2,4,-1,105,0,1,0,2,1,1,0,0,1,0,1,0,0,1,1
5,12,2,12,8,3,4,6,7,-26,0,-2,2,0,1,0,0,1,0,1,0,0,1,1,0
2,12,6,96,5,-3,3,6,6,96,3,0,2,2,1,0,1,1,0,0,0,1,1,0,0
5,-3,2,12,1,2,5,0,1,23,4,0,3,0,1,1,0,0,0,0,1,0,1,0,1
2,-34,2,-21,9,7,4,1,-2,-8,3,1,1,1,1,1,0,1,1,1,1,0,0,1,0
-1,-16,5,192,2,1,0,-1,5,0,3,1,0,2,1,0,0,1,1,0,0,1,1,1,0
0,68,4,22,0,5,2,0,4,109,1,0,1,1,3,1,0,1,0,0,1,1,0,1,0
-2,-43,2,-6,-1,4,2,0,1,33,1,7,0,1,1,0,0,1,0,0,1,0,0,0,0
0,6,2,-18,3,0,3,0,-1,101,5,0,0,2,3,0,0,1,0,0,1,0,1,1,0
2,-17,-2,-35,5,3,6,0,1,22,0,1,2,2,1,0,0,1,0,0,0,0,0,0,1
5,98,6,16,9,6,0,-1,3,95,-1,1,1,1,0,0,1,0,0,0,1,0,1,1,0
7,0,4,-55,9,5,5,-1,1,81,4,5,2,2,2,1,0,1,0,0,1,1,0,0,0
0,-7,4,-12,7,5,4,0,4,-2,3,6,2,2,2,0,1,0,0,0,1,1,0,1,0
5,6,5,37,7,-4,3,3,4,37,3,4,2,1,0,1,0,1,0,1,0,0,0,0,0
1,62,5,7,-2,7,3,3,0,112,4,4,0,1,0,1,1,1,0,0,0,0,0,1,1
6,11,-1,103,4,9,0,6,1,20,4,0,0,0,1,0,1,1,1,0,1,0,0,0,0
2,-7,-1,-60,1,0,4,5,1,25,3,4,1,1,0,0,0,0,0,1,1,0,1,0,0
4,48,3,62,7,6,7,6,-1,-7,3,1,1,0,3,0,0,1,0,1,1,1,0,1,1
6,146,2,136,5,7,4,2,2,28,0,1,0,1,1,0,0,1,1,0,1,1,0,0,0
5,-15,2,149,-3,0,3,4,6,5,1,4,2,2,0,1,1,1,0,1,0,0,1,0,0
6,24,-1,-57,1,2,4,5,5,28,3,0,2,0,0,0,1,0,0,0,1,1,1,1,0
4,-22,2,202,2,-3,4,7,3,22,3,8,1,2,2,0,0,1,0,0,0,0,0,0,1
6,114,2,59,2,6,3,0,-2,104,-1,0,1,2,0,0,1,0,0,0,1,0,0,0,0
1,-22,6,149,1,6,0,1,-2,87,3,1,1,1,2,1,0,1,0,0,0,0,0,0,0
6,18,2,21,1,3,3,2,0,86,2,7,0,2,0,0,0,1,1,0,1,0,0,0,1
0,10,-1,22,8,2,6,3,-3,48,5,0,0,2,2,1,0,0,0,1,0,0,0,0,0
5,0,2,18,6,0,2,5,5,58,3,1,1,0,3,1,0,1,1,0,0,1,1,0,0
0,36,-1,71,6,2,-1,0,2,23,3,0,1,0,0,0,1,0,0,1,0,0,0,1,1
0,60,6,183,9,5,4,0,5,40,3,1,0,0,1,0,1,1,0,0,0,1,0,0,0
1,-4,4,-2,1,1,0,4,4,75,5,5,1,0,0,1,1,1,0,1,0,1,0,1,0
4,0,2,123,5,-1,4,3,0,26,0,0,1,1,1,0,1,1,0,0,1,1,0,0,0
5,12,4,18,2,8,4,-1,0,86,3,1,2,1,1,0,0,0,0,1,1,0,0,1,0
-3,24,-1,-138,6,3,0,2,1,-28,0,4,1,2,0,1,0,1,0,0,1,0,0,1,0
6,89,8,29,2,-3,3,7,1,137,0,0,2,2,1,1,0,1,1,0,0,0,1,0,0
1,102,0,40,1,0,-1,6,3,-12,2,0,0,0,0,0,1,1,0,0,1,1,0,1,0
-1,0,-1,-42,9,4,5,4,-1,-5,3,5,0,2,2,1,1,1,0,0,1,1,0,1,0
-1,15,2,-1,5,0,0,4,6,-29,1,6,3,1,0,0,1,0,0,0,0,0,1,1,0
0,-76,4,175,0,7,1,6,0,6,-1,0,2,0,0,0,1,1,1,0,0,1,0,1,0
2,27,5,196,6,5,2,0,5,42,3,0,1,0,1,1,0,1,0,0,1,1,0,1,1
8,73,2,106,1,3,2,-2,1,26,3,6,2,1,2,0,1,1,1,0,0,1,0,1,0
0,12,4,117,9,2,4,6,0,-13,3,2,2,1,0,1,0,0,0,1,0,1,1,0,0
-2,105,6,116,0,6,7,4,-1,105,0,1,1,0,0,0,0,1,0,0,1,0,1,1,0
1,6,2,97,0,5,4,4,0,86,3,5,1,2,0,1,1,1,1,1,1,0,0,1,0
1,119,2,-35,-1,2,5,5,3,29,4,-1,1,0,0,0,0,1,1,0,1,1,0,0,0
-3,-13,5,14,10,3,5,-1,0,40,0,1,3,0,0,1,1,1,1,0,0,0,1,1,0
4,-23,1,77,-1,4,5,6,3,95,3,1,0,0,2,0,0,1,0,1,1,0,0,0,1
-4,-3,-2,15,1,7,7,1,-2,43,0,1,3,0,0,0,0,0,1,0,1,1,1,0,1
-1,36,4,133,4,5,3,7,8,38,5,0,3,2,1,0,1,0,0,1,1,0,0,0,0
4,15,5,156,1,5,4,-3,-1,0,4,2,3,3,0,0,0,1,0,0,1,1,1,1,0
4,6,5,114,1,6,5,7,0,28,3,1,1,0,1,0,0,0,0,1,0,1,0,1,0
4,72,0,-35,5,5,5,4,0,11,3,2,1,2,1,1,1,1,0,1,1,1,0,0,0
4,118,4,-66,9,3,0,-1,0,132,3,1,1,2,2,0,0,1,0,1,0,0,0,1,0
5,91,6,198,1,1,5,2,0,-38,0,5,2,2,0,0,1,0,1,0,1,0,0,1,0
8,-12,4,-35,7,3,2,2,3,93,3,0,1,1,2,0,0,0,1,0,1,1,1,0,0
7,-75,0,136,-1,7,0,4,0,41,3,0,2,0,3,0,0,1,0,0,1,0,0,1,0
5,-2,5,-52,1,-1,2,4,4,-2,0,1,0,2,3,0,0,0,0,0,1,1,1,1,1
-2,15,-2,-21,5,-4,3,2,3,6,5,0,2,3,1,0,1,1,0,0,1,0,1,1,0
4,36,2,-50,5,5,0,4,4,-1,3,0,2,2,1,0,0,1,0,1,0,0,0,1,1
0,15,4,238,-4,-4,6,6,0,25,4,1,2,2,1,1,0,0,1,1,0,0,1,0,1
4,101,-2,176,3,5,-1,5,2,117,3,5,1,2,2,1,1,1,0,1,1,0,0,0,0
2,94,-1,149,0,6,2,0,7,-13,0,4,0,3,0,1,0,0,0,1,1,1,1,0,0
4,-46,-2,-42,-2,-1,4,0,-2,30,3,2,0,0,2,1,0,1,0,0,1,0,0,0,0
6,-33,2,29,1,8,3,1,4,9,3,4,1,0,1,0,0,0,0,0,0,1,1,0,0
4,2,5,124,1,4,-1,5,0,12,3,3,2,0,0,1,1,1,0,1,1,0,1,1,0
0,65,4,163,5,5,4,5,2,114,3,2,1,2,0,0,1,1,0,1,1,0,0,1,0
7,90,4,-44,0,0,2,4,2,23,6,2,0,2,1,0,1,1,0,1,0,1,0,0,0
0,-40,6,12,1,3,2,0,4,85,3,1,2,0,1,1,0,0,0,0,1,0,0,1,1
5,12,2,12,7,6,2,2,6,24,4,5,2,0,1,0,0,1,0,0,1,0,1,0,1
0,6,1,151,8,2,0,6,5,10,-1,0,2,1,0,0,1,0,1,1,0,1,0,0,1
-3,-13,6,-50,10,9,-2,1,6,114,0,1,3,0,0,1,0,0,0,1,0,0,1,1,0
2,12,4,24,0,4,-1,-1,0,7,0,0,1,2,1,1,0,1,0,0,0,0,0,0,0
4,124,5,37,0,-2,3,3,6,27,3,0,0,2,0,0,0,1,1,1,1,1,0,1,0
4,-17,0,55,6,0,0,1,3,103,2,0,0,3,2,0,0,1,0,0,1,1,0,1,0
0,10,2,14,1,5,2,0,0,4,5,0,1,2,2,1,0,1,1,0,1,0,0,1,0
4,-34,4,-25,-1,-1,-2,6,6,65,5,-2,0,1,0,0,0,1,1,0,1,1,0,1,0
1,73,4,125,-1,-2,1,2,1,-30,-1,0,0,1,0,0,0,1,1,0,0,1,0,0,0
5,-14,-3,26,7,5,2,5,4,-39,0,0,1,2,0,0,0,0,1,1,0,1,0,1,0
6,72,-1,120,1,-1,0,4,0,1,-1,0,1,0,0,1,0,1,0,0,1,0,1,0,1
6,108,4,-45,-3,10,3,-1,0,47,3,2,0,1,2,1,1,1,1,0,0,1,1,1,0
-1,90,2,20,1,5,3,4,0,95,0,-2,2,2,2,1,0,1,0,0,1,0,1,1,0
6,12,5,152,0,1,6,4,4,86,0,4,2,0,1,0,1,0,0,0,0,0,1,1,0
0,81,3,13,1,0,-1,2,0,43,4,-3,3,0,2,1,1,1,0,0,1,0,0,0,0
4,-2,-3,121,5,6,0,4,-2,29,4,7,1,2,0,0,0,0,0,0,1,0,0,1,0
2,70,4,-26,-3,5,0,4,5,28,3,4,1,0,1,0,0,1,0,1,0,0,0,1,0
6,12,4,160,1,7,3,0,1,110,3,-2,0,0,2,0,0,0,0,0,1,1,0,1,0
1,80,6,-12,0,3,5,0,5,9,0,0,1,2,1,0,0,0,0,0,0,1,0,1,1
2,18,-2,74,0,6,3,4,0,40,4,0,1,2,1,0,0,0,0,0,1,0,1,0,0
6,36,4,130,-1,0,5,2,2,-5,3,-1,2,0,1,0,0,0,1,0,0,0,1,0,0
6,60,6,63,1,9,0,4,5,42,-1,7,1,3,1,0,0,0,1,0,0,0,0,1,1
1,-20,0,31,0,4,3,0,2,88,0,4,3,2,1,0,1,1,0,0,1,0,1,1,0
0,12,2,198,6,3,4,6,0,22,3,5,0,0,1,0,0,1,0,0,1,0,0,0,0
-2,111,8,101,-1,5,4,4,2,-6,1,0,2,1,2,0,0,1,1,1,1,0,1,1,0
4,-34,-1,164,6,6,-2,1,-3,26,0,0,2,3,2,0,0,0,0,1,1,1,0,0,0
-3,-16,4,0,2,5,3,4,0,-29,-1,4,2,0,2,0,1,0,1,0,1,1,0,1,0
2,15,0,18,8,-2,2,1,-1,143,0,8,1,0,0,1,0,1,0,1,0,1,1,0,1
2,98,0,-35,0,5,4,3,1,75,0,2,1,2,3,0,0,0,1,1,1,1,0,0,0
7,6,0,21,1,0,0,5,1,29,0,6,0,2,2,1,0,0,1,1,1,1,1,1,0
4,60,-4,92,5,10,4,0,4,102,4,1,0,1,0,0,0,1,0,0,0,0,0,1,0
6,18,2,28,1,6,4,6,7,-40,0,-1,1,0,0,0,1,1,1,1,0,0,1,1,0
5,18,-3,15,0,3,5,6,-2,-9,1,4,3,2,1,1,0,1,1,1,1,1,0,1,1
-3,87,5,79,6,7,0,4,-1,45,0,6,0,0,1,1,0,0,0,0,0,1,0,0,0
1,-52,0,141,1,8,4,3,3,94,3,0,1,2,1,0,1,0,1,0,0,1,0,1,1
0,36,-1,104,0,5,3,4,0,8,4,-2,3,0,0,0,0,1,1,0,1,0,0,0,0
6,10,2,7,-5,5,3,4,7,97,3,1,0,2,0,0,0,1,0,0,1,0,1,1,0
3,-22,0,23,7,3,2,5,4,110,4,0,1,2,1,0,1,1,1,1,1,0,1,0,0
4,15,4,34,0,0,3,5,0,93,0,6,1,2,0,0,1,1,1,1,0,1,0,1,0
1,-7,-1,-105,1,2,4,-1,2,27,3,1,0,1,0,1,0,1,0,1,0,1,0,1,1
0,120,-1,37,8,0,3,4,-2,49,2,-2,0,2,0,1,0,1,0,0,0,1,1,1,0
6,81,-4,107,-4,-1,4,4,5,82,0,-1,2,3,0,1,0,0,0,1,0,0,1,0,0
6,-15,4,154,1,6,-1,6,6,27,3,4,1,1,2,1,1,1,0,0,1,0,1,1,0
4,12,5,-10,-4,6,-1,5,0,14,0,-4,0,0,2,1,0,0,0,0,0,0,0,1,1
0,-20,3,21,0,0,2,4,4,-8,4,0,1,2,2,0,1,1,0,1,1,0,0,1,1
5,-29,8,117,-2,4,0,3,-1,-36,3,1,2,2,1,0,0,1,0,0,0,1,0,1,0
2,24,2,-35,0,0,2,0,5,77,4,0,0,2,1,0,0,0,0,1,0,1,1,1,0
-2,-73,5,86,-1,2,3,5,-1,112,4,5,2,3,2,0,0,0,1,0,1,1,0,1,1
0,20,2,0,5,1,0,4,0,-5,5,6,2,3,2,0,0,1,0,1,0,0,0,0,0
4,9,2,-4,-3,3,0,2,1,37,0,-2,2,1,1,0,0,0,0,0,1,0,1,1,0
4,12,6,149,5,5,3,4,0,92,-1,4,2,2,1,1,0,1,0,1,1,0,1,1,1
5,6,2,-70,5,5,0,0,2,97,5,0,1,0,0,0,1,1,0,0,1,0,1,0,0
4,117,4,-14,7,5,5,4,3,133,4,2,0,0,2,0,1,0,0,1,1,0,0,1,0
0,-1,7,14,9,4,2,4,-2,4,0,2,2,0,0,0,0,0,0,1,0,0,1,1,1
3,-15,7,19,7,5,3,6,5,66,4,0,0,0,2,1,1,1,1,0,1,1,0,1,1
0,30,0,98,-1,7,2,6,0,25,0,2,1,1,0,0,0,0,0,0,1,1,1,0,0
2,18,4,186,6,0,4,4,1,16,0,4,2,0,0,0,0,1,0,0,1,0,0,1,0
0,6,2,-66,1,7,3,2,1,41,3,6,1,2,1,1,0,0,0,0,0,1,0,0,0
4,36,2,-64,0,5,4,5,0,45,4,1,1,0,0,0,0,1,0,0,1,1,1,0,0
3,36,2,148,9,0,5,6,-2,31,4,4,0,0,2,0,0,1,0,0,1,0,1,0,0
1,24,4,142,1,-2,5,5,2,89,3,0,1,0,1,1,0,0,0,0,1,1,0,1,0
3,115,2,117,1,-1,6,1,6,15,0,-2,2,2,1,1,0,0,0,1,1,0,0,1,0
0,18,4,-39,1,6,4,1,3,-56,3,7,0,0,1,0,0,1,0,0,1,0,0,1,0
1,24,2,200,9,2,2,0,2,108,3,1,0,2,1,1,0,1,1,1,0,1,0,1,1
-3,-31,4,-16,1,5,0,7,4,51,1,2,0,0,0,0,0,0,0,1,0,0,1,1,0
2,9,2,-55,1,3,0,4,0,99,0,4,0,0,2,0,1,1,0,1,1,0,0,1,0
5,24,4,-135,2,7,4,2,3,102,0,4,1,2,0,0,0,1,0,0,0,0,0,0,0
2,20,3,-60,5,4,5,4,2,9,1,7,2,2,1,0,1,0,1,1,1,1,0,0,0
-1,36,4,-14,7,3,6,2,2,90,0,1,2,1,2,0,0,0,0,1,1,1,0,0,0
-1,24,-2,25,7,6,3,-1,5,92,4,2,2,1,2,0,1,0,0,0,0,0,1,1,1
0,24,-1,-110,3,10,4,0,1,18,0,1,0,2,2,0,1,0,0,0,1,0,1,1,0
0,21,0,205,-5,-1,0,4,-1,-16,1,0,3,3,3,1,1,1,0,0,0,0,1,1,0
2,69,2,13,6,9,4,4,8,102,0,7,1,2,1,1,0,1,0,0,1,0,0,1,0
3,-39,2,20,11,9,4,2,3,109,4,0,3,0,1,1,0,1,0,1,1,0,0,1,0
4,103,-1,96,1,5,-2,1,6,-24,3,6,1,2,1,0,0,1,1,1,1,0,0,0,1
-1,94,0,161,-3,6,3,2,-2,75,3,0,2,3,0,0,0,1,0,0,0,1,1,1,1
3,-83,4,13,0,6,6,6,5,-34,-1,0,1,2,0,0,0,0,0,0,1,1,0,1,0
4,-2,4,-49,9,-1,2,7,4,-6,3,-2,0,1,0,1,0,1,0,1,0,0,0,0,0
5,135,-1,6,1,4,0,6,5,37,0,4,0,1,2,1,0,1,0,0,1,0,0,1,0
4,121,6,-39,-4,3,7,4,3,31,3,4,1,2,1,0,0,1,0,0,0,0,1,1,1
5,27,0,215,6,-1,4,0,3,-26,3,-1,2,0,3,1,1,1,0,1,1,1,1,1,0
4,12,6,23,-5,1,-1,5,-1,42,0,5,3,2,3,0,0,1,0,1,0,0,0,1,1
2,82,3,99,5,6,0,5,0,31,3,4,2,0,3,0,0,0,0,0,0,0,1,0,0
0,96,4,37,8,3,4,0,-2,27,-1,0,1,2,2,0,0,1,0,1,1,0,1,0,0
6,12,0,103,1,3,3,-1,1,91,3,4,3,1,0,0,0,1,0,1,1,0,0,1,0
1,-42,0,62,-3,-2,0,-3,2,131,0,2,1,0,0,1,0,1,0,1,0,1,0,1,1
0,48,4,31,1,7,3,0,1,0,5,0,2,1,2,0,1,0,0,0,1,0,0,1,1
-1,15,6,-26,5,8,3,0,4,63,-1,0,1,2,0,0,0,0,0,1,0,0,0,1,0
0,48,4,149,8,5,4,-1,0,-35,5,1,1,2,1,1,1,1,1,0,1,0,0,0,0
-1,-30,5,152,5,2,0,5,1,85,0,0,3,2,1,0,1,1,1,0,1,0,1,0,1
-1,-15,5,95,-1,3,3,2,0,-24,3,1,2,2,2,1,1,0,0,0,1,0,1,1,1
4,76,-4,23,8,-3,3,0,-2,-26,3,-1,0,0,0,1,0,1,0,0,0,0,0,1,0
-1,-21,4,128,6,6,6,4,0,116,3,4,0,0,2,0,0,1,1,1,0,1,1,1,0
6,-19,2,3,0,0,4,4,6,22,3,1,1,0,0,0,1,1,0,0,0,1,0,1,0
4,18,2,-15,1,2,5,8,5,98,3,1,1,2,1,0,1,0,0,0,1,0,1,0,0
3,90,5,99,1,0,2,5,2,50,0,0,0,2,0,0,1,0,0,1,1,0,1,0,0
4,93,8,100,1,6,5,4,0,125,-1,6,1,2,1,1,1,1,0,1,1,0,1,0,0
4,12,2,8,0,7,2,1,0,6,3,1,1,2,2,0,0,0,0,0,1,0,1,0,0
2,30,7,-147,-2,-1,4,5,5,36,4,8,1,1,1,1,0,1,0,0,1,0,0,1,0
0,131,5,12,1,5,6,0,4,163,-1,0,0,0,0,0,1,0,0,0,1,0,1,1,1
-1,-6,2,186,0,9,2,6,0,91,-1,4,0,2,3,0,0,1,1,0,0,0,1,1,0
-1,24,3,127,5,0,7,0,1,32,0,2,2,2,2,0,0,1,0,1,1,1,0,0,0
7,12,9,-16,0,2,5,0,-1,-9,3,2,0,2,1,0,0,1,1,1,1,0,0,1,1
4,15,-4,-96,-1,5,4,6,3,24,0,0,2,1,2,0,1,0,1,1,0,0,0,1,0
0,79,-1,212,8,6,7,7,0,26,4,4,2,1,0,0,0,1,0,1,1,0,0,1,0
-1,81,6,44,1,0,7,2,2,26,1,5,2,2,1,1,1,1,1,0,1,0,0,1,1
3,-33,2,98,6,3,5,1,6,74,3,4,0,1,2,1,1,0,0,0,0,0,0,0,0
1,3,2,204,5,-2,-1,6,1,133,0,6,0,0,3,1,0,1,0,1,1,1,0,1,0
4,24,6,143,-1,5,1,6,5,31,3,2,1,0,0,0,1,1,0,0,0,0,0,1,1
4,68,-2,127,1,6,5,0,3,-3,3,6,0,2,1,0,0,1,0,0,1,0,1,1,0
4,-57,4,112,1,4,3,3,5,-59,0,0,0,2,2,0,1,1,0,1,1,0,1,1,0
4,6,4,-40,1,5,2,0,4,-6,3,1,2,1,1,1,1,1,0,0,1,1,0,0,0
1,48,-3,71,5,0,3,-3,-2,53,3,5,0,1,1,0,0,1,0,0,0,0,0,0,1
1,91,7,-34,1,8,3,2,1,26,4,8,1,1,0,1,0,1,0,1,1,0,0,1,1
5,-39,5,63,0,0,3,3,1,28,-1,0,0,1,0,1,1,1,0,0,1,0,1,0,0
0,-61,4,-104,11,6,4,3,0,26,0,1,2,1,1,0,0,1,1,0,1,1,1,1,1
5,68,4,21,5,6,0,6,1,139,3,2,2,1,0,0,0,0,1,1,0,1,0,1,0
1,3,0,-148,0,5,3,5,6,-36,3,0,1,3,2,1,0,1,1,0,1,0,0,0,1
-1,36,4,-108,8,3,3,4,4,34,0,0,1,2,1,1,0,1,1,0,0,0,0,1,0
8,-16,5,11,8,1,2,6,0,130,3,-1,1,2,2,0,1,1,1,0,1,1,1,0,0
0,-61,-4,174,1,3,5,2,6,29,-1,1,2,3,2,0,0,1,0,0,1,0,0,1,1
0,-47,7,47,0,7,3,3,5,96,3,0,1,2,0,1,1,0,0,1,1,0,1,1,0
4,63,-2,233,5,0,3,4,5,-13,3,4,1,0,2,0,0,1,1,0,0,0,0,1,0
4,10,-1,9,-2,0,-1,3,0,134,3,0,1,2,2,0,1,1,0,0,1,0,1,1,0
7,12,0,122,5,-3,0,7,4,77,0,7,1,3,1,1,1,1,0,0,1,0,1,0,0
5,110,3,-58,6,0,4,0,4,117,0,1,1,1,2,0,1,1,0,0,1,1,0,1,0
5,30,6,143,1,3,2,2,3,-25,3,1,2,2,2,1,0,1,0,1,0,0,1,0,0
4,-10,4,31,5,7,5,-2,7,-37,0,-1,2,1,0,0,0,0,0,1,0,0,0,1,0
-2,-36,0,-40,-2,1,2,3,6,22,0,1,1,2,3,0,0,0,0,0,1,0,1,1,1
4,12,5,118,5,-1,0,4,1,112,4,5,2,2,3,0,0,0,0,0,1,0,0,0,0
1,18,4,-82,7,-2,4,0,6,117,3,5,2,2,0,0,0,1,0,0,1,0,1,1,0
8,111,4,-6,6,6,2,-1,1,-12,0,0,0,0,3,0,1,1,1,1,0,0,1,0,1
1,-40,2,14,5,3,0,0,2,35,4,0,1,1,1,0,0,0,0,0,1,0,0,1,1
2,7,4,-90,1,7,6,0,1,-48,4,1,1,1,0,0,0,0,0,0,0,1,0,1,0
4,24,2,54,5,0,2,0,6,26,0,-1,0,0,0,0,1,0,0,1,0,0,0,0,0
4,-5,7,117,1,3,3,7,4,0,0,7,1,0,0,0,1,1,1,0,1,1,0,1,0
2,24,5,78,6,7,7,0,4,6,3,0,1,1,0,1,1,1,0,1,1,0,1,1,0
1,-46,2,43,6,5,6,6,0,130,0,5,1,0,0,0,1,1,0,1,0,0,1,0,1
4,119,4,188,1,5,2,5,0,135,4,0,3,0,2,0,1,0,0,1,0,1,1,1,0
-1,75,2,163,1,6,3,4,1,0,1,1,2,2,0,0,1,0,0,1,0,1,1,1,1
1,94,4,114,-1,3,1,6,4,32,5,0,0,1,2,1,0,0,0,1,1,1,1,1,0
0,-61,2,-134,7,3,2,5,2,95,3,5,3,0,2,0,1,1,1,0,0,0,1,0,0
5,-13,4,14,1,3,0,3,0,81,5,-3,3,2,0,1,0,1,1,1,1,0,0,0,0
-1,-51,-1,111,-1,0,3,0,6,-15,3,-2,1,1,0,0,0,1,0,0,0,1,0,1,0
1,-63,2,-5,1,7,5,1,4,-48,3,0,1,1,0,0,0,1,1,0,1,0,1,1,0
0,89,4,-27,0,5,0,-1,4,-41,4,6,0,2,2,0,0,1,1,1,0,0,0,1,0
-2,24,-1,45,1,7,4,2,1,74,3,1,0,2,1,0,0,0,0,1,0,0,0,0,0
2,12,6,136,8,-2,0,0,4,74,1,4,1,0,2,1,0,1,0,0,1,0,1,0,1
0,69,6,15,1,8,4,-1,6,34,5,1,2,0,1,0,0,0,0,0,1,1,1,1,0
4,78,4,127,-2,-4,8,5,5,156,0,1,1,0,0,1,0,1,0,1,1,0,0,1,0
0,18,4,-80,2,-1,-2,5,1,88,-1,2,2,1,1,0,1,1,1,0,1,0,1,1,1
1,123,5,43,3,3,5,4,3,6,0,0,1,2,0,0,1,1,1,1,0,0,0,1,1
3,24,6,173,6,3,1,-1,1,88,0,0,0,0,0,1,0,1,0,1,1,1,0,0,0
7,12,0,36,1,6,0,2,2,29,3,1,0,1,2,0,1,0,1,1,1,0,0,1,0
-1,30,4,67,6,-1,7,3,4,36,3,7,1,0,1,0,1,1,0,0,0,0,0,0,0
6,-37,4,121,5,5,0,5,4,139,0,0,1,1,0,1,0,0,0,1,0,0,0,1,0
6,30,7,95,4,3,3,7,3,34,0,6,2,3,1,0,0,1,0,1,1,1,0,1,0
1,0,3,10,9,0,4,4,5,48,5,5,1,3,1,1,0,0,0,1,1,0,1,1,1
2,79,0,183,1,3,2,-2,3,-11,4,1,2,0,0,1,0,1,0,1,1,0,0,1,1
2,-11,7,135,6,3,7,7,-2,3,-1,2,2,2,1,0,0,1,1,0,1,0,0,1,0
1,6,0,168,5,-1,5,-3,4,44,0,2,2,1,0,0,1,1,0,0,1,0,1,1,0
4,2,-3,119,0,5,-1,4,3,92,3,0,2,2,1,1,0,1,0,0,1,0,0,0,0
0,9,0,-149,9,6,3,2,6,135,3,0,0,2,1,1,1,1,0,0,1,0,1,1,1
4,78,2,130,3,-1,5,4,-2,51,4,1,0,2,0,1,0,0,0,1,1,1,0,1,0
4,12,2,111,-4,1,2,2,1,88,0,1,0,0,1,1,1,1,1,1,1,0,1,0,0
4,-2,4,8,5,5,4,0,0,33,1,-2,0,2,0,0,0,0,1,0,0,0,1,1,1
1,30,4,-42,0,5,5,-1,2,7,0,6,0,0,1,1,1,1,0,0,1,1,1,1,1
7,0,5,31,7,10,3,5,0,31,4,2,0,2,2,1,0,0,1,1,1,0,0,1,0
-2,84,8,-28,1,0,0,5,4,7,3,3,0,2,1,0,1,1,1,0,0,0,0,1,0
-1,60,-3,-92,0,6,3,4,4,33,4,-2,1,0,1,1,0,1,1,0,1,0,0,1,0
4,12,4,10,1,6,4,3,1,47,5,4,2,1,1,1,0,1,0,0,0,1,1,0,0
2,-49,-3,-92,1,5,3,0,3,149,4,0,2,0,0,0,1,1,0,1,0,0,1,0,1
1,79,8,190,0,-2,2,4,4,35,3,0,2,2,3,0,1,1,1,0,1,1,0,1,1
0,-40,4,145,1,3,2,-2,3,0,3,6,1,3,0,1,0,0,1,0,0,0,1,1,0
2,1,2,15,0,2,0,0,1,110,3,4,2,2,2,1,0,0,0,0,1,1,0,0,0
-2,12,2,120,7,8,-1,1,1,85,0,-2,2,0,1,0,0,1,0,1,1,0,1,0,1
4,72,2,-51,-1,0,6,3,4,97,-1,5,0,3,2,0,0,0,0,1,0,0,0,1,0
4,24,2,16,-3,6,5,-1,0,32,3,1,0,0,2,0,0,1,0,1,1,1,0,1,0
4,67,7,135,3,0,-2,6,4,30,3,4,2,2,0,1,1,0,1,0,1,0,0,0,1
-1,3,4,152,1,4,3,2,0,29,3,1,0,0,2,0,0,0,0,0,1,1,1,1,1
0,24,6,33,1,5,3,4,2,5,3,1,3,0,2,1,0,1,1,1,0,1,0,0,1
-1,-24,-3,19,-2,4,4,6,-1,32,3,-3,2,2,1,0,0,1,0,0,0,0,1,0,0
4,96,4,95,1,6,4,8,4,14,4,0,2,0,1,1,1,1,0,1,0,0,0,0,0
-2,-40,3,172,4,4,2,2,2,30,3,4,2,2,1,0,1,1,0,1,1,0,0,1,0
-3,83,4,-104,-3,-2,3,3,0,102,4,5,1,0,1,0,0,0,0,0,0,1,0,1,0
4,98,4,-22,-2,3,5,-2,2,112,0,4,2,1,1,0,0,0,1,0,0,0,1,1,0
6,-1,2,74,1,3,3,4,0,9,5,-1,2,0,1,1,0,1,0,0,1,0,1,0,0
0,63,-1,19,0,2,4,0,0,101,1,1,0,2,1,0,0,1,0,0,1,0,1,0,0
1,40,4,60,0,5,5,5,4,27,0,-3,1,3,2,0,0,1,0,0,0,0,0,1,1
2,-61,-1,106,-1,6,2,5,-2,118,5,4,1,3,1,0,1,1,0,0,0,1,1,0,0
-1,2,6,26,0,7,4,2,-2,-32,3,0,2,0,1,0,0,1,1,0,0,1,0,1,1
0,24,2,220,0,-3,7,2,3,14,0,0,0,2,1,0,0,1,0,0,0,0,0,0,0
7,-86,2,18,1,0,4,0,0,84,3,6,0,1,1,0,0,1,0,1,0,0,1,1,0
4,68,3,-26,6,-3,3,2,2,-21,3,7,1,0,1,1,0,1,0,1,1,0,0,0,0
7,11,4,-8,1,3,3,2,1,-33,0,4,0,0,1,1,0,0,0,0,0,1,1,0,0
-1,-24,4,-73,5,-2,3,0,0,53,3,-2,0,0,0,0,0,1,0,0,0,0,1,1,0
-1,24,2,77,7,2,7,2,2,115,4,0,2,2,2,0,0,0,1,0,1,0,0,1,0
2,86,0,186,5,7,2,3,1,104,3,0,3,1,1,0,0,0,1,1,0,1,0,1,1
2,24,-4,141,2,-2,0,-2,-3,-1,3,5,0,0,0,0,1,1,0,1,0,0,0,1,0
6,0,9,-90,0,7,3,6,2,15,3,1,2,1,2,0,1,1,1,1,1,0,0,1,0
4,-37,0,60,1,4,0,2,4,-8,3,1,0,0,3,0,0,0,0,1,0,1,1,1,0
0,-35,0,13,-3,10,0,7,-2,34,0,2,3,0,0,0,1,1,0,0,0,0,1,1,1
4,12,5,21,1,8,0,2,2,116,3,6,1,2,2,1,0,0,0,1,0,1,0,1,0
-1,82,5,24,6,-1,3,4,3,89,2,6,0,2,0,0,0,0,0,0,1,0,0,0,0
5,130,2,-42,2,-1,2,4,8,23,-2,1,0,2,2,1,0,1,0,0,1,0,0,0,0
1,12,6,-12,-2,5,5,4,4,11,0,5,1,2,1,1,0,1,0,1,0,0,0,1,1
-1,12,-3,106,5,7,0,2,6,78,3,1,1,1,2,0,1,1,1,0,1,1,0,1,0
2,18,-2,13,9,5,4,0,1,104,0,0,0,1,2,0,0,1,0,0,1,0,0,0,0
1,101,5,-56,1,1,3,2,4,0,3,1,0,2,1,1,1,0,1,1,0,0,1,0,0
4,15,-1,18,7,5,4,4,0,-30,4,0,3,0,1,1,0,1,1,0,1,0,0,1,0
9,12,6,96,6,5,3,-1,4,141,2,0,2,2,2,1,0,1,0,1,0,0,1,0,0
6,-51,0,174,5,5,5,4,-1,78,0,5,0,0,3,0,0,0,0,1,0,0,0,0,0
4,6,2,151,6,3,0,5,1,11,0,1,3,1,1,0,1,1,0,0,1,0,0,0,0
4,-13,0,158,5,5,-2,0,0,33,3,5,2,3,0,0,1,1,0,1,0,1,0,1,0
5,10,-1,-4,0,0,2,2,0,23,3,1,0,2,0,0,0,1,0,0,1,0,0,1,0
5,6,-4,-33,5,8,4,4,6,119,0,1,1,2,0,0,1,1,0,1,1,0,0,0,0
2,36,3,-123,8,3,0,0,2,-38,4,0,1,1,0,0,0,1,0,1,1,0,0,1,0
4,123,4,98,2,4,6,3,0,147,4,2,0,2,1,1,1,1,0,1,1,0,0,1,0
-1,-22,6,98,1,0,4,4,3,95,-1,5,1,2,1,0,1,1,0,0,1,0,1,0,0
0,-40,-1,-45,-1,5,3,-1,-1,90,0,4,2,3,1,0,0,0,0,0,1,0,1,1,0
4,24,4,55,0,-1,0,-1,4,44,0,4,1,3,1,0,1,0,1,1,0,0,0,1,0
4,48,3,72,7,5,3,0,0,32,1,4,0,1,2,1,0,1,1,0,1,0,1,1,0
6,15,2,-131,1,6,3,-1,3,-27,4,7,2,1,1,1,0,1,0,0,1,0,0,1,1
6,-14,3,21,6,4,3,5,0,24,3,0,1,2,0,1,0,0,1,0,1,0,1,1,1
2,21,0,-69,4,0,-1,5,5,98,3,0,0,2,3,1,0,1,0,1,1,0,0,0,0
6,113,0,139,-1,5,3,0,4,133,4,-3,2,0,0,1,0,1,0,0,1,1,1,0,1
1,24,0,-37,1,5,0,8,4,99,3,6,2,0,0,1,1,1,0,1,0,0,1,1,1
-1,-57,-3,23,-3,0,6,-2,4,99,5,5,1,2,2,0,0,1,0,0,1,0,0,1,1
-1,24,-1,166,1,-2,2,5,4,26,5,4,2,0,2,1,0,0,0,0,1,1,0,1,0
-1,15,5,25,1,1,2,0,-1,23,4,6,3,2,1,1,0,1,0,0,1,0,1,1,0
0,18,8,-41,-3,-1,4,4,-1,6,3,6,1,2,0,1,0,1,0,1,1,0,0,1,0
-2,-10,0,-42,5,-1,3,0,4,18,1,6,2,2,2,0,1,0,0,1,0,1,0,1,1
4,0,2,229,1,2,2,3,6,129,2,8,3,2,3,0,0,1,0,0,1,0,1,0,0
