0,1,2,3,4,5,6,7,class
1.0,0.51,0.395,0.13,0.8413552278820375,0.281,0.143,0.162,0
1.0,0.51,0.375,0.15,0.8415,0.3845,0.18345,0.255,1
1.0,0.655,0.515,0.1395244565217391,1.25,0.5265,0.283,0.315,1
2.0,0.58,0.455,0.1395244565217391,0.93,0.408,0.259,0.22,1
1.0099188458070334,0.525,0.425,0.19,0.872,0.4625,0.1725,0.199,1
1.0099188458070334,0.535,0.425,0.135,0.771,0.3765,0.1815,0.1795,0
1.0099188458070334,0.47,0.36,0.145,0.537,0.1725,0.1375,0.195,1
2.0,0.5271073646850044,0.475,0.155,1.161,0.572,0.2455,0.275,1
2.0,0.63,0.49,0.15,1.1955,0.5845,0.257,0.3,1
1.0,0.52,0.4,0.145,0.66,0.3636430481283422,0.1055,0.22,1
0.0,0.61,0.48,0.19,1.2955,0.3636430481283422,0.3225,0.365,1
1.0,0.36,0.265,0.075,0.1845,0.083,0.18345,0.055,0
0.0,0.6,0.45,0.15,0.9625,0.4375,0.2225,0.2423312775330396,1
2.0,0.65,0.51,0.175,1.446,0.6485,0.2705,0.45,1
2.0,0.575,0.48,0.15,0.9465,0.4355,0.2605,0.2505,1
1.0,0.585,0.46,0.14,0.7635,0.326,0.153,0.2423312775330396,1
0.0,0.665,0.505,0.165,1.349,0.5985,0.3175,0.2423312775330396,1
2.0,0.565,0.415,0.125,0.667,0.302,0.1545,0.185,0
0.0,0.52,0.405,0.14,0.8175,0.2795,0.183,0.26,1
2.0,0.61,0.48,0.14,1.031,0.4375,0.2615,0.27,0
1.0,0.45,0.35,0.1395244565217391,0.514,0.253,0.1045,0.14,0
0.0,0.565,0.44,0.15,0.863,0.3636430481283422,0.149,0.27,1
1.0,0.405,0.31,0.09,0.312,0.138,0.06,0.2423312775330396,0
2.0,0.66,0.52,0.19,1.558,0.755,0.298,0.4,1
0.0,0.42,0.4114915405164737,0.125,0.463,0.186,0.11,0.145,1
1.0,0.5271073646850044,0.28,0.105,0.199,0.0695,0.045,0.08,1
0.0,0.515,0.405,0.12,0.646,0.2895,0.1405,0.177,1
2.0,0.58,0.465,0.175,1.035,0.401,0.1865,0.385,1
0.0,0.45,0.365,0.115,0.8413552278820375,0.318,0.121,0.1325,0
2.0,0.54,0.415,0.1395244565217391,0.74,0.2635,0.168,0.245,1
1.0099188458070334,0.485,0.37,0.13,0.458,0.181,0.113,0.136,1
1.0,0.52,0.415,0.14,0.6385,0.2945,0.1405,0.2423312775330396,0
0.0,0.62,0.475,0.16,0.8413552278820375,0.6865,0.233,0.3275,1
0.0,0.62,0.5,0.15,1.293,0.596,0.3135,0.354,1
1.0,0.41,0.4114915405164737,0.105,0.3305,0.1405,0.064,0.105,0
0.0,0.47,0.375,0.12,0.6015,0.2765,0.1455,0.135,0
2.0,0.55,0.405,0.1395244565217391,0.8025,0.244,0.1635,0.255,1
0.0,0.71,0.555,0.17,1.47,0.3636430481283422,0.38,0.431,1
2.0,0.43,0.4114915405164737,0.115,0.3045,0.0925,0.055,0.12,1
1.0,0.375,0.4114915405164737,0.115,0.2715,0.092,0.074,0.09,0
2.0,0.575,0.455,0.135,0.907,0.4245,0.197,0.26,1
1.0099188458070334,0.67,0.54,0.175,1.482,0.739,0.2925,0.365,1
2.0,0.6,0.465,0.155,0.8413552278820375,0.6245,0.2455,0.33,1
1.0,0.5271073646850044,0.36,0.135,0.4355,0.196,0.0925,0.125,0
2.0,0.655,0.545,0.19,1.4245,0.6325,0.333,0.378,1
1.0099188458070334,0.55,0.465,0.15,1.082,0.3575,0.194,0.19,1
0.0,0.68,0.4114915405164737,0.175,1.473,0.713,0.282,0.4295,1
2.0,0.65,0.4114915405164737,0.19,1.3445,0.519,0.306,0.4465,1
2.0,0.535,0.42,0.1395244565217391,0.6995,0.2575,0.153,0.24,1
0.0,0.59,0.4114915405164737,0.15,1.151,0.613,0.239,0.2515,1
2.0,0.615,0.475,0.205,1.337,0.3636430481283422,0.2815,0.37,1
2.0,0.66,0.4114915405164737,0.175,1.583,0.7395,0.3505,0.405,1
1.0,0.5,0.38,0.135,0.594,0.2945,0.104,0.1565,1
0.0,0.5271073646850044,0.485,0.165,1.0735,0.437,0.205,0.33,1
2.0,0.6,0.46,0.1395244565217391,0.9595,0.4455,0.189,0.295,1
2.0,0.485,0.39,0.135,0.617,0.25,0.1345,0.2423312775330396,0
1.0,0.485,0.365,0.14,0.4475,0.1895,0.0925,0.2305,0
2.0,0.59,0.475,0.14,0.977,0.4625,0.2025,0.275,1
1.0,0.375,0.28,0.08,0.2235,0.115,0.18345,0.055,0
1.0,0.525,0.4,0.125,0.5655,0.3636430481283422,0.119,0.175,0
2.0,0.5271073646850044,0.355,0.14,0.528,0.2125,0.149,0.14,1
2.0,0.62,0.4114915405164737,0.18,1.3915,0.726,0.2795,0.332,1
0.0,0.635,0.505,0.1395244565217391,1.251,0.577,0.227,0.3825,1
0.0,0.58,0.445,0.15,0.858,0.4,0.18345,0.253,0
1.0,0.5,0.375,0.12,0.529,0.2235,0.123,0.16,0
1.0,0.485,0.365,0.105,0.5205,0.3636430481283422,0.123,0.182,0
1.0,0.54,0.42,0.14,0.74,0.3595,0.159,0.1985,0
1.0,0.555,0.45,0.175,0.8413552278820375,0.304,0.1755,0.22,1
1.0,0.4,0.315,0.085,0.2675,0.116,0.18345,0.0765,0
1.0,0.36,0.4114915405164737,0.11,0.2335,0.095,0.0525,0.085,1
0.0,0.52,0.405,0.12,0.627,0.2645,0.1415,0.181,1
0.0,0.505,0.39,0.16,0.644,0.3636430481283422,0.2025,0.1635,1
0.0,0.405,0.31,0.12,0.3095,0.138,0.058,0.2423312775330396,1
1.0,0.5271073646850044,0.425,0.17,0.6805,0.28,0.174,0.195,1
2.0,0.46,0.34,0.135,0.495,0.1655,0.117,0.185,1
1.0,0.28,0.2,0.075,0.1225,0.0545,0.0115,0.035,0
2.0,0.625,0.49,0.175,1.3325,0.5705,0.271,0.2423312775330396,1
1.0,0.31,0.215,0.1395244565217391,0.1275,0.0565,0.0275,0.036,0
1.0,0.285,0.205,0.07,0.106,0.039,0.0285,0.034,0
2.0,0.575,0.435,0.15,0.805,0.293,0.1625,0.27,1
2.0,0.5271073646850044,0.515,0.175,1.466,0.677,0.3045,0.4,1
0.0,0.6,0.4114915405164737,0.145,0.776,0.3545,0.1585,0.239,1
0.0,0.475,0.39,0.12,0.5305,0.2135,0.1155,0.17,1
0.0,0.575,0.475,0.16,0.895,0.3605,0.221,0.271,1
2.0,0.37,0.28,0.105,0.234,0.3636430481283422,0.0585,0.075,1
1.0,0.405,0.31,0.1395244565217391,0.91,0.416,0.2075,0.0995,0
0.0,0.54,0.385,0.14,0.7655,0.3265,0.116,0.2365,1
1.0,0.44,0.335,0.1395244565217391,0.4215,0.173,0.0765,0.113,0
0.0,0.505,0.41,0.15,0.6345,0.243,0.1335,0.215,1
2.0,0.44,0.4114915405164737,0.105,0.402,0.1305,0.0955,0.165,1
0.0,0.64,0.5,0.17,1.2645,0.565,0.3375,0.315,1
0.0,0.5,0.39,0.1395244565217391,0.6355,0.2505,0.1635,0.195,1
2.0,0.575,0.4114915405164737,0.185,0.925,0.342,0.197,0.35,1
0.0,0.475,0.4,0.115,0.541,0.186,0.1025,0.21,1
1.0099188458070334,0.55,0.41,0.15,0.785,0.282,0.186,0.275,1
1.0,0.575,0.455,0.16,0.9895,0.3636430481283422,0.195,0.246,1
1.0,0.515,0.385,0.125,0.572,0.237,0.1435,0.165,0
1.0099188458070334,0.695,0.55,0.195,1.6645,0.727,0.36,0.445,1
0.0,0.39,0.29,0.1395244565217391,0.3055,0.121,0.082,0.09,0
0.0,0.6,0.475,0.18,1.162,0.511,0.2675,0.32,1
1.0,0.365,0.265,0.085,0.213,0.0945,0.18345,0.06,0
1.0,0.5,0.37,0.12,0.5445,0.3636430481283422,0.1065,0.152,0
1.0,0.455,0.375,0.1395244565217391,0.497,0.2355,0.1055,0.1295,0
0.0,0.5,0.4114915405164737,0.13,0.768,0.2625,0.095,0.27,1
2.0,0.47,0.375,0.12,0.8413552278820375,0.266,0.0935,0.169,0
1.0099188458070334,0.59,0.46,0.145,0.9015,0.419,0.1785,0.26,1
2.0,0.5271073646850044,0.475,0.175,1.201,0.5395,0.275,0.309,1
0.0,0.545,0.445,0.15,0.8,0.3535,0.18345,0.207,1
0.0,0.545,0.415,0.16,0.7715,0.272,0.1455,0.2423312775330396,1
1.0,0.435,0.335,0.1395244565217391,0.3295,0.129,0.07,0.11,0
1.0,0.455,0.355,0.105,0.372,0.138,0.0765,0.135,1
1.0,0.4,0.3,0.09,0.2815,0.1185,0.18345,0.08,0
2.0,0.5271073646850044,0.48,0.16,1.1415,0.5795,0.2145,0.29,1
1.0099188458070334,0.645,0.525,0.2,1.449,0.601,0.2565,0.505,1
2.0,0.4,0.32,0.095,0.303,0.1335,0.06,0.1,0
1.0099188458070334,0.635,0.495,0.175,1.2355,0.5205,0.3085,0.347,1
0.0,0.5271073646850044,0.36,0.125,0.5065,0.222,0.105,0.16,1
1.0,0.41,0.315,0.095,0.2805,0.114,0.0345,0.11,0
0.0,0.51,0.375,0.11,0.5805,0.2865,0.118,0.2423312775330396,0
0.0,0.46,0.375,0.12,0.8413552278820375,0.1775,0.11,0.15,0
2.0,0.495,0.38,0.135,0.6295,0.263,0.18345,0.215,1
2.0,0.58,0.45,0.1395244565217391,1.013,0.38,0.216,0.36,1
1.0099188458070334,0.57,0.435,0.125,0.8965,0.383,0.1835,0.275,1
1.0099188458070334,0.5,0.385,0.11,0.596,0.3015,0.104,0.151,0
0.0,0.5271073646850044,0.455,0.165,1.1365,0.369,0.3005,0.275,1
2.0,0.33,0.215,0.075,0.1145,0.045,0.0265,0.035,0
2.0,0.615,0.485,0.215,0.9615,0.422,0.176,0.29,1
2.0,0.655,0.52,0.18,1.492,0.7185,0.36,0.355,1
0.0,0.62,0.485,0.1395244565217391,1.271,0.531,0.3075,0.37,1
1.0,0.335,0.245,0.09,0.2015,0.096,0.18345,0.048,0
1.0,0.5271073646850044,0.27,0.1,0.185,0.08,0.0435,0.065,0
0.0,0.615,0.515,0.17,1.14,0.4305,0.18345,0.42,1
1.0,0.5271073646850044,0.27,0.085,0.2185,0.1065,0.038,0.062,0
1.0,0.525,0.375,0.12,0.6315,0.3045,0.114,0.19,1
0.0,0.36,0.265,0.09,0.2165,0.096,0.037,0.2423312775330396,1
2.0,0.695,0.54,0.195,1.691,0.768,0.363,0.4755,1
2.0,0.515,0.4,0.16,0.8175,0.2515,0.156,0.2423312775330396,1
1.0,0.445,0.33,0.1,0.437,0.163,0.0755,0.17,1
0.0,0.5271073646850044,0.395,0.145,0.775,0.308,0.169,0.255,0
0.0,0.55,0.45,0.145,0.741,0.3636430481283422,0.1435,0.2665,1
2.0,0.535,0.44,0.15,0.6765,0.256,0.139,0.2423312775330396,1
1.0,0.53,0.41,0.1395244565217391,0.612,0.2435,0.1525,0.1895,1
1.0,0.53,0.38,0.125,0.616,0.292,0.18345,0.185,0
0.0,0.675,0.535,0.1395244565217391,1.604,0.6175,0.4255,0.453,1
1.0,0.345,0.255,0.1395244565217391,0.2005,0.105,0.037,0.05,0
1.0099188458070334,0.445,0.345,0.105,0.409,0.1675,0.1015,0.117,0
2.0,0.5271073646850044,0.5,0.175,1.286,0.5645,0.288,0.386,1
0.0,0.58,0.465,0.1395244565217391,0.9865,0.47,0.2155,0.25,1
1.0099188458070334,0.61,0.485,0.16,1.0145,0.5315,0.212,0.2415,0
0.0,0.625,0.485,0.135,1.3025,0.61,0.2675,0.3605,1
2.0,0.635,0.48,0.235,1.064,0.413,0.228,0.2423312775330396,1
1.0,0.52,0.395,0.135,0.633,0.3636430481283422,0.1295,0.175,1
2.0,0.515,0.405,0.14,0.8413552278820375,0.312,0.146,0.315,1
1.0,0.305,0.23,0.075,0.8413552278820375,0.0595,0.0305,0.05,0
0.0,0.66,0.515,0.17,0.8413552278820375,0.615,0.3125,0.3575,1
1.0,0.53,0.405,0.13,0.6615,0.2945,0.1395,0.19,1
0.0,0.625,0.49,0.1395244565217391,1.136,0.5265,0.1915,0.2925,1
2.0,0.595,0.49,0.185,1.185,0.482,0.2015,0.361,1
0.0,0.71,0.54,0.1395244565217391,1.5805,0.802,0.287,0.435,1
1.0099188458070334,0.34,0.25,0.075,0.1765,0.0785,0.0405,0.05,0
1.0,0.36,0.265,0.095,0.2315,0.105,0.046,0.075,0
1.0,0.455,0.345,0.105,0.4005,0.164,0.0755,0.126,0
1.0099188458070334,0.56,0.455,0.155,0.797,0.34,0.19,0.2425,1
2.0,0.605,0.475,0.145,0.884,0.3835,0.1905,0.27,0
2.0,0.67,0.55,0.17,1.247,0.472,0.2455,0.4,1
0.0,0.61,0.495,0.19,0.8413552278820375,0.464,0.306,0.365,1
0.0,0.635,0.4114915405164737,0.17,1.415,0.605,0.297,0.365,1
1.0,0.45,0.335,0.105,0.8413552278820375,0.1575,0.0795,0.1095,0
0.0,0.575,0.465,0.195,0.9965,0.417,0.247,0.47,0
2.0,0.35,0.255,0.085,0.2145,0.1,0.0465,0.2423312775330396,1
1.0,0.555,0.43,0.15,0.783,0.345,0.1755,0.247,1
1.0,0.315,0.23,0.07,0.1145,0.046,0.0235,0.0385,0
0.0,0.625,0.49,0.155,1.33,0.6675,0.259,0.33,1
1.0099188458070334,0.32,0.23,0.06,0.129,0.0615,0.0275,0.0355,0
2.0,0.525,0.405,0.12,0.7555,0.3755,0.1555,0.201,1
0.0,0.65,0.4114915405164737,0.175,1.5245,0.59,0.326,0.495,1
0.0,0.535,0.42,0.1395244565217391,0.699,0.3125,0.1565,0.2035,0
2.0,0.67,0.525,0.17,1.4005,0.715,0.3025,0.387,1
0.0,0.63,0.495,0.2,1.4255,0.659,0.336,0.38,1
1.0,0.31,0.225,0.05,0.1445,0.0675,0.0385,0.045,0
0.0,0.63,0.515,0.1395244565217391,1.336,0.553,0.3205,0.35,1
2.0,0.5271073646850044,0.42,0.12,0.8115,0.392,0.1455,0.2235,1
1.0,0.455,0.35,0.1395244565217391,0.4445,0.213,0.107,0.1115,0
2.0,0.6,0.495,0.185,1.1145,0.5055,0.2635,0.367,1
0.0,0.455,0.35,0.1395244565217391,0.4485,0.1585,0.102,0.1335,1
2.0,0.525,0.415,0.145,0.845,0.3525,0.1635,0.2875,0
1.0,0.37,0.27,0.095,0.2175,0.097,0.046,0.065,0
0.0,0.61,0.46,0.155,0.8413552278820375,0.4255,0.1975,0.265,0
0.0,0.64,0.515,0.165,1.3115,0.4945,0.18345,0.41,1
0.0,0.5271073646850044,0.34,0.11,0.382,0.154,0.0955,0.109,0
1.0,0.59,0.4114915405164737,0.125,0.755,0.334,0.15,0.238,1
1.0,0.44,0.35,0.135,0.435,0.1815,0.083,0.125,1
2.0,0.345,0.255,0.09,0.2005,0.3636430481283422,0.0295,0.063,1
1.0099188458070334,0.65,0.515,0.215,1.498,0.564,0.323,0.425,1
1.0099188458070334,0.61,0.485,0.18,1.2795,0.5735,0.2855,0.355,0
1.0099188458070334,0.595,0.465,0.15,1.1005,0.5415,0.166,0.265,0
1.0,0.425,0.31,0.095,0.3505,0.3636430481283422,0.071,0.1,0
1.0,0.5,0.4114915405164737,0.155,0.762,0.3795,0.161,0.19,1
2.0,0.62,0.4114915405164737,0.145,0.911,0.375,0.2145,0.278,1
2.0,0.61,0.47,0.175,1.214,0.5315,0.18345,0.325,1
0.0,0.5271073646850044,0.525,0.19,1.492,0.6425,0.3905,0.42,1
0.0,0.645,0.51,0.2,1.5675,0.621,0.367,0.46,1
2.0,0.505,0.405,0.14,0.875,0.2665,0.174,0.285,1
2.0,0.67,0.51,0.2,1.5945,0.3636430481283422,0.3845,0.4505,1
1.0,0.54,0.4114915405164737,0.155,0.702,0.322,0.167,0.19,1
1.0,0.52,0.38,0.125,0.5545,0.288,0.1295,0.167,0
2.0,0.525,0.41,0.13,0.6875,0.3636430481283422,0.1495,0.1765,1
2.0,0.61,0.47,0.17,1.1185,0.5225,0.2405,0.31,1
1.0,0.385,0.295,0.085,0.2535,0.103,0.0575,0.2423312775330396,0
1.0099188458070334,0.57,0.445,0.15,0.9875,0.504,0.207,0.249,0
2.0,0.575,0.445,0.17,1.0225,0.549,0.2175,0.228,1
1.0,0.615,0.46,0.19,1.066,0.4335,0.226,0.2423312775330396,1
1.0,0.56,0.43,0.13,0.8413552278820375,0.3355,0.1435,0.2175,0
0.0,0.595,0.455,0.155,1.0605,0.5135,0.2165,0.2423312775330396,1
0.0,0.58,0.445,0.135,0.95,0.484,0.182,0.2423312775330396,0
1.0,0.445,0.4114915405164737,0.09,0.336,0.1555,0.09,0.0855,0
1.0,0.355,0.27,0.075,0.204,0.3045,0.046,0.2423312775330396,0
2.0,0.64,0.525,0.185,1.707,0.763,0.4205,0.4435,1
1.0,0.36,0.27,0.085,0.196,0.0875,0.035,0.2423312775330396,0
0.0,0.45,0.35,0.125,0.8413552278820375,0.185,0.09,0.145,1
1.0,0.29,0.4114915405164737,0.07,0.0975,0.036,0.019,0.035,0
1.0099188458070334,0.485,0.355,0.12,0.547,0.215,0.1615,0.14,1
2.0,0.5,0.38,0.135,0.5835,0.2295,0.1265,0.2423312775330396,1
2.0,0.475,0.37,0.125,0.537,0.222,0.18345,0.15,1
1.0,0.32,0.235,0.065,0.1385,0.058,0.0225,0.05,0
2.0,0.655,0.53,0.175,1.2635,0.486,0.2635,0.2423312775330396,1
1.0,0.61,0.465,0.125,0.8413552278820375,0.436,0.19,0.26,1
2.0,0.5271073646850044,0.48,0.145,1.085,0.4645,0.2445,0.327,1
0.0,0.53,0.425,0.13,0.717,0.2115,0.166,0.255,1
0.0,0.5271073646850044,0.37,0.13,0.5885,0.2475,0.1505,0.1595,1
2.0,0.7,0.55,0.175,0.8413552278820375,0.6565,0.2985,0.375,1
1.0,0.475,0.385,0.11,0.5735,0.311,0.18345,0.136,0
1.0099188458070334,0.5,0.375,0.15,0.636,0.2535,0.145,0.19,1
2.0,0.52,0.4114915405164737,0.145,0.7765,0.3525,0.1845,0.185,1
2.0,0.47,0.37,0.13,0.5225,0.3636430481283422,0.133,0.165,0
1.0,0.62,0.47,0.14,0.8565,0.3595,0.16,0.2423312775330396,1
2.0,0.485,0.39,0.085,0.8413552278820375,0.2945,0.103,0.198,0
2.0,0.5271073646850044,0.465,0.2,1.259,0.6405,0.1985,0.357,1
2.0,0.665,0.525,0.18,1.429,0.6715,0.29,0.4,1
2.0,0.61,0.48,0.15,1.1495,0.564,0.274,0.264,0
2.0,0.5271073646850044,0.48,0.165,1.0855,0.481,0.2575,0.305,1
1.0,0.56,0.445,0.155,0.8735,0.3005,0.209,0.275,1
2.0,0.53,0.4,0.125,0.7575,0.3636430481283422,0.151,0.175,0
1.0,0.32,0.255,0.085,0.1745,0.072,0.033,0.2423312775330396,0
2.0,0.57,0.4114915405164737,0.18,0.9395,0.399,0.2,0.295,1
0.0,0.585,0.42,0.155,0.9845,0.442,0.2155,0.2875,1
1.0,0.45,0.335,0.115,0.3935,0.195,0.071,0.2423312775330396,0
0.0,0.46,0.35,0.115,0.44,0.19,0.18345,0.13,0
1.0,0.48,0.355,0.115,0.4725,0.3636430481283422,0.112,0.132,0
1.0,0.385,0.3,0.125,0.343,0.1705,0.18345,0.081,0
2.0,0.475,0.385,0.145,0.6175,0.235,0.108,0.215,1
0.0,0.67,0.52,0.1395244565217391,1.8065,0.758,0.3735,0.5055,1
2.0,0.675,0.4114915405164737,0.175,1.402,0.483,0.3205,0.465,1
2.0,0.485,0.365,0.155,0.8413552278820375,0.4235,0.2285,0.313,0
1.0,0.41,0.31,0.11,0.315,0.3636430481283422,0.082,0.095,1
0.0,0.535,0.4114915405164737,0.135,0.8215,0.3935,0.196,0.205,0
0.0,0.61,0.485,0.165,1.0915,0.3935,0.2435,0.33,1
0.0,0.665,0.5,0.175,1.4355,0.3636430481283422,0.345,0.37,1
1.0,0.45,0.35,0.14,0.474,0.21,0.109,0.1275,1
1.0,0.495,0.375,0.115,0.507,0.241,0.103,0.2423312775330396,0
0.0,0.57,0.46,0.135,0.8413552278820375,0.397,0.2525,0.2655,1
2.0,0.595,0.47,0.155,1.2015,0.492,0.3865,0.265,1
1.0,0.35,0.4114915405164737,0.085,0.1735,0.0775,0.034,0.056,0
1.0,0.425,0.31,0.105,0.365,0.159,0.0825,0.105,0
0.0,0.565,0.45,0.135,0.9885,0.387,0.18345,0.31,1
1.0,0.33,0.255,0.095,0.8413552278820375,0.066,0.0255,0.06,0
2.0,0.59,0.47,0.135,0.8413552278820375,0.539,0.279,0.28,0
2.0,0.665,0.52,0.175,1.3725,0.606,0.32,0.395,1
2.0,0.495,0.385,0.135,0.709,0.211,0.18345,0.262,1
0.0,0.665,0.53,0.1395244565217391,1.491,0.6345,0.342,0.435,1
2.0,0.64,0.49,0.1395244565217391,1.1285,0.477,0.269,0.34,1
1.0099188458070334,0.43,0.35,0.105,0.366,0.1705,0.0855,0.11,0
1.0,0.445,0.325,0.1,0.378,0.1795,0.1,0.089,0
2.0,0.47,0.35,0.1,0.8413552278820375,0.1885,0.0885,0.175,0
2.0,0.575,0.4114915405164737,0.165,0.867,0.3765,0.1805,0.268,0
2.0,0.53,0.4114915405164737,0.135,0.879,0.28,0.2165,0.25,1
2.0,0.59,0.465,0.14,1.046,0.3636430481283422,0.263,0.263,0
2.0,0.5271073646850044,0.465,0.165,1.115,0.5165,0.273,0.275,1
1.0,0.315,0.235,0.075,0.1285,0.3636430481283422,0.028,0.0405,0
0.0,0.625,0.485,0.175,1.362,0.6765,0.2615,0.3705,1
2.0,0.57,0.4114915405164737,0.16,0.9245,0.3445,0.2185,0.295,1
0.0,0.53,0.4114915405164737,0.165,0.9805,0.3155,0.2815,0.2965,1
0.0,0.375,0.295,0.11,0.3005,0.3636430481283422,0.0575,0.1035,0
0.0,0.4,0.325,0.12,0.3185,0.134,0.0565,0.095,0
0.0,0.695,0.535,0.175,0.8413552278820375,0.5465,0.2815,0.465,1
1.0,0.585,0.475,0.16,1.0505,0.48,0.234,0.285,1
2.0,0.5271073646850044,0.475,0.185,1.325,0.6045,0.325,0.33,1
0.0,0.655,0.525,0.175,1.348,0.5855,0.2605,0.394,1
2.0,0.6,0.48,0.175,1.229,0.4125,0.2735,0.415,1
0.0,0.55,0.445,0.155,0.9905,0.544,0.18345,0.218,1
1.0,0.46,0.35,0.12,0.4885,0.3636430481283422,0.105,0.155,1
2.0,0.58,0.465,0.145,0.887,0.4405,0.18345,0.265,1
1.0,0.335,0.4114915405164737,0.075,0.186,0.0945,0.038,0.0445,0
1.0099188458070334,0.6,0.45,0.145,0.877,0.4325,0.155,0.24,1
0.0,0.57,0.42,0.16,0.8875,0.4315,0.1915,0.223,0
0.0,0.575,0.45,0.12,0.9585,0.447,0.169,0.275,1
2.0,0.355,0.28,0.095,0.8413552278820375,0.0955,0.062,0.075,1
2.0,0.625,0.505,0.175,1.131,0.5425,0.2265,0.2423312775330396,0
1.0099188458070334,0.53,0.42,0.13,1.001,0.34,0.226,0.265,1
1.0099188458070334,0.49,0.38,0.145,0.6725,0.249,0.181,0.21,1
1.0,0.52,0.39,0.13,0.5545,0.2355,0.1095,0.1895,0
2.0,0.35,0.265,0.11,0.2965,0.1365,0.063,0.085,0
2.0,0.46,0.35,0.1395244565217391,0.5165,0.1885,0.1145,0.185,1
1.0,0.505,0.38,0.1395244565217391,0.594,0.2595,0.1435,0.18,0
2.0,0.5271073646850044,0.435,0.16,0.906,0.342,0.219,0.295,1
1.0,0.4,0.31,0.1,0.8413552278820375,0.13,0.06,0.094,0
1.0,0.39,0.3,0.1,0.3085,0.1385,0.0735,0.085,0
2.0,0.575,0.46,0.155,0.892,0.4415,0.18345,0.22,1
1.0,0.38,0.275,0.095,0.1375,0.086,0.0585,0.2423312775330396,0
2.0,0.5271073646850044,0.47,0.145,1.0865,0.511,0.2715,0.2565,1
2.0,0.455,0.34,0.135,0.462,0.1675,0.158,0.12,1
0.0,0.66,0.53,0.185,1.346,0.546,0.2705,0.476,1
0.0,0.485,0.365,0.15,0.9145,0.4145,0.199,0.273,0
1.0,0.42,0.4114915405164737,0.115,0.354,0.1625,0.064,0.105,0
2.0,0.525,0.405,0.13,0.7185,0.3265,0.1975,0.175,0
1.0099188458070334,0.63,0.51,0.185,1.235,0.5115,0.349,0.3065,1
0.0,0.5271073646850044,0.475,0.175,1.076,0.463,0.2195,0.335,1
0.0,0.47,0.375,0.125,0.5615,0.252,0.137,0.18,1
2.0,0.59,0.47,0.18,1.1235,0.4205,0.2805,0.36,1
2.0,0.36,0.295,0.1,0.2105,0.3636430481283422,0.0525,0.075,1
2.0,0.555,0.43,0.165,0.8413552278820375,0.2735,0.1635,0.275,1
1.0,0.27,0.195,0.07,0.102,0.045,0.0135,0.034,0
2.0,0.695,0.525,0.175,1.742,0.696,0.389,0.505,1
2.0,0.5271073646850044,0.44,0.145,0.85,0.4165,0.1685,0.23,0
0.0,0.53,0.425,0.1395244565217391,0.8495,0.328,0.232,0.202,0
0.0,0.5271073646850044,0.45,0.17,0.9705,0.4615,0.232,0.248,1
0.0,0.65,0.535,0.175,1.2895,0.6095,0.2765,0.344,1
2.0,0.62,0.485,0.155,1.0295,0.425,0.2315,0.335,1
0.0,0.53,0.42,0.1395244565217391,0.677,0.2565,0.1415,0.21,1
1.0099188458070334,0.59,0.46,0.16,1.0115,0.445,0.2615,0.2565,0
2.0,0.535,0.42,0.16,0.7465,0.348,0.1515,0.2185,1
2.0,0.595,0.48,0.1395244565217391,1.262,0.4835,0.283,0.41,1
1.0,0.4,0.31,0.1,0.2875,0.1145,0.0635,0.095,1
1.0,0.5271073646850044,0.415,0.135,0.8095,0.2985,0.2015,0.28,1
2.0,0.575,0.45,0.165,0.9655,0.498,0.18345,0.23,0
0.0,0.62,0.435,0.155,1.012,0.477,0.236,0.275,0
1.0099188458070334,0.435,0.35,0.11,0.384,0.143,0.1005,0.125,1
0.0,0.49,0.37,0.105,0.5265,0.249,0.1005,0.148,0
1.0099188458070334,0.64,0.495,0.165,1.307,0.678,0.292,0.266,1
0.0,0.57,0.45,0.1395244565217391,0.908,0.4015,0.217,0.255,1
1.0,0.425,0.31,0.09,0.8413552278820375,0.1385,0.065,0.08,0
2.0,0.615,0.475,0.155,1.0735,0.4375,0.2585,0.31,1
0.0,0.615,0.455,0.135,0.8413552278820375,0.4735,0.263,0.274,1
1.0099188458070334,0.65,0.525,0.175,1.5365,0.6865,0.3585,0.405,1
0.0,0.405,0.305,0.095,0.3485,0.1455,0.0895,0.1,1
0.0,0.625,0.4114915405164737,0.155,1.115,0.484,0.277,0.3095,1
0.0,0.5271073646850044,0.45,0.195,1.098,0.481,0.2895,0.315,1
1.0,0.49,0.4,0.135,0.624,0.3035,0.1285,0.2423312775330396,0
1.0,0.52,0.38,0.13,0.5345,0.2375,0.122,0.1535,0
0.0,0.565,0.4114915405164737,0.175,0.957,0.3885,0.215,0.275,1
0.0,0.535,0.46,0.145,0.7875,0.3395,0.2005,0.2,0
1.0,0.47,0.37,0.1395244565217391,0.5555,0.25,0.115,0.163,0
1.0,0.56,0.445,0.15,0.8413552278820375,0.3685,0.187,0.236,1
0.0,0.6,0.4114915405164737,0.155,0.9735,0.427,0.2045,0.3,0
0.0,0.615,0.48,0.16,1.2525,0.585,0.2595,0.33,0
2.0,0.5,0.41,0.15,0.662,0.2815,0.137,0.2423312775330396,1
0.0,0.465,0.355,0.115,0.4705,0.1955,0.118,0.2423312775330396,0
2.0,0.53,0.44,0.205,0.835,0.32,0.2175,0.245,1
2.0,0.37,0.29,0.09,0.241,0.3636430481283422,0.045,0.069,1
2.0,0.405,0.305,0.085,0.2605,0.1145,0.0595,0.085,0
1.0,0.37,0.275,0.14,0.2215,0.097,0.0455,0.0615,0
1.0099188458070334,0.56,0.44,0.17,0.9445,0.3545,0.2175,0.3,1
1.0,0.375,0.28,0.08,0.226,0.105,0.18345,0.065,0
2.0,0.5271073646850044,0.52,0.175,1.543,0.7525,0.351,0.374,1
0.0,0.5271073646850044,0.485,0.165,1.166,0.483,0.238,0.355,1
1.0099188458070334,0.625,0.52,0.175,1.4105,0.691,0.322,0.3465,1
2.0,0.665,0.54,0.175,1.347,0.4955,0.254,0.415,1
2.0,0.57,0.46,0.155,1.0005,0.3636430481283422,0.205,0.265,1
0.0,0.565,0.45,0.195,1.0035,0.3636430481283422,0.2505,0.285,1
1.0,0.35,0.26,0.1395244565217391,0.1765,0.072,0.0355,0.0575,0
0.0,0.47,0.365,0.105,0.4205,0.163,0.1035,0.14,1
0.0,0.565,0.44,0.15,0.983,0.4475,0.2355,0.2485,1
1.0,0.525,0.4114915405164737,0.12,0.664,0.3115,0.147,0.178,1
1.0099188458070334,0.5,0.38,0.12,0.5765,0.273,0.135,0.145,1
1.0,0.505,0.425,0.125,0.6115,0.3636430481283422,0.1375,0.2,1
2.0,0.555,0.445,0.13,0.8413552278820375,0.4225,0.155,0.24,1
0.0,0.63,0.5,0.175,1.1105,0.467,0.268,0.329,1
1.0,0.46,0.345,0.12,0.4155,0.198,0.0885,0.2423312775330396,0
2.0,0.425,0.315,0.125,0.3525,0.3636430481283422,0.0565,0.13,1
2.0,0.635,0.525,0.205,1.484,0.55,0.18345,0.43,1
2.0,0.615,0.47,0.175,1.242,0.5675,0.287,0.317,1
1.0099188458070334,0.51,0.405,0.13,0.599,0.3065,0.1155,0.1485,0
1.0099188458070334,0.5,0.385,0.145,0.7615,0.246,0.195,0.204,1
2.0,0.595,0.435,0.16,1.057,0.3636430481283422,0.224,0.31,1
2.0,0.685,0.535,0.1395244565217391,1.432,0.637,0.247,0.46,1
1.0,0.505,0.4,0.125,0.8413552278820375,0.2255,0.1435,0.17,0
2.0,0.595,0.465,0.125,0.799,0.3245,0.2,0.23,1
1.0,0.49,0.365,0.125,0.5585,0.252,0.126,0.2423312775330396,1
0.0,0.595,0.47,0.155,1.121,0.4515,0.178,0.2423312775330396,1
0.0,0.525,0.43,0.125,0.813,0.3315,0.166,0.2423312775330396,1
1.0,0.55,0.425,0.135,0.7305,0.3325,0.18345,0.215,1
1.0,0.5271073646850044,0.47,0.145,0.8025,0.379,0.2265,0.22,1
2.0,0.67,0.525,0.195,1.4405,0.3636430481283422,0.2675,0.425,1
1.0,0.535,0.4,0.135,0.775,0.368,0.208,0.2055,0
2.0,0.41,0.315,0.095,0.8413552278820375,0.121,0.0735,0.09,1
1.0,0.455,0.355,0.08,0.452,0.2165,0.0995,0.125,1
2.0,0.62,0.46,0.16,0.8413552278820375,0.4915,0.2,0.228,1
1.0099188458070334,0.63,0.515,0.16,1.016,0.4215,0.244,0.355,1
1.0099188458070334,0.62,0.5,0.175,1.107,0.4895,0.24,0.343,1
1.0,0.335,0.26,0.09,0.1965,0.0875,0.041,0.056,0
0.0,0.51,0.4,0.12,0.7005,0.347,0.18345,0.195,1
1.0,0.355,0.285,0.095,0.2275,0.0955,0.0475,0.0715,0
1.0,0.5,0.395,0.12,0.537,0.2165,0.1085,0.1785,1
0.0,0.635,0.485,0.165,1.2695,0.5635,0.18345,0.3395,1
2.0,0.6,0.465,0.1395244565217391,1.038,0.4975,0.2205,0.251,1
1.0,0.36,0.27,0.09,0.219,0.097,0.18345,0.065,0
0.0,0.525,0.4114915405164737,0.115,0.72,0.3105,0.1915,0.2,1
1.0,0.44,0.325,0.09,0.35,0.148,0.067,0.105,0
2.0,0.515,0.4,0.14,0.8413552278820375,0.2955,0.184,0.185,1
2.0,0.585,0.465,0.155,0.9145,0.4555,0.18345,0.235,1
1.0,0.46,0.4114915405164737,0.11,0.4,0.176,0.083,0.1205,0
2.0,0.635,0.51,0.21,1.598,0.6535,0.2835,0.58,1
0.0,0.575,0.4114915405164737,0.15,0.897,0.4235,0.1905,0.248,0
1.0,0.5271073646850044,0.38,0.125,0.5215,0.2215,0.118,0.16,0
2.0,0.59,0.435,0.165,0.9765,0.3636430481283422,0.2395,0.235,1
0.0,0.56,0.435,0.185,1.106,0.422,0.2435,0.33,1
1.0,0.365,0.26,0.115,0.218,0.0935,0.18345,0.07,1
2.0,0.395,0.4114915405164737,0.115,0.316,0.1205,0.0595,0.1105,1
0.0,0.66,0.535,0.1395244565217391,1.4415,0.5925,0.2775,0.49,1
2.0,0.525,0.4,0.13,0.8295,0.2405,0.1825,0.275,1
2.0,0.545,0.45,0.15,0.7805,0.3636430481283422,0.1625,0.216,0
2.0,0.5271073646850044,0.44,0.15,0.8725,0.387,0.215,0.245,0
2.0,0.595,0.465,0.175,1.115,0.4015,0.254,0.2423312775330396,1
0.0,0.64,0.5,0.18,1.4995,0.3636430481283422,0.314,0.431,1
2.0,0.5,0.385,0.12,0.6335,0.3636430481283422,0.125,0.235,1
2.0,0.495,0.4,0.155,0.8085,0.2345,0.1155,0.35,0
1.0,0.5,0.385,0.15,0.6265,0.2605,0.1665,0.2423312775330396,1
1.0,0.62,0.49,0.1395244565217391,1.066,0.446,0.246,0.305,1
2.0,0.67,0.52,0.165,1.39,0.3636430481283422,0.2865,0.3,1
1.0,0.33,0.26,0.085,0.1965,0.3636430481283422,0.0425,0.055,0
2.0,0.67,0.525,0.165,1.6085,0.682,0.3145,0.4005,1
0.0,0.655,0.4114915405164737,0.16,1.494,0.6895,0.331,0.1825,1
0.0,0.465,0.35,0.115,0.421,0.3636430481283422,0.091,0.1345,1
1.0,0.44,0.4114915405164737,0.095,0.3275,0.1495,0.059,0.1,0
2.0,0.385,0.295,0.095,0.8413552278820375,0.147,0.094,0.09,0
0.0,0.51,0.4114915405164737,0.13,0.5735,0.219,0.1365,0.195,1
2.0,0.585,0.455,0.15,0.987,0.3636430481283422,0.2075,0.31,1
0.0,0.62,0.51,0.175,1.2705,0.5415,0.323,0.3225,1
2.0,0.585,0.45,0.18,0.7995,0.336,0.1855,0.237,0
2.0,0.425,0.35,0.105,0.393,0.13,0.063,0.165,1
0.0,0.5271073646850044,0.445,0.155,1.017,0.5265,0.2025,0.265,1
0.0,0.54,0.4114915405164737,0.175,0.892,0.322,0.174,0.335,1
2.0,0.5,0.37,0.15,1.0615,0.494,0.223,0.296,1
2.0,0.58,0.45,0.14,0.8413552278820375,0.486,0.1815,0.253,1
2.0,0.675,0.525,0.185,1.587,0.3636430481283422,0.336,0.395,1
0.0,0.635,0.5,0.165,1.4595,0.705,0.2645,0.39,1
1.0099188458070334,0.64,0.5,0.175,1.273,0.5065,0.2925,0.405,1
2.0,0.56,0.41,0.165,0.93,0.3505,0.18345,0.3,1
2.0,0.645,0.485,0.215,1.514,0.546,0.2615,0.2423312775330396,1
1.0099188458070334,0.61,0.485,0.17,1.1005,0.5125,0.229,0.305,1
0.0,0.635,0.5,0.15,1.376,0.3636430481283422,0.361,0.31,1
0.0,0.5271073646850044,0.45,0.15,0.9645,0.531,0.189,0.209,1
1.0099188458070334,0.45,0.36,0.11,0.447,0.203,0.082,0.13,1
0.0,0.525,0.4,0.115,0.8413552278820375,0.2555,0.144,0.18,1
1.0,0.46,0.35,0.1,0.471,0.252,0.18345,0.123,0
2.0,0.57,0.45,0.16,0.8615,0.3636430481283422,0.2175,0.255,1
0.0,0.375,0.27,0.135,0.8413552278820375,0.272,0.131,0.1675,0
2.0,0.65,0.515,0.18,0.8413552278820375,0.5665,0.347,0.405,1
1.0099188458070334,0.575,0.445,0.135,0.883,0.381,0.2035,0.26,1
1.0,0.38,0.275,0.11,0.256,0.11,0.0535,0.0755,0
1.0099188458070334,0.425,0.325,0.105,0.3975,0.1815,0.081,0.1175,0
2.0,0.5271073646850044,0.405,0.135,0.7775,0.436,0.1715,0.1455,1
2.0,0.505,0.4114915405164737,0.13,0.764,0.3035,0.189,0.2175,1
2.0,0.555,0.435,0.1395244565217391,0.9205,0.404,0.2275,0.255,0
2.0,0.525,0.4,0.13,0.622,0.2655,0.147,0.184,1
0.0,0.655,0.51,0.175,1.415,0.3636430481283422,0.3725,0.364,1
0.0,0.5271073646850044,0.455,0.16,0.967,0.4525,0.207,0.274,1
0.0,0.49,0.36,0.11,0.5005,0.161,0.107,0.195,1
0.0,0.525,0.4,0.135,0.714,0.318,0.138,0.208,1
0.0,0.66,0.495,0.1395244565217391,1.548,0.724,0.3525,0.3925,1
0.0,0.49,0.39,0.135,0.5785,0.2465,0.123,0.2,1
2.0,0.565,0.4114915405164737,0.15,0.9795,0.444,0.205,0.275,0
0.0,0.615,0.475,0.17,1.055,0.543,0.18345,0.2345,1
2.0,0.53,0.435,0.135,0.7365,0.3275,0.1315,0.22,1
1.0,0.515,0.385,0.125,0.8413552278820375,0.3175,0.1265,0.15,0
2.0,0.515,0.435,0.145,0.8815,0.292,0.206,0.2423312775330396,1
1.0,0.295,0.22,0.065,0.1295,0.052,0.028,0.035,0
1.0,0.5271073646850044,0.275,0.1,0.2325,0.1165,0.042,0.065,0
0.0,0.37,0.295,0.1,0.2685,0.1165,0.056,0.0835,0
1.0,0.365,0.4114915405164737,0.095,0.25,0.1075,0.0545,0.08,1
1.0,0.575,0.45,0.1395244565217391,0.795,0.364,0.1505,0.26,1
0.0,0.595,0.48,0.15,1.11,0.498,0.228,0.33,1
0.0,0.62,0.515,0.1395244565217391,1.3255,0.6685,0.2605,0.335,1
2.0,0.55,0.4114915405164737,0.145,0.843,0.328,0.1915,0.255,1
0.0,0.685,0.54,0.16,1.6675,0.833,0.3775,0.475,1
1.0,0.54,0.425,0.13,0.8413552278820375,0.3675,0.1365,0.246,1
0.0,0.59,0.455,0.1395244565217391,1.063,0.5155,0.2445,0.25,0
1.0,0.61,0.49,0.16,1.1545,0.3636430481283422,0.2385,0.2915,1
0.0,0.615,0.475,0.155,1.027,0.3636430481283422,0.25,0.285,1
2.0,0.56,0.45,0.155,0.9125,0.3636430481283422,0.271,0.35,1
0.0,0.555,0.4114915405164737,0.145,0.8815,0.43,0.1975,0.2155,0
2.0,0.505,0.44,0.14,0.8413552278820375,0.3415,0.1855,0.239,0
0.0,0.595,0.5,0.18,1.053,0.4405,0.18345,0.39,1
1.0,0.515,0.42,0.15,0.6725,0.2555,0.1335,0.235,1
2.0,0.655,0.525,0.18,1.402,0.3636430481283422,0.2935,0.365,1
0.0,0.33,0.26,0.08,0.2,0.0625,0.05,0.07,1
1.0099188458070334,0.365,0.275,0.135,0.24,0.108,0.0445,0.0735,0
1.0099188458070334,0.65,0.52,0.195,1.676,0.693,0.44,0.47,1
2.0,0.62,0.49,0.15,1.195,0.4605,0.302,0.2423312775330396,1
2.0,0.42,0.34,0.115,0.8413552278820375,0.175,0.093,0.135,0
1.0,0.5271073646850044,0.305,0.09,0.3535,0.157,0.0745,0.1,0
0.0,0.66,0.505,0.19,0.8413552278820375,0.6255,0.3375,0.3745,1
1.0099188458070334,0.58,0.475,0.165,1.0385,0.414,0.26,0.305,1
2.0,0.565,0.455,0.1395244565217391,0.9265,0.354,0.1575,0.375,1
0.0,0.565,0.44,0.16,0.915,0.354,0.1935,0.2423312775330396,1
1.0099188458070334,0.52,0.385,0.165,0.791,0.375,0.18,0.1815,1
2.0,0.385,0.305,0.09,0.2775,0.109,0.0515,0.2423312775330396,1
2.0,0.585,0.465,0.15,0.98,0.4315,0.2545,0.2423312775330396,1
1.0,0.475,0.36,0.1395244565217391,0.4555,0.177,0.0965,0.145,1
1.0099188458070334,0.565,0.445,0.155,0.826,0.341,0.2055,0.2475,1
2.0,0.34,0.255,0.1395244565217391,0.213,0.081,0.034,0.07,1
1.0,0.5271073646850044,0.32,0.11,0.309,0.115,0.0645,0.0945,0
1.0,0.45,0.35,0.1395244565217391,0.4775,0.2235,0.089,0.118,0
2.0,0.63,0.53,0.18,1.2795,0.618,0.256,0.2423312775330396,1
0.0,0.655,0.54,0.175,0.8413552278820375,0.7285,0.402,0.385,1
0.0,0.65,0.5,0.16,0.8413552278820375,0.702,0.304,0.3195,1
0.0,0.635,0.505,0.185,1.3035,0.501,0.295,0.41,1
1.0099188458070334,0.56,0.43,0.145,0.898,0.3895,0.2325,0.245,1
0.0,0.575,0.43,0.155,0.7955,0.3485,0.1925,0.22,1
2.0,0.59,0.455,0.155,0.8855,0.388,0.18345,0.275,1
0.0,0.5,0.4,0.15,0.8413552278820375,0.273,0.112,0.295,1
1.0,0.5271073646850044,0.42,0.115,0.668,0.2925,0.137,0.209,1
0.0,0.46,0.355,0.13,0.8413552278820375,0.2205,0.114,0.165,1
0.0,0.67,0.505,0.175,1.0145,0.4375,0.271,0.3745,1
1.0,0.47,0.375,0.105,0.441,0.167,0.0865,0.145,1
1.0099188458070334,0.665,0.505,0.16,1.289,0.6145,0.253,0.3665,1
2.0,0.585,0.45,0.175,1.1275,0.4925,0.262,0.335,1
2.0,0.58,0.455,0.15,0.8413552278820375,0.4765,0.2155,0.265,0
1.0099188458070334,0.6,0.47,0.17,1.0805,0.4995,0.2245,0.3205,1
2.0,0.485,0.37,0.1395244565217391,0.968,0.419,0.2455,0.2365,1
0.0,0.545,0.4,0.14,0.8413552278820375,0.368,0.215,0.18,1
1.0,0.3,0.22,0.09,0.1425,0.057,0.0335,0.043,0
2.0,0.46,0.345,0.12,0.4935,0.2435,0.1175,0.132,0
2.0,0.5271073646850044,0.425,0.135,0.8445,0.373,0.21,0.235,1
1.0099188458070334,0.62,0.48,0.18,1.1305,0.5285,0.2655,0.306,1
1.0,0.45,0.35,0.135,0.494,0.2205,0.0945,0.1405,0
0.0,0.64,0.505,0.1395244565217391,1.3185,0.6185,0.302,0.3315,1
1.0,0.5271073646850044,0.43,0.145,0.833,0.354,0.144,0.2815,1
1.0,0.415,0.325,0.1,0.3335,0.1445,0.0715,0.095,0
0.0,0.63,0.5,0.1395244565217391,1.22,0.4905,0.3,0.345,1
1.0,0.445,0.355,0.095,0.3615,0.1415,0.0785,0.12,0
1.0,0.325,0.4114915405164737,0.07,0.161,0.0755,0.0255,0.045,0
2.0,0.46,0.36,0.125,0.547,0.2165,0.1105,0.19,0
2.0,0.565,0.4114915405164737,0.15,0.99,0.5795,0.1825,0.206,0
0.0,0.605,0.485,0.16,1.0565,0.37,0.2355,0.355,1
1.0,0.53,0.415,0.11,0.5745,0.2525,0.1235,0.189,1
0.0,0.635,0.475,0.15,1.1845,0.533,0.18345,0.291,1
1.0,0.565,0.4114915405164737,0.175,0.8735,0.414,0.21,0.21,1
2.0,0.5271073646850044,0.41,0.13,0.8705,0.4455,0.2115,0.213,1
1.0099188458070334,0.475,0.375,0.125,0.593,0.277,0.115,0.18,1
2.0,0.545,0.435,0.145,0.9385,0.3685,0.1245,0.345,1
0.0,0.505,0.38,0.135,0.6855,0.361,0.1565,0.161,1
0.0,0.5271073646850044,0.44,0.135,0.8435,0.434,0.1995,0.185,0
0.0,0.675,0.51,0.195,1.382,0.3636430481283422,0.3175,0.3965,1
1.0099188458070334,0.475,0.37,0.125,0.649,0.347,0.136,0.142,0
1.0,0.41,0.3,0.09,0.304,0.129,0.071,0.2423312775330396,0
0.0,0.585,0.435,0.14,0.8413552278820375,0.3085,0.129,0.2245,0
2.0,0.6,0.46,0.1395244565217391,1.1805,0.456,0.337,0.329,1
0.0,0.665,0.53,0.185,1.3955,0.456,0.3205,0.49,1
0.0,0.5271073646850044,0.5,0.18,1.2785,0.5345,0.2995,0.345,1
2.0,0.595,0.4114915405164737,0.185,1.1785,0.526,0.2975,0.314,1
1.0,0.44,0.34,0.1395244565217391,0.344,0.123,0.081,0.125,0
1.0,0.52,0.4,0.14,0.622,0.278,0.1455,0.2423312775330396,0
1.0099188458070334,0.375,0.285,0.1,0.239,0.105,0.0555,0.07,0
2.0,0.5271073646850044,0.475,0.175,1.3445,0.549,0.2875,0.36,1
1.0,0.45,0.355,0.12,0.8413552278820375,0.1145,0.0665,0.16,1
1.0099188458070334,0.585,0.465,0.165,0.9355,0.4035,0.2275,0.259,1
2.0,0.61,0.475,0.175,1.024,0.409,0.261,0.2423312775330396,1
1.0099188458070334,0.44,0.35,0.125,0.4035,0.175,0.063,0.129,1
2.0,0.62,0.51,0.175,1.615,0.5105,0.192,0.675,1
2.0,0.52,0.4114915405164737,0.165,0.8565,0.2745,0.201,0.21,1
1.0,0.545,0.43,0.1395244565217391,0.7285,0.302,0.1315,0.2545,1
0.0,0.465,0.35,0.125,0.482,0.23,0.18345,0.1095,0
1.0,0.375,0.4114915405164737,0.085,0.22,0.109,0.05,0.0605,0
1.0,0.335,0.255,0.1395244565217391,0.168,0.079,0.0355,0.05,0
1.0099188458070334,0.575,0.475,0.16,1.114,0.4955,0.2745,0.29,1
2.0,0.5271073646850044,0.36,0.135,0.501,0.1665,0.115,0.165,1
2.0,0.56,0.44,0.16,0.8645,0.3305,0.2075,0.26,1
1.0,0.405,0.3,0.11,0.32,0.172,0.044,0.093,0
2.0,0.54,0.4114915405164737,0.135,0.8075,0.3485,0.1795,0.235,1
2.0,0.67,0.505,0.16,1.2585,0.6255,0.311,0.2423312775330396,1
1.0099188458070334,0.355,0.27,0.075,0.1775,0.079,0.0315,0.054,0
0.0,0.655,0.505,0.195,0.8413552278820375,0.688,0.3805,0.363,1
0.0,0.63,0.5,0.1395244565217391,1.005,0.367,0.199,0.36,1
0.0,0.635,0.5,0.1395244565217391,1.29,0.593,0.3045,0.352,0
0.0,0.515,0.4,0.115,0.578,0.191,0.1445,0.17,1
2.0,0.56,0.445,0.16,0.8965,0.42,0.2175,0.2215,0
2.0,0.615,0.48,0.185,1.2205,0.3636430481283422,0.315,0.33,1
1.0,0.45,0.35,0.1395244565217391,0.547,0.245,0.1405,0.1405,0
0.0,0.66,0.505,0.185,0.8413552278820375,0.69,0.3025,0.441,1
0.0,0.4,0.335,0.115,0.4335,0.2105,0.18345,0.12,1
2.0,0.585,0.405,0.1395244565217391,1.2565,0.435,0.202,0.325,1
2.0,0.59,0.485,0.12,0.911,0.3636430481283422,0.182,0.29,1
1.0,0.43,0.325,0.1,0.3645,0.1575,0.0825,0.105,0
2.0,0.57,0.455,0.175,1.02,0.4805,0.2145,0.29,1
1.0099188458070334,0.425,0.32,0.1,0.3055,0.126,0.06,0.106,0
2.0,0.58,0.44,0.15,1.0465,0.518,0.2185,0.2795,1
2.0,0.625,0.48,0.16,1.2415,0.6575,0.2625,0.2423312775330396,1
2.0,0.51,0.41,0.145,0.796,0.3865,0.1815,0.1955,0
1.0,0.5271073646850044,0.425,0.145,0.89,0.4325,0.171,0.236,1
0.0,0.64,0.48,0.195,0.8413552278820375,0.4915,0.2345,0.353,1
0.0,0.655,0.455,0.17,1.275,0.583,0.303,0.333,0
1.0,0.295,0.22,0.085,0.1285,0.0585,0.027,0.0365,0
2.0,0.645,0.505,0.185,1.463,0.592,0.3905,0.2423312775330396,1
1.0099188458070334,0.535,0.42,0.16,0.72,0.275,0.164,0.225,1
1.0,0.325,0.4114915405164737,0.08,0.1735,0.0765,0.0345,0.049,0
2.0,0.59,0.47,0.15,0.861,0.413,0.164,0.249,0
0.0,0.495,0.4114915405164737,0.13,0.6905,0.3125,0.179,0.175,1
0.0,0.64,0.52,0.175,1.248,0.4245,0.2595,0.2423312775330396,1
0.0,0.475,0.38,0.145,0.57,0.3636430481283422,0.118,0.187,1
0.0,0.495,0.37,0.12,0.594,0.28,0.11,0.1375,0
1.0,0.49,0.385,0.1395244565217391,0.683,0.3265,0.1615,0.165,1
2.0,0.605,0.49,0.14,0.9755,0.419,0.206,0.315,1
1.0,0.39,0.3,0.095,0.3265,0.1665,0.0575,0.089,0
2.0,0.575,0.47,0.14,0.8375,0.3485,0.1735,0.24,1
1.0,0.45,0.34,0.105,0.4385,0.3636430481283422,0.0925,0.12,0
2.0,0.5271073646850044,0.375,0.13,0.5735,0.2505,0.119,0.195,1
1.0,0.43,0.33,0.095,0.32,0.118,0.065,0.123,0
2.0,0.525,0.42,0.155,0.842,0.428,0.18345,0.2045,1
2.0,0.48,0.385,0.145,0.64,0.3636430481283422,0.1405,0.1575,0
1.0,0.47,0.345,0.12,0.3685,0.1525,0.0615,0.125,0
1.0,0.465,0.4114915405164737,0.115,0.534,0.261,0.098,0.143,0
2.0,0.525,0.385,0.1,0.5115,0.246,0.1005,0.1455,0
2.0,0.525,0.43,0.165,0.8645,0.3636430481283422,0.1945,0.2515,1
2.0,0.425,0.33,0.08,0.361,0.3636430481283422,0.0825,0.125,0
2.0,0.505,0.385,0.13,0.8413552278820375,0.3135,0.149,0.1515,0
2.0,0.675,0.54,0.175,0.8413552278820375,0.6645,0.278,0.512,1
2.0,0.63,0.5,0.1395244565217391,1.2645,0.5635,0.3065,0.3425,1
2.0,0.585,0.475,0.12,0.8413552278820375,0.41,0.2115,0.28,1
2.0,0.345,0.4114915405164737,0.09,0.195,0.078,0.0455,0.059,1
1.0099188458070334,0.645,0.51,0.18,1.6195,0.7815,0.322,0.4675,1
0.0,0.67,0.51,0.155,1.278,0.5605,0.3045,0.358,1
0.0,0.46,0.36,0.115,0.4755,0.2105,0.18345,0.16,0
0.0,0.5271073646850044,0.475,0.16,1.0265,0.485,0.2495,0.2565,1
1.0099188458070334,0.49,0.395,0.135,0.5545,0.213,0.0925,0.215,1
1.0,0.35,0.265,0.11,0.209,0.3636430481283422,0.059,0.075,1
1.0099188458070334,0.45,0.355,0.105,0.5225,0.237,0.1165,0.145,0
1.0,0.67,0.485,0.175,1.2565,0.3636430481283422,0.322,0.386,1
0.0,0.57,0.45,0.175,0.9555,0.38,0.1665,0.295,1
2.0,0.68,0.52,0.165,1.4775,0.724,0.279,0.406,1
0.0,0.5271073646850044,0.485,0.19,1.3765,0.634,0.2885,0.406,1
1.0,0.315,0.23,0.07,0.144,0.053,0.0305,0.04,0
1.0099188458070334,0.45,0.34,0.13,0.3715,0.1605,0.0795,0.105,1
2.0,0.47,0.38,0.1395244565217391,0.5865,0.2385,0.144,0.185,0
2.0,0.575,0.445,0.16,0.839,0.3636430481283422,0.198,0.239,1
2.0,0.45,0.355,0.12,0.3955,0.147,0.0765,0.145,1
2.0,0.41,0.3,0.1,0.301,0.124,0.069,0.09,1
2.0,0.63,0.485,0.16,1.243,0.623,0.18345,0.3,1
0.0,0.64,0.5,0.17,1.12,0.4955,0.2645,0.32,1
1.0,0.5271073646850044,0.4,0.125,0.617,0.279,0.127,0.19,0
1.0099188458070334,0.625,0.47,0.15,1.124,0.556,0.2315,0.287,1
1.0,0.5271073646850044,0.37,0.115,0.637,0.38,0.1335,0.128,0
1.0,0.47,0.35,0.135,0.567,0.2315,0.1465,0.1525,1
1.0,0.5271073646850044,0.28,0.125,0.244,0.102,0.038,0.085,0
2.0,0.625,0.48,0.1395244565217391,1.2065,0.587,0.29,0.286,0
1.0,0.325,0.225,0.1395244565217391,0.139,0.0565,0.032,0.09,0
2.0,0.59,0.46,0.1395244565217391,0.906,0.327,0.1485,0.335,1
1.0099188458070334,0.68,0.54,0.195,1.7825,0.5565,0.3235,0.4285,1
1.0,0.415,0.315,0.09,0.3625,0.175,0.0835,0.2423312775330396,0
1.0,0.44,0.355,0.1395244565217391,0.435,0.159,0.105,0.14,1
1.0,0.435,0.34,0.11,0.407,0.1685,0.073,0.13,1
0.0,0.585,0.465,0.145,0.9855,0.4325,0.18345,0.2845,1
0.0,0.57,0.43,0.16,0.811,0.3875,0.159,0.2285,1
1.0,0.425,0.325,0.1,0.398,0.1185,0.0645,0.2423312775330396,0
1.0,0.545,0.42,0.165,0.8935,0.4235,0.18345,0.228,0
2.0,0.625,0.49,0.165,1.1165,0.4895,0.18345,0.3325,1
0.0,0.55,0.45,0.15,0.875,0.362,0.18345,0.2765,1
2.0,0.5271073646850044,0.565,0.145,1.187,0.691,0.1945,0.2685,0
0.0,0.665,0.505,0.1395244565217391,1.2915,0.631,0.2925,0.32,1
1.0,0.575,0.435,0.13,0.805,0.3636430481283422,0.2155,0.245,1
2.0,0.44,0.35,0.11,0.4585,0.2,0.0885,0.13,1
0.0,0.605,0.475,0.165,1.056,0.433,0.2195,0.357,1
2.0,0.505,0.395,0.135,0.5915,0.288,0.1315,0.185,1
2.0,0.55,0.425,0.155,0.9175,0.2775,0.243,0.335,1
2.0,0.63,0.47,0.145,1.1005,0.52,0.26,0.276,1
2.0,0.495,0.4114915405164737,0.165,0.7485,0.264,0.134,0.285,1
1.0,0.305,0.4114915405164737,0.065,0.1075,0.044,0.0205,0.038,0
1.0,0.37,0.29,0.08,0.2545,0.108,0.0565,0.07,0
2.0,0.65,0.525,0.1395244565217391,1.3685,0.5975,0.296,0.4,1
2.0,0.565,0.455,0.15,0.9595,0.4565,0.2395,0.23,1
0.0,0.67,0.4114915405164737,0.2,1.46,0.6435,0.328,0.4165,1
2.0,0.54,0.435,0.14,0.7345,0.33,0.1595,0.213,1
1.0,0.42,0.305,0.1,0.3415,0.1645,0.0775,0.086,0
1.0099188458070334,0.58,0.445,0.135,0.814,0.3775,0.1915,0.22,1
0.0,0.625,0.4114915405164737,0.18,1.354,0.4845,0.351,0.375,1
0.0,0.47,0.4114915405164737,0.12,0.543,0.2295,0.1495,0.15,1
1.0,0.5,0.4114915405164737,0.125,0.583,0.294,0.132,0.1605,0
2.0,0.685,0.51,0.165,1.545,0.686,0.3775,0.2423312775330396,1
0.0,0.59,0.44,0.14,1.007,0.3636430481283422,0.2105,0.2925,1
2.0,0.62,0.4114915405164737,0.155,1.2555,0.527,0.374,0.3175,1
1.0,0.47,0.355,0.1395244565217391,0.3685,0.126,0.0835,0.1365,0
1.0,0.47,0.355,0.1395244565217391,0.393,0.167,0.0885,0.115,0
2.0,0.595,0.455,0.15,0.886,0.4315,0.201,0.223,1
0.0,0.37,0.28,0.1395244565217391,0.2305,0.0945,0.0465,0.075,1
0.0,0.65,0.545,0.185,1.5055,0.6565,0.341,0.2423312775330396,1
1.0099188458070334,0.66,0.515,0.155,1.4415,0.7055,0.3555,0.335,1
0.0,0.51,0.37,0.1395244565217391,1.183,0.508,0.292,0.343,1
1.0099188458070334,0.545,0.43,0.165,0.802,0.2935,0.183,0.28,1
2.0,0.6,0.475,0.17,1.1315,0.508,0.18345,0.309,1
2.0,0.33,0.255,0.095,0.1875,0.0735,0.045,0.06,0
1.0,0.49,0.38,0.12,0.8413552278820375,0.2165,0.139,0.155,1
1.0,0.405,0.305,0.1,0.8413552278820375,0.0965,0.061,0.091,0
0.0,0.625,0.49,0.155,1.2085,0.465,0.162,0.2423312775330396,1
0.0,0.655,0.53,0.165,1.2835,0.583,0.1255,0.4,0
2.0,0.6,0.45,0.16,1.142,0.539,0.225,0.307,1
2.0,0.495,0.4,0.1395244565217391,0.7775,0.2015,0.18,0.25,1
1.0,0.485,0.36,0.1395244565217391,0.5155,0.2465,0.1025,0.147,0
1.0099188458070334,0.63,0.49,0.17,1.217,0.5515,0.212,0.31,1
0.0,0.62,0.485,0.155,1.1945,0.3636430481283422,0.271,0.352,1
0.0,0.66,0.565,0.195,1.7605,0.692,0.3265,0.5,1
0.0,0.61,0.485,0.15,1.2405,0.6025,0.18345,0.3085,1
1.0,0.39,0.29,0.09,0.2625,0.3636430481283422,0.054,0.077,0
1.0,0.445,0.33,0.12,0.347,0.12,0.084,0.105,1
0.0,0.535,0.45,0.135,0.8075,0.322,0.181,0.2423312775330396,1
1.0099188458070334,0.4,0.305,0.1,0.3415,0.176,0.0625,0.0865,0
1.0,0.42,0.325,0.11,0.8413552278820375,0.1245,0.0755,0.1025,0
1.0,0.48,0.335,0.125,0.524,0.3636430481283422,0.1095,0.145,0
1.0,0.55,0.45,0.1395244565217391,0.753,0.3445,0.1325,0.24,0
1.0,0.465,0.375,0.12,0.471,0.222,0.119,0.2423312775330396,1
2.0,0.57,0.42,0.1395244565217391,0.8745,0.416,0.165,0.25,0
0.0,0.61,0.495,0.16,1.089,0.469,0.18345,0.384,1
0.0,0.5,0.4114915405164737,0.125,0.5765,0.2395,0.126,0.185,1
0.0,0.645,0.525,0.19,1.8085,0.7035,0.18345,0.395,1
2.0,0.66,0.4114915405164737,0.165,1.4465,0.694,0.298,0.3755,1
2.0,0.64,0.515,0.18,1.247,0.5475,0.2925,0.2423312775330396,1
0.0,0.575,0.48,0.165,1.078,0.511,0.2095,0.306,1
1.0,0.385,0.3,0.095,0.302,0.152,0.0615,0.0735,0
0.0,0.575,0.46,0.19,0.994,0.3636430481283422,0.2425,0.34,1
2.0,0.515,0.35,0.155,0.9225,0.4185,0.18345,0.273,1
1.0,0.375,0.28,0.085,0.3155,0.187,0.046,0.067,0
1.0,0.315,0.245,0.085,0.1435,0.053,0.0475,0.05,0
0.0,0.63,0.48,0.165,1.2615,0.5505,0.277,0.3885,1
2.0,0.53,0.435,0.155,0.699,0.288,0.1595,0.205,1
1.0,0.54,0.4,0.145,0.757,0.315,0.181,0.2423312775330396,1
1.0,0.65,0.52,0.15,1.238,0.5495,0.296,0.3305,1
0.0,0.605,0.5,0.185,1.1185,0.3636430481283422,0.2585,0.335,1
1.0,0.58,0.445,0.15,0.8865,0.383,0.18345,0.255,1
2.0,0.615,0.47,0.165,1.128,0.4465,0.2195,0.34,1
0.0,0.65,0.525,0.175,1.4225,0.61,0.2995,0.2423312775330396,1
1.0,0.34,0.25,0.075,0.1785,0.0665,0.0455,0.045,0
2.0,0.445,0.345,0.09,0.8413552278820375,0.143,0.074,0.125,1
0.0,0.665,0.4114915405164737,0.18,1.5785,0.678,0.229,0.456,1
1.0,0.35,0.25,0.1,0.8413552278820375,0.1725,0.063,0.1255,0
1.0,0.575,0.45,0.135,0.8413552278820375,0.3375,0.2115,0.239,1
0.0,0.5271073646850044,0.52,0.165,1.3405,0.5065,0.296,0.412,1
1.0099188458070334,0.6,0.465,0.155,1.04,0.4755,0.25,0.28,1
2.0,0.35,0.255,0.08,0.1915,0.08,0.0385,0.063,1
1.0099188458070334,0.56,0.43,0.125,0.8025,0.313,0.1715,0.263,1
2.0,0.545,0.45,0.15,0.8795,0.387,0.18345,0.2625,1
0.0,0.455,0.37,0.105,0.8413552278820375,0.216,0.1245,0.135,1
2.0,0.6,0.4114915405164737,0.155,1.014,0.451,0.1885,0.325,1
2.0,0.675,0.525,0.16,1.2835,0.572,0.2755,0.2423312775330396,1
1.0,0.43,0.32,0.1395244565217391,0.3465,0.1635,0.08,0.09,0
1.0,0.285,0.225,0.07,0.1005,0.0425,0.0185,0.035,0
1.0,0.5,0.38,0.135,0.5285,0.226,0.123,0.2423312775330396,0
2.0,0.525,0.415,0.1395244565217391,0.7945,0.394,0.189,0.202,0
1.0,0.545,0.4114915405164737,0.14,0.8145,0.305,0.231,0.244,1
0.0,0.55,0.43,0.125,0.923,0.4035,0.175,0.2423312775330396,0
1.0,0.5271073646850044,0.22,0.065,0.096,0.0405,0.0205,0.03,0
2.0,0.6,0.4114915405164737,0.17,1.1915,0.696,0.2395,0.24,0
1.0,0.535,0.45,0.17,0.781,0.3055,0.1555,0.295,1
1.0,0.5271073646850044,0.23,0.08,0.1275,0.0435,0.0265,0.04,0
1.0,0.535,0.4114915405164737,0.135,0.728,0.2845,0.1845,0.265,1
0.0,0.5271073646850044,0.51,0.175,1.1255,0.4985,0.227,0.315,1
2.0,0.58,0.4114915405164737,0.15,0.97,0.385,0.2165,0.35,1
0.0,0.545,0.44,0.175,0.7745,0.2985,0.1875,0.265,1
1.0099188458070334,0.655,0.515,0.2,1.373,0.443,0.3375,0.49,1
1.0,0.4,0.295,0.095,0.8413552278820375,0.1105,0.0575,0.066,0
0.0,0.5271073646850044,0.495,0.165,1.262,0.507,0.318,0.39,1
1.0,0.355,0.275,0.085,0.22,0.092,0.06,0.15,0
1.0,0.5271073646850044,0.36,0.11,0.452,0.191,0.099,0.13,0
2.0,0.64,0.4114915405164737,0.155,1.1955,0.5565,0.211,0.346,1
2.0,0.505,0.4114915405164737,0.115,0.5585,0.2575,0.119,0.1535,0
0.0,0.5271073646850044,0.415,0.15,0.7775,0.237,0.1415,0.33,1
1.0,0.405,0.315,0.105,0.347,0.1605,0.0785,0.2423312775330396,1
1.0,0.5271073646850044,0.37,0.11,0.445,0.1635,0.096,0.166,0
2.0,0.38,0.285,0.1,0.2665,0.115,0.061,0.075,1
0.0,0.49,0.385,0.16,0.656,0.2455,0.171,0.205,1
1.0,0.43,0.32,0.1395244565217391,0.3855,0.192,0.0745,0.1,0
0.0,0.48,0.405,0.13,0.6375,0.277,0.1445,0.2423312775330396,1
1.0099188458070334,0.55,0.385,0.13,0.7275,0.343,0.1625,0.19,0
2.0,0.425,0.325,0.12,0.3755,0.142,0.1065,0.105,1
2.0,0.645,0.515,0.175,1.6115,0.6745,0.384,0.385,1
2.0,0.7,0.545,0.185,1.6135,0.75,0.4035,0.3685,1
0.0,0.505,0.375,0.1395244565217391,0.5895,0.2635,0.12,0.167,1
1.0099188458070334,0.3,0.22,0.065,0.1235,0.059,0.026,0.0315,0
1.0,0.525,0.38,0.135,0.615,0.261,0.159,0.175,0
2.0,0.63,0.485,0.145,1.062,0.3636430481283422,0.1785,0.3365,1
1.0099188458070334,0.63,0.515,0.165,1.352,0.488,0.349,0.45,1
2.0,0.5271073646850044,0.435,0.165,0.9955,0.3245,0.2665,0.325,1
0.0,0.655,0.52,0.2,1.5475,0.3636430481283422,0.314,0.466,1
2.0,0.54,0.41,0.145,0.989,0.2815,0.213,0.355,1
1.0,0.5271073646850044,0.4,0.14,0.601,0.2625,0.1285,0.1835,1
0.0,0.645,0.51,0.19,1.363,0.573,0.362,0.36,1
1.0,0.61,0.4114915405164737,0.17,1.0385,0.4435,0.241,0.32,1
1.0,0.385,0.29,0.1,0.2575,0.1,0.061,0.2423312775330396,0
2.0,0.56,0.425,0.135,0.9415,0.509,0.18345,0.1975,1
2.0,0.56,0.45,0.1395244565217391,1.011,0.3835,0.2065,0.37,1
1.0,0.435,0.4114915405164737,0.125,0.4075,0.1535,0.074,0.165,1
1.0,0.305,0.225,0.09,0.1465,0.063,0.034,0.0415,0
2.0,0.47,0.375,0.13,0.523,0.214,0.132,0.145,0
2.0,0.585,0.51,0.16,0.8413552278820375,0.639,0.241,0.3,1
1.0,0.485,0.365,0.09,0.651,0.3165,0.132,0.18,0
0.0,0.5271073646850044,0.48,0.23,1.0935,0.403,0.245,0.355,1
1.0,0.435,0.345,0.12,0.3215,0.13,0.056,0.1185,0
1.0099188458070334,0.69,0.54,0.155,1.454,0.624,0.3105,0.39,1
1.0,0.525,0.4,0.13,0.6445,0.345,0.18345,0.2,0
1.0,0.375,0.285,0.09,0.8413552278820375,0.119,0.0595,0.0675,0
2.0,0.59,0.4114915405164737,0.155,0.874,0.369,0.2135,0.24,0
2.0,0.665,0.525,0.175,1.443,0.3636430481283422,0.3845,0.353,1
0.0,0.435,0.32,0.12,0.8413552278820375,0.152,0.0915,0.125,1
0.0,0.635,0.5,0.18,1.312,0.529,0.2485,0.485,1
2.0,0.61,0.48,0.15,1.2,0.3636430481283422,0.2455,0.28,1
2.0,0.61,0.49,0.16,1.112,0.465,0.228,0.2423312775330396,1
1.0099188458070334,0.64,0.54,0.175,1.571,0.627,0.271,0.475,1
0.0,0.66,0.53,0.185,1.3485,0.493,0.245,0.49,1
0.0,0.43,0.35,0.09,0.397,0.1575,0.18345,0.12,1
0.0,0.525,0.38,0.14,0.6065,0.194,0.1475,0.21,1
2.0,0.525,0.4,0.1395244565217391,0.7325,0.334,0.1575,0.17,1
0.0,0.65,0.505,0.175,1.2075,0.3636430481283422,0.262,0.39,1
1.0,0.485,0.4114915405164737,0.13,0.568,0.2505,0.178,0.154,0
1.0,0.37,0.28,0.085,0.198,0.3636430481283422,0.0455,0.058,0
1.0,0.35,0.26,0.1395244565217391,0.221,0.0985,0.043,0.07,0
1.0099188458070334,0.365,0.27,0.085,0.205,0.078,0.0485,0.07,0
2.0,0.7,0.53,0.19,1.3185,0.548,0.233,0.2423312775330396,1
1.0,0.465,0.355,0.12,0.5805,0.255,0.0915,0.2423312775330396,0
2.0,0.655,0.49,0.175,0.8413552278820375,0.6395,0.294,0.365,1
0.0,0.625,0.5,0.15,0.953,0.3445,0.18345,0.305,1
0.0,0.445,0.335,0.11,0.4355,0.2025,0.18345,0.1195,0
1.0,0.405,0.3,0.09,0.2885,0.138,0.0635,0.0765,0
1.0099188458070334,0.435,0.35,0.105,0.4195,0.194,0.1005,0.13,0
0.0,0.61,0.495,0.185,1.1085,0.3705,0.18345,0.33,1
2.0,0.66,0.51,0.165,1.6375,0.3636430481283422,0.3545,0.3925,1
1.0099188458070334,0.6,0.475,0.175,1.11,0.5105,0.256,0.285,1
0.0,0.5,0.375,0.1395244565217391,0.604,0.242,0.1415,0.179,1
0.0,0.5271073646850044,0.52,0.185,1.494,0.615,0.3935,0.406,1
1.0,0.52,0.4114915405164737,0.125,0.5805,0.2445,0.146,0.165,1
1.0,0.545,0.435,0.1395244565217391,0.7715,0.372,0.148,0.227,0
2.0,0.5271073646850044,0.47,0.18,1.1155,0.479,0.2565,0.321,1
1.0,0.38,0.3,0.1,0.286,0.1305,0.18345,0.09,0
1.0,0.415,0.4114915405164737,0.095,0.311,0.1125,0.0625,0.115,0
2.0,0.36,0.295,0.13,0.8413552278820375,0.0895,0.057,0.1005,1
2.0,0.625,0.5,0.13,1.082,0.5785,0.2045,0.25,0
0.0,0.6,0.475,0.1395244565217391,1.21,0.653,0.1695,0.3205,1
2.0,0.53,0.42,0.165,0.8945,0.319,0.239,0.245,1
1.0,0.435,0.33,0.125,0.8413552278820375,0.1685,0.1055,0.096,1
1.0,0.575,0.43,0.1395244565217391,0.7425,0.2895,0.2005,0.22,0
1.0099188458070334,0.55,0.42,0.145,0.7385,0.321,0.1485,0.252,1
2.0,0.5271073646850044,0.47,0.15,0.928,0.4225,0.183,0.275,0
2.0,0.6,0.4114915405164737,0.155,1.036,0.4375,0.196,0.325,1
1.0,0.45,0.34,0.095,0.3245,0.1385,0.064,0.2423312775330396,0
2.0,0.58,0.465,0.15,0.9065,0.371,0.1965,0.29,0
1.0,0.375,0.29,0.1,0.219,0.0925,0.038,0.075,0
2.0,0.59,0.47,0.18,1.187,0.3636430481283422,0.227,0.31,1
0.0,0.565,0.46,0.15,0.8765,0.3455,0.1925,0.275,1
0.0,0.66,0.52,0.2,1.676,0.673,0.4805,0.45,1
2.0,0.705,0.55,0.21,1.4385,0.655,0.3255,0.462,1
2.0,0.645,0.495,0.15,1.2095,0.603,0.2225,0.339,1
1.0,0.435,0.335,0.095,0.8413552278820375,0.109,0.058,0.115,0
0.0,0.52,0.4,0.13,0.6245,0.215,0.2065,0.2423312775330396,1
0.0,0.615,0.46,0.15,1.0265,0.3636430481283422,0.201,0.2745,1
0.0,0.545,0.405,0.175,0.8413552278820375,0.2585,0.207,0.38,1
0.0,0.56,0.44,0.155,0.8413552278820375,0.4315,0.263,0.255,1
0.0,0.595,0.465,0.14,0.8413552278820375,0.5175,0.244,0.305,1
1.0,0.37,0.28,0.095,0.2865,0.1505,0.069,0.0795,0
0.0,0.61,0.49,0.1395244565217391,1.1775,0.5655,0.2385,0.295,1
1.0,0.435,0.345,0.12,0.4475,0.221,0.112,0.125,0
2.0,0.55,0.45,0.17,0.81,0.3636430481283422,0.157,0.22,1
0.0,0.56,0.44,0.135,0.8025,0.35,0.1615,0.259,1
1.0,0.32,0.235,0.08,0.1485,0.064,0.031,0.2423312775330396,0
0.0,0.695,0.535,0.2,1.5855,0.3636430481283422,0.334,0.471,1
2.0,0.53,0.425,0.13,0.702,0.2975,0.1395,0.22,1
0.0,0.58,0.46,0.1395244565217391,0.926,0.4025,0.208,0.275,0
0.0,0.615,0.5,0.165,1.327,0.6,0.3015,0.355,1
1.0,0.495,0.4,0.1395244565217391,0.578,0.2545,0.1305,0.1645,0
1.0,0.575,0.45,0.125,0.78,0.3275,0.18345,0.235,1
1.0,0.5271073646850044,0.425,0.135,0.8205,0.3715,0.185,0.236,1
2.0,0.57,0.45,0.155,1.1935,0.513,0.21,0.343,1
1.0,0.495,0.38,0.135,0.5095,0.2065,0.1165,0.165,0
0.0,0.62,0.51,0.15,1.456,0.581,0.2875,0.32,1
1.0099188458070334,0.515,0.39,0.155,0.7125,0.3695,0.137,0.155,0
2.0,0.59,0.4114915405164737,0.15,0.853,0.326,0.2615,0.245,1
0.0,0.585,0.45,0.145,0.9835,0.4845,0.242,0.22,1
2.0,0.61,0.49,0.16,1.146,0.597,0.246,0.265,0
0.0,0.53,0.41,0.13,0.6965,0.302,0.1935,0.2,1
0.0,0.585,0.47,0.17,1.099,0.3975,0.2325,0.358,1
0.0,0.62,0.465,0.14,1.1605,0.6005,0.2195,0.307,1
1.0,0.335,0.4114915405164737,0.09,0.1835,0.078,0.024,0.065,1
1.0099188458070334,0.65,0.495,0.16,1.3105,0.577,0.3315,0.355,1
0.0,0.645,0.52,0.18,1.285,0.5775,0.352,0.317,1
1.0,0.35,0.27,0.075,0.215,0.1,0.036,0.065,0
2.0,0.65,0.5,0.1395244565217391,1.202,0.565,0.3135,0.294,1
1.0099188458070334,0.62,0.48,0.16,1.0765,0.412,0.253,0.3,1
2.0,0.605,0.445,0.14,0.982,0.4295,0.2085,0.295,1
1.0099188458070334,0.34,0.265,0.085,0.1835,0.077,0.046,0.065,1
1.0,0.57,0.44,0.15,0.755,0.3425,0.16,0.224,0
0.0,0.47,0.355,0.18,0.441,0.1525,0.1165,0.135,0
2.0,0.475,0.395,0.135,0.592,0.2465,0.1645,0.2,1
2.0,0.53,0.41,0.165,0.732,0.189,0.17,0.31,1
2.0,0.62,0.485,0.145,1.003,0.4655,0.2195,0.28,1
1.0099188458070334,0.515,0.375,0.14,0.6505,0.2495,0.141,0.2215,1
2.0,0.51,0.405,0.15,0.7035,0.347,0.134,0.2423312775330396,0
1.0,0.5271073646850044,0.355,0.12,0.4915,0.1765,0.1125,0.1325,1
1.0,0.42,0.315,0.11,0.4025,0.1855,0.18345,0.1015,0
0.0,0.575,0.48,0.17,1.1,0.506,0.2485,0.31,1
0.0,0.58,0.455,0.1395244565217391,0.9215,0.312,0.196,0.3,1
1.0,0.58,0.46,0.14,0.9265,0.4135,0.1845,0.27,1
2.0,0.645,0.495,0.19,1.539,0.6115,0.408,0.445,1
1.0,0.535,0.455,0.1395244565217391,1.0015,0.53,0.1765,0.244,1
0.0,0.615,0.465,0.15,0.923,0.4615,0.1825,0.2415,1
0.0,0.38,0.325,0.11,0.3105,0.3636430481283422,0.074,0.105,1
0.0,0.475,0.35,0.115,0.452,0.3636430481283422,0.092,0.155,1
0.0,0.56,0.43,0.15,0.8745,0.453,0.161,0.22,0
0.0,0.5271073646850044,0.485,0.16,1.254,0.591,0.259,0.3485,1
0.0,0.6,0.4114915405164737,0.15,1.0075,0.4425,0.221,0.28,1
1.0,0.315,0.23,0.09,0.1285,0.043,0.04,0.04,0
0.0,0.665,0.515,0.185,1.3405,0.5595,0.18345,0.4375,1
1.0,0.5271073646850044,0.43,0.13,0.7045,0.346,0.1415,0.189,1
0.0,0.545,0.4114915405164737,0.125,0.6935,0.2975,0.146,0.21,1
0.0,0.56,0.45,0.1395244565217391,1.0235,0.429,0.268,0.3,1
2.0,0.64,0.575,0.175,1.4585,0.3636430481283422,0.266,0.4395,1
1.0099188458070334,0.505,0.39,0.185,0.6125,0.267,0.142,0.172,0
0.0,0.595,0.465,0.145,0.7955,0.3425,0.1795,0.2425,1
1.0,0.5,0.4,0.12,0.616,0.3636430481283422,0.143,0.1935,0
1.0,0.48,0.39,0.1395244565217391,0.5825,0.2315,0.121,0.255,1
0.0,0.605,0.49,0.1395244565217391,1.1345,0.4305,0.2525,0.35,1
0.0,0.63,0.475,0.15,1.072,0.433,0.2975,0.315,0
0.0,0.625,0.5,0.16,1.217,0.5725,0.18345,0.355,1
2.0,0.605,0.475,0.14,1.1175,0.555,0.257,0.274,1
1.0,0.495,0.38,0.1395244565217391,0.5125,0.2185,0.116,0.16,0
0.0,0.645,0.49,0.19,1.3065,0.479,0.3565,0.2423312775330396,1
1.0099188458070334,0.44,0.34,0.105,0.364,0.148,0.0805,0.1175,0
1.0,0.37,0.29,0.1,0.8413552278820375,0.1025,0.0505,0.085,1
0.0,0.44,0.4114915405164737,0.115,0.4005,0.143,0.113,0.12,0
0.0,0.66,0.5,0.175,0.8413552278820375,0.556,0.2805,0.4085,1
0.0,0.485,0.395,0.16,0.66,0.2475,0.128,0.235,1
2.0,0.58,0.455,0.135,0.7955,0.405,0.167,0.204,1
1.0,0.5271073646850044,0.215,0.07,0.121,0.047,0.0155,0.0405,0
2.0,0.605,0.465,0.165,1.056,0.4215,0.18345,0.34,1
1.0,0.395,0.29,0.095,0.304,0.3636430481283422,0.084,0.077,0
1.0,0.505,0.4114915405164737,0.13,0.599,0.2245,0.1175,0.225,1
0.0,0.385,0.3,0.1,0.2725,0.1115,0.18345,0.08,0
0.0,0.57,0.445,0.15,0.995,0.504,0.185,0.2505,1
0.0,0.485,0.38,0.1395244565217391,0.605,0.2155,0.14,0.18,1
0.0,0.34,0.255,0.085,0.204,0.097,0.021,0.05,0
1.0099188458070334,0.62,0.45,0.2,0.858,0.4285,0.1525,0.2405,0
0.0,0.595,0.435,0.15,0.9,0.4175,0.17,0.265,0
2.0,0.61,0.5,0.165,1.2715,0.4915,0.185,0.2423312775330396,1
0.0,0.525,0.4114915405164737,0.135,0.7905,0.4065,0.198,0.177,0
1.0,0.37,0.28,0.09,0.2565,0.3636430481283422,0.0645,0.0645,0
0.0,0.545,0.4114915405164737,0.15,0.9475,0.366,0.239,0.275,0
1.0,0.425,0.38,0.1395244565217391,0.3265,0.1285,0.0785,0.1,1
1.0099188458070334,0.375,0.26,0.08,0.2075,0.09,0.0415,0.07,0
1.0,0.295,0.225,0.09,0.1105,0.3636430481283422,0.0245,0.032,0
1.0,0.5271073646850044,0.43,0.15,0.8215,0.332,0.1685,0.29,1
1.0,0.36,0.285,0.105,0.8413552278820375,0.0915,0.057,0.075,0
0.0,0.325,0.26,0.09,0.1915,0.085,0.036,0.062,0
2.0,0.5271073646850044,0.515,0.17,1.331,0.5725,0.3005,0.361,1
1.0,0.435,0.33,0.105,0.335,0.156,0.0555,0.2423312775330396,0
0.0,0.64,0.49,0.18,1.36,0.653,0.347,0.305,1
1.0,0.39,0.31,0.1395244565217391,0.302,0.116,0.064,0.115,1
0.0,0.58,0.4114915405164737,0.135,0.925,0.391,0.165,0.275,1
1.0,0.515,0.39,0.12,0.565,0.235,0.135,0.2423312775330396,1
1.0,0.375,0.28,0.08,0.8413552278820375,0.1125,0.0455,0.067,0
1.0099188458070334,0.605,0.455,0.145,0.9775,0.468,0.1775,0.275,1
2.0,0.625,0.47,0.17,1.1665,0.4605,0.2565,0.3945,1
2.0,0.57,0.44,0.175,0.9415,0.3805,0.2285,0.2423312775330396,1
2.0,0.625,0.47,0.145,1.7855,0.675,0.247,0.3245,1
2.0,0.4,0.31,0.11,0.314,0.3636430481283422,0.057,0.1,1
0.0,0.575,0.47,0.165,0.869,0.435,0.197,0.238,1
0.0,0.665,0.515,0.18,1.389,0.3636430481283422,0.324,0.395,1
0.0,0.465,0.35,0.1395244565217391,0.4085,0.165,0.102,0.131,0
2.0,0.53,0.405,0.15,0.8413552278820375,0.352,0.187,0.2525,1
2.0,0.455,0.375,0.125,0.484,0.2155,0.18345,0.165,0
0.0,0.44,0.34,0.1,0.451,0.188,0.087,0.13,1
2.0,0.57,0.42,0.155,1.008,0.3636430481283422,0.193,0.34,1
1.0,0.5271073646850044,0.335,0.11,0.334,0.1355,0.0775,0.0965,0
1.0099188458070334,0.535,0.405,0.185,0.8345,0.3175,0.1725,0.29,1
1.0099188458070334,0.645,0.5,0.195,1.401,0.6165,0.3515,0.3725,1
2.0,0.5271073646850044,0.235,0.1,0.258,0.1055,0.054,0.08,0
0.0,0.5271073646850044,0.485,0.16,1.222,0.53,0.2575,0.28,1
2.0,0.635,0.51,0.17,1.3555,0.619,0.18345,0.39,1
0.0,0.585,0.475,0.185,0.8413552278820375,0.3465,0.1785,0.275,1
0.0,0.605,0.475,0.1395244565217391,1.0185,0.4695,0.225,0.27,1
1.0,0.5271073646850044,0.28,0.08,0.2025,0.0825,0.048,0.065,0
0.0,0.57,0.465,0.155,0.872,0.3245,0.239,0.2423312775330396,1
0.0,0.555,0.43,0.14,0.7545,0.3525,0.1835,0.2015,1
1.0,0.51,0.39,0.125,0.597,0.293,0.1265,0.1555,0
1.0,0.44,0.34,0.1,0.407,0.209,0.0735,0.103,0
1.0,0.375,0.275,0.09,0.218,0.093,0.18345,0.0755,0
2.0,0.62,0.525,0.155,1.085,0.454,0.1965,0.35,1
0.0,0.66,0.5,0.1395244565217391,1.1905,0.4585,0.298,0.37,1
0.0,0.6,0.455,0.145,0.8895,0.419,0.18345,0.269,1
1.0,0.5271073646850044,0.4,0.11,0.597,0.2935,0.1155,0.16,0
0.0,0.59,0.415,0.15,0.8805,0.3645,0.234,0.2423312775330396,1
2.0,0.64,0.485,0.16,0.8413552278820375,0.456,0.2245,0.2835,1
0.0,0.565,0.45,0.185,0.9285,0.302,0.1805,0.265,1
2.0,0.67,0.545,0.2,1.7025,0.833,0.374,0.41,1
1.0,0.5,0.37,0.115,0.8413552278820375,0.306,0.112,0.141,0
1.0,0.5271073646850044,0.265,0.08,0.2015,0.09,0.0475,0.055,0
0.0,0.475,0.36,0.125,0.447,0.1695,0.18345,0.14,1
1.0,0.46,0.35,0.115,0.4155,0.18,0.098,0.1175,0
1.0,0.435,0.315,0.11,0.8413552278820375,0.1615,0.0715,0.12,0
0.0,0.525,0.39,0.1395244565217391,0.6005,0.2265,0.131,0.21,1
1.0,0.47,0.375,0.125,0.8413552278820375,0.2265,0.104,0.162,0
1.0099188458070334,0.345,0.255,0.095,0.183,0.075,0.0385,0.06,0
2.0,0.47,0.385,0.135,0.5895,0.2765,0.12,0.2423312775330396,0
2.0,0.43,0.335,0.12,0.8413552278820375,0.1985,0.0865,0.1035,0
2.0,0.5,0.39,0.13,0.709,0.275,0.168,0.2423312775330396,1
1.0,0.415,0.325,0.11,0.316,0.1385,0.0795,0.0925,0
2.0,0.45,0.35,0.1,0.3675,0.1465,0.1015,0.12,1
2.0,0.45,0.36,0.16,0.567,0.174,0.1245,0.225,1
1.0,0.555,0.46,0.145,0.9005,0.3845,0.158,0.2765,1
0.0,0.625,0.42,0.165,1.0595,0.358,0.165,0.445,1
0.0,0.48,0.365,0.135,0.6395,0.3636430481283422,0.113,0.175,0
1.0,0.545,0.4114915405164737,0.14,0.772,0.289,0.19,0.2615,0
0.0,0.55,0.4114915405164737,0.14,0.84,0.375,0.218,0.1945,0
0.0,0.665,0.4114915405164737,0.175,1.3805,0.675,0.2985,0.325,1
2.0,0.425,0.335,0.1,0.4085,0.3636430481283422,0.092,0.135,1
1.0099188458070334,0.35,0.265,0.09,0.2255,0.0995,0.0485,0.07,0
1.0099188458070334,0.66,0.53,0.17,1.326,0.519,0.2625,0.44,1
0.0,0.4,0.32,0.11,0.353,0.1405,0.0985,0.1,0
0.0,0.675,0.55,0.19,1.551,0.3636430481283422,0.3685,0.412,1
1.0,0.5,0.385,0.1395244565217391,0.56,0.2835,0.103,0.135,0
2.0,0.52,0.38,0.135,0.5825,0.2505,0.1565,0.175,0
0.0,0.655,0.49,0.1395244565217391,1.204,0.5455,0.2615,0.3225,1
1.0,0.525,0.43,0.15,0.7365,0.3636430481283422,0.161,0.215,1
1.0,0.605,0.49,0.165,1.071,0.482,0.1935,0.352,1
1.0,0.4,0.265,0.1,0.2775,0.1245,0.0605,0.2423312775330396,1
1.0,0.435,0.325,0.12,0.346,0.159,0.084,0.095,0
0.0,0.55,0.44,0.155,0.946,0.313,0.1825,0.2423312775330396,1
1.0099188458070334,0.52,0.405,0.14,0.5775,0.2,0.145,0.179,1
2.0,0.545,0.44,0.12,0.8565,0.3475,0.18345,0.24,1
1.0,0.325,0.25,0.055,0.166,0.3636430481283422,0.051,0.045,0
1.0,0.475,0.35,0.1,0.4545,0.2165,0.111,0.115,0
1.0,0.435,0.34,0.11,0.3795,0.1495,0.18345,0.12,0
0.0,0.595,0.455,0.14,0.914,0.3895,0.18345,0.271,1
0.0,0.65,0.51,0.1395244565217391,1.375,0.531,0.384,0.3985,1
1.0099188458070334,0.52,0.41,0.115,0.807,0.2855,0.179,0.235,1
1.0,0.405,0.31,0.095,0.3425,0.1785,0.064,0.0855,0
0.0,0.49,0.4,0.115,0.569,0.256,0.1325,0.2423312775330396,1
0.0,0.5271073646850044,0.46,0.15,0.927,0.333,0.207,0.2985,1
0.0,0.625,0.515,0.15,1.2415,0.5235,0.3065,0.36,1
1.0,0.415,0.305,0.12,0.336,0.165,0.076,0.0805,0
1.0,0.375,0.285,0.08,0.226,0.0975,0.04,0.0725,0
1.0,0.475,0.365,0.105,0.4175,0.3636430481283422,0.099,0.127,0
1.0099188458070334,0.35,0.25,0.07,0.18,0.0655,0.048,0.054,0
1.0,0.335,0.25,0.08,0.167,0.0675,0.0325,0.2423312775330396,0
0.0,0.515,0.42,0.135,0.6295,0.2815,0.127,0.215,1
1.0,0.495,0.375,0.12,0.614,0.2855,0.1365,0.161,0
2.0,0.6,0.47,0.13,1.0105,0.423,0.219,0.298,1
1.0,0.405,0.31,0.065,0.3205,0.1575,0.066,0.088,0
0.0,0.59,0.485,0.205,1.2315,0.4525,0.238,0.42,1
2.0,0.43,0.33,0.095,0.34,0.1315,0.085,0.2423312775330396,1
2.0,0.485,0.41,0.15,0.696,0.3636430481283422,0.1625,0.265,1
0.0,0.49,0.365,0.145,0.6345,0.1995,0.1625,0.22,1
2.0,0.675,0.505,0.16,1.532,0.74,0.357,0.3815,1
1.0,0.36,0.28,0.09,0.2255,0.0885,0.04,0.09,0
0.0,0.505,0.385,0.135,0.6185,0.3636430481283422,0.1175,0.2,1
0.0,0.5271073646850044,0.51,0.205,1.3475,0.4775,0.2565,0.48,1
2.0,0.5271073646850044,0.395,0.125,0.5815,0.2565,0.1265,0.17,1
0.0,0.57,0.455,0.15,1.107,0.54,0.255,0.27,0
1.0,0.465,0.4114915405164737,0.12,0.4365,0.188,0.0815,0.147,1
1.0,0.335,0.25,0.08,0.183,0.0735,0.04,0.0575,0
1.0,0.555,0.425,0.1395244565217391,0.875,0.3695,0.2005,0.255,1
1.0,0.605,0.485,0.15,1.238,0.6315,0.18345,0.33,1
1.0,0.465,0.34,0.11,0.346,0.1425,0.073,0.113,1
1.0,0.465,0.37,0.115,0.4075,0.1515,0.0935,0.1455,1
1.0099188458070334,0.59,0.45,0.125,0.86,0.437,0.1515,0.245,1
1.0,0.445,0.4114915405164737,0.12,0.4035,0.169,0.0825,0.13,0
2.0,0.55,0.43,0.13,0.8395,0.3636430481283422,0.1955,0.2405,1
1.0,0.455,0.35,0.135,0.5365,0.2855,0.0855,0.1325,0
0.0,0.66,0.515,0.1395244565217391,1.523,0.54,0.3365,0.555,1
1.0,0.545,0.405,0.13,0.658,0.327,0.1445,0.174,0
1.0,0.455,0.37,0.11,0.8413552278820375,0.2385,0.1235,0.126,0
2.0,0.52,0.39,0.12,0.6435,0.2885,0.157,0.161,0
2.0,0.685,0.505,0.19,1.533,0.3636430481283422,0.4055,0.41,1
2.0,0.575,0.44,0.145,0.87,0.3945,0.2195,0.225,0
1.0099188458070334,0.53,0.43,0.15,0.741,0.325,0.1855,0.196,1
1.0099188458070334,0.375,0.28,0.08,0.2165,0.0935,0.0925,0.07,0
0.0,0.635,0.495,0.195,1.297,0.556,0.2985,0.37,1
1.0099188458070334,0.635,0.495,0.17,1.3695,0.657,0.3055,0.365,1
1.0,0.405,0.305,0.105,0.3625,0.1565,0.0705,0.125,1
2.0,0.665,0.515,0.165,1.3855,0.621,0.18345,0.3445,0
2.0,0.53,0.425,0.1395244565217391,0.7455,0.2995,0.1355,0.245,1
0.0,0.605,0.49,0.15,0.8413552278820375,0.5265,0.2645,0.295,1
0.0,0.58,0.43,0.17,1.48,0.6535,0.324,0.4155,1
0.0,0.435,0.325,0.115,0.3915,0.154,0.094,0.12,0
1.0,0.4,0.29,0.1,0.258,0.104,0.059,0.0815,0
1.0099188458070334,0.38,0.275,0.095,0.2505,0.0945,0.0655,0.075,0
0.0,0.37,0.275,0.085,0.2405,0.104,0.0535,0.2423312775330396,0
1.0,0.275,0.2,0.065,0.1035,0.0475,0.0205,0.03,0
1.0,0.5271073646850044,0.355,0.125,0.494,0.2385,0.0835,0.15,1
0.0,0.585,0.475,0.185,0.9585,0.4145,0.1615,0.33,1
1.0099188458070334,0.42,0.335,0.115,0.369,0.171,0.071,0.12,0
1.0099188458070334,0.615,0.47,0.155,1.084,0.5885,0.209,0.246,1
2.0,0.555,0.44,0.15,1.092,0.416,0.18345,0.4405,1
2.0,0.68,0.54,0.155,1.534,0.671,0.379,0.384,1
2.0,0.56,0.435,0.18,0.889,0.3636430481283422,0.204,0.25,1
1.0,0.55,0.435,0.125,0.741,0.348,0.18345,0.206,1
1.0,0.465,0.345,0.105,0.4015,0.242,0.0345,0.109,0
0.0,0.585,0.46,0.1395244565217391,1.058,0.486,0.25,0.294,1
2.0,0.4,0.305,0.085,0.297,0.108,0.0705,0.1,1
2.0,0.64,0.505,0.1395244565217391,1.297,0.59,0.3125,0.363,1
2.0,0.56,0.44,0.16,1.1115,0.5035,0.18345,0.26,1
2.0,0.575,0.45,0.155,0.886,0.3636430481283422,0.211,0.2575,1
1.0,0.47,0.385,0.13,0.587,0.3636430481283422,0.117,0.174,0
2.0,0.535,0.415,0.1395244565217391,0.78,0.3165,0.169,0.2365,0
