0,1,2,3,4,5,6,7,8,9,10,11,12,13,14,15,class
65881.0,1027.604,409.53131747184574,207.2239824858422,1.9762737524833809,0.8625318505340239,67226.0,289.6244023674408,0.6319884118030774,0.9799928599053938,0.7840043538026044,0.707209412348182,0.0062162280091657,0.0009591771563543,0.6449593042706023,0.9884237381354504,2
24541.0,578.8639999999999,206.47728329883063,151.87321241248435,1.359537208826813,0.677476504815083,24910.0,176.76699824159945,0.7274640580998962,0.9851866720192692,0.920341566147698,0.8561086983393128,0.0065996147643171,0.0027878886466596,0.7329221033722326,0.9964348707061622,3
42050.0,776.1800000000001,265.7364380858424,201.8053665101487,1.316795696176289,0.650601569873493,52821.15813953488,231.3865226328309,0.7703299320350999,0.9862094844973966,0.8771037507503321,0.87073690119262,0.0063195347939558,0.0022408494089924,0.7581827510985267,0.9983717835616384,5
40021.0,719.2689999999999,252.30996446311767,202.1951505923875,1.2478536884979925,0.598160934347345,40316.0,225.73506555217764,0.7823324732191728,0.992682805833912,0.9721093365586158,0.8946736052716429,0.0063044392809554,0.0024916367558698,0.8004408599697596,0.9988330795377696,5
35098.0,691.818,258.3634898921354,173.3547309354693,1.490374612206634,0.7414824650242201,35494.0,211.39574627015256,0.7865098039215687,0.988843184763622,0.9215279643781475,0.8182106007253909,0.0073612026295554,0.0020351149421734,0.6449593042706023,0.997758985942414,3
31829.0,658.6709999999999,232.21735782766527,175.02570343274405,1.326761460021202,0.6572014261240554,32282.0,251.9333508826848,0.7390405869787313,0.9859674121801624,0.921925383848494,0.8669057371053625,0.007295779252495,0.0025417858413179,0.7515255570261917,0.9970951452833172,3
28861.0,634.629,235.63509712899807,156.535328850029,1.505315757535807,0.747454993839025,29245.0,191.69498298234487,0.7482579942229209,0.9868695503504872,0.9004952190174272,0.8135247478748968,0.0081644813807213,0.0022059285498099,0.6618225154049144,0.996251861131002,3
26909.0,600.3870000000001,223.3074553231324,153.6162316256966,1.453670962761581,0.7257926031545787,27186.0,185.0989003459461,0.7219047619047619,0.9898109320974032,0.8769724140269752,0.8288970920299219,0.0082986159026025,0.0024165060723229,0.6870703891756607,0.9987742741179568,3
66456.0,1053.899,351.86170443403773,241.40551625487743,1.4575545326915396,0.7275254670238206,68026.0,251.9333508826848,0.7207183758459136,0.9769205891864876,0.7518757477970258,0.8267042226706005,0.0052946566816244,0.0015255210025003,0.683439871781402,0.9961508829371072,0
73147.0,1045.0269999999998,413.98860318580574,227.24048188230248,1.5818996718798224,0.8358846341331628,74156.0,305.1780676568074,0.759448066780182,0.986393548735099,0.8416884359208817,0.7371653840428014,0.005659679866376,0.0010309351863722,0.5434128034309711,0.989993972826507,2
47223.0,841.0349999999999,339.08775462112067,177.80688179847118,1.9070564153160705,0.8514915429628364,47634.0,251.9333508826848,0.6322363840839715,0.991371709283285,0.8389484937335308,0.723135595385103,0.0071805635944586,0.001211203882015,0.5229250893129673,0.9972476463040236,4
51340.54587155963,876.1879999999999,351.07680048013015,179.28464593103254,1.9582089623847807,0.8597763695780549,49825.0,250.4976336877916,0.6259271489534648,0.9891219267436028,0.8067006352127408,0.7135123521269785,0.0071236897201901,0.0011389135014058,0.5090998766377733,0.9969239411810744,4
39313.0,714.895,243.9936667481817,201.54861734321764,1.1875636520209576,0.539383668651669,39634.0,223.7294487146773,0.7699071716736516,0.9919008931725286,0.9666328079050954,0.91694777039267,0.0062064372280971,0.0027064532230751,0.8407932136280885,0.99849545937061,5
43362.0,751.4889999999999,263.16076897256403,210.24742847707043,1.2516717606430288,0.6014220271839503,43682.0,234.9685364869223,0.765139751552795,0.9926743280985304,0.9648813525691908,0.7988757691108264,0.0060689259944782,0.0023792817029208,0.7972180630452329,0.997855336588252,5
82769.0,1102.587,419.7589985620247,252.8835096295712,1.5818996718798224,0.7981571624193917,84000.0,324.6301955736476,0.7078145310255183,0.985345238095238,0.8555626892380441,0.7733728084108705,0.0050714518547043,0.0011190968232892,0.598105500789317,0.992789788521679,2
41429.0,763.787,289.5574520398583,182.57907912010705,1.5859289762841726,0.7761524811864939,41914.0,229.67159401813944,0.7025674942341609,0.9884286873121152,0.8924210181469243,0.7931814304904319,0.0069892455053189,0.0017064761047323,0.629136781674848,0.9977662521043104,3
28555.0,634.8989999999999,231.41314961223472,157.65920559067126,1.4678061375816516,0.7320146593833764,28992.0,251.9333508826848,0.7931944444444444,0.9849268763796908,0.8901900638395094,0.823963755331708,0.0081041201054888,0.0023041888178391,0.6789162701003305,0.9965174681573076,3
28749.0,626.105,229.66988954733645,159.96595528672182,1.4357423061405648,0.7175530847715897,29085.0,191.3226689955772,0.7151848350664212,0.9875894972085124,0.9215910805158406,0.8330333130418662,0.0079887957684558,0.0023730700501256,0.693944500637508,0.9963254776788584,3
37665.0,719.448,261.56581154121784,183.68826239357867,1.4239658437226397,0.711916585192705,38057.0,218.98987979459213,0.757664145477953,0.9896996610347636,0.9144269487911736,0.837226694514254,0.0069445323653582,0.0021047234389815,0.700948538007264,0.9951508490235846,3
64284.0,1038.268,351.48618926549585,233.4468719390052,1.5056367487217044,0.7475808428426,65556.0,286.09252156209044,0.7302344601962922,0.9805967417170052,0.7493657133436359,0.8139509610888007,0.0054677087496965,0.0014803966605781,0.6625161670573825,0.997508687743843,0
45320.0,803.5550000000001,302.5886454815311,191.5670752757242,1.5818996718798224,0.7740748711720286,45915.0,240.2149374360337,0.7799270324223859,0.987041271915496,0.8819999279924943,0.7938663298279496,0.0066767132718784,0.0016358068383719,0.6302237496344988,0.9954662119141324,6
27280.0,603.2030000000001,223.0210859205955,201.54861734321764,1.4281993310668208,0.7139640336508116,27550.0,186.370530879684,0.760418118466899,0.9901996370235936,0.9421656021595348,0.8356632742163196,0.0081752597478224,0.0024592721271167,0.6983331078739398,0.9973588775273748,3
48373.0,821.7819999999999,315.6970465856345,196.0446234659526,1.6103325916533595,0.7838187011279759,48885.0,248.17416565282136,0.8133333333333334,0.9895264396031502,0.9001183958526415,0.7861149425910222,0.0065263069601975,0.0015374162437701,0.6449593042706023,0.9951480256668436,6
34857.0,687.4839999999999,258.73041463871346,171.71019384567737,1.5067854088572314,0.7480303591469789,35140.0,210.66872290597283,0.7841844769403824,0.991946499715424,0.9267757896670908,0.8142402709018454,0.0074226242831773,0.0020125540505002,0.6449593042706023,0.99897946748386,3
76697.0,1073.671,417.8675727328677,234.8872182699544,1.7790136722238123,0.8270630066656753,77405.0,312.49584535246663,0.778997724872024,0.990853304050126,0.8360760733506578,0.747834638875502,0.005448290972696,0.0010511443628638,0.6449593042706023,0.9949252214765992,2
75312.0,1054.8009999999997,405.3258410473296,239.7280026612762,1.69077386265982,0.8063452332053588,77102.0,309.6614548068496,0.7744164524421594,0.9767840004150348,0.8506148870945042,0.7639815265829316,0.005381955611952,0.0011309705685987,0.5836677729599868,0.9868502149976118,2
27320.0,615.9019999999999,232.77684828486616,149.92101258253507,1.552663260973621,0.7649794782220304,27640.0,186.5071161166904,0.6840945512820513,0.9884225759768452,0.9050390751235228,0.8012270871905952,0.0085203824408809,0.0021660144217023,0.6419648452479257,0.9967552300530704,3
75515.0,839.1322533936652,396.89851365527227,243.92471744930864,1.6271352809407436,0.7888567996169146,76863.0,310.07851299417024,0.7923508735113582,0.9824623030586888,0.7714850673928708,0.7812539032672975,0.0052558897391944,0.0012077993989975,0.6103576613703879,0.9931344848082416,0
31214.0,656.61,238.85162032980085,167.02568389489338,1.4300292910646388,0.7148416362046457,31638.0,251.9333508826848,0.8064799503927242,0.9865983943359252,0.9097965901395084,0.834644585788249,0.0076520670317742,0.0022906822501046,0.6966315845856376,0.9962035710382352,3
34461.0,675.775,246.7254393124309,178.15778372200398,1.3848703893702412,0.6917999253636143,34691.0,209.46863237993043,0.7701814768460575,0.993370038338474,0.8769724140269752,0.848994870426305,0.0071595554195302,0.0022944895440966,0.7207922900101783,0.9982038993214636,5
51340.54587155963,1029.35,402.3361029880432,233.3901899429379,1.72387752495686,0.8145540867692771,74168.0,304.8566451446544,0.726515377724694,0.98415758817819,0.8656950609712475,0.7577163542634261,0.0055119820118099,0.0011207640665012,0.5741340735182577,0.989736825650054,2
51340.54587155963,755.6809999999999,285.84096312199483,184.92221624464065,1.5457361961520346,0.7625401257404444,41805.0,229.58842286250191,0.7434497620544133,0.99028824303313,0.9110090870034012,0.8032033629991487,0.0069045378661802,0.0017726232905758,0.6451356423331425,0.9972095137821312,3
70461.0,1007.39,394.4824514157023,229.06114112010343,1.5818996718798224,0.8141444194052617,71211.0,299.52250593500366,0.7807486038471767,0.9894679192821334,0.8724959015992964,0.7592796710223476,0.0055985928586835,0.0011477987235952,0.5765056188278044,0.9928412504104092,2
37943.0,725.296,272.41957675152065,177.73576464595027,1.5327223380965591,0.7578456418757016,52821.15813953488,219.7965605870262,0.7779030670821716,0.9874817822194462,0.9063813591966776,0.8068310038801177,0.0071797057889866,0.001876794509576,0.6509762688221986,0.9977658687945344,3
43549.0,788.6189999999999,296.07482449164775,188.7950757412302,1.5682338288179682,0.7703179283946715,44372.0,235.47464605275783,0.8002829997978573,0.9814522671955288,0.8769724140269752,0.7953214072052944,0.0067986595442294,0.0016779296385216,0.6325361407590099,0.9919645738882434,6
25155.0,583.634,318.854445774928,150.2665366852374,1.4237569476031773,0.7118149301029864,25433.0,178.96463546693525,0.8155821418149986,0.9890693193881964,0.9280107723090248,0.8365060509301934,0.0085049900853855,0.002568797806147,0.6997423732428272,0.996263065436811,3
51340.54587155963,1003.301,335.8175772811187,246.5186802842884,1.362239879322126,0.6790574819862084,65994.0,287.025593810977,0.7956322856721263,0.980452768433494,0.8077528581017069,0.854706880249758,0.0051900589960608,0.0017085231084494,0.7305238511462745,0.9951487228274356,0
34590.0,690.7509999999999,251.5688914416077,175.4644571851607,1.4337313406790813,0.7166035262841435,34995.0,209.86032462661748,0.741956241956242,0.9884269181311616,0.910997911638913,0.8342061827438974,0.0072728791975023,0.0021725998937748,0.6958999553281447,0.997733575931134,3
43292.0,777.472,286.5200199291065,192.6449086441272,1.487296092825348,0.7402233343105956,43761.0,234.77880306934583,0.7562449778150439,0.9892826946367772,0.9000113769321327,0.8194150032777361,0.0066183133126006,0.0018405292837922,0.6714409475966521,0.99863149792345,6
28375.0,622.447,318.854445774928,157.25800632024408,1.4632393331856417,0.7300299075001156,28681.0,190.0741225992119,0.7763975155279503,0.98933091593738,0.920324488207879,0.8260281772031851,0.0081094660900841,0.0023289033908071,0.6823225495336167,0.998401192397096,3
40219.0,756.289,275.08651843447336,186.45436587001004,1.4753557373188826,0.7352439008869244,52821.15813953488,226.2927777232484,0.733468286099865,0.9879390813068042,0.8836200558661382,0.8226240202940087,0.0068397155183986,0.0019320721826669,0.6767102787646776,0.9983883922781276,6
32810.0,839.1322533936652,245.8958884099997,170.17546569482437,1.4449549904624015,0.721837027598909,33134.0,204.38930858232453,0.7709116541353384,0.9902215247178126,0.924213696021942,0.8312026276809138,0.0074945409451386,0.0022067464129405,0.6908978082636561,0.9983162359501052,3
51340.54587155963,1048.8739999999998,409.748250514494,229.48294517288969,1.7855281149795017,0.8284531372704702,74347.0,303.8316749648289,0.6979159647687346,0.9751973852341048,0.8281694404495356,0.7415081689386775,0.0056514661533246,0.0010539127368807,0.5498343646027904,0.9817447165801726,2
40824.0,736.4200000000001,257.1585531828917,202.3097590736252,1.2711129426500174,0.6173200046145156,41179.0,227.98844526481665,0.7482579942229209,0.9913791009980816,0.945963261249934,0.8865676153601265,0.0062992003033238,0.0024005603814284,0.7860021366053414,0.9990974887896164,5
29791.0,629.87,231.67071358233497,164.05257032801543,1.4121736289722266,0.7060838634677288,30080.0,194.7590287437407,0.7433811603243917,0.9903922872340426,0.9436112233402054,0.840671769565401,0.0077765336370828,0.0023959164669524,0.7067290241442229,0.9980240907257476,3
37831.0,727.1729999999999,278.5629800891167,173.68998449144905,1.603794144519776,0.7818062679786638,38216.0,219.47192352753447,0.7614016020609428,0.9899256855767218,0.8990465836851024,0.7878718250979435,0.0073633522795886,0.0017501594670891,0.6207420127831644,0.9955424053590592,3
36804.0,717.3040000000001,268.1264329917411,176.00883386206405,1.5233691804461844,0.7543785037945528,37279.0,216.4724190386224,0.793600138002415,0.9872582419056304,0.8988730937243031,0.8073520265168715,0.0072852524995038,0.0019093086065119,0.6518172947208994,0.9929583780596256,6
28850.0,625.493,224.1838352163665,164.04998997967513,1.3665580549205862,0.681556523017907,29235.0,191.65844845873465,0.7493506493506493,0.9868308534291088,0.9266394251768608,0.8549164495903968,0.0077706701981409,0.0025605480722898,0.7308821357802496,0.9987928698480616,3
55474.0,927.591,381.2375019459822,201.54861734321764,2.0489618498235243,0.8728145343334687,56164.0,265.76623281492783,0.720067497403946,0.987714550245709,0.8101889091918489,0.6971146108616156,0.0068723636648877,0.0010011580336765,0.4859687806767417,0.9957314918118992,4
33746.0,688.072,267.3680866323373,161.06381053461112,1.6600134179420918,0.7981907628979701,34022.0,207.28420508237667,0.7395248948106592,0.991887602139792,0.8957037565623864,0.7752765398939214,0.0079229563987535,0.0017656051942577,0.6449593042706023,0.9977572289983389,3
44199.0,803.24,300.4557912746935,187.9910212685394,1.598245433464089,0.7800749109977532,44865.0,237.22545107502577,0.76734375,0.9851554663991976,0.860858263438577,0.7895519339753414,0.0067977961328241,0.0016295613115336,0.623392256444202,0.99633382711882,6
28331.0,622.193,234.19201112931208,154.65315201913555,1.5143048044719776,0.7509412358688344,28593.0,251.9333508826848,0.7473620343990715,0.9908369181268144,0.9196477795534606,0.8109870796354955,0.0082662811453641,0.0022056961021486,0.6577000433357095,0.9959583355246928,3
35313.0,691.2289999999999,233.15669478576115,193.11714605286107,1.2073329559351516,0.5603263394068723,35743.0,212.04223174460503,0.7738987508218278,0.9875894972085124,0.9287537444893974,0.9094408888384812,0.0066025739751865,0.0027860630720702,0.8270827302913264,0.9985642375655428,5
47124.0,810.0799999999999,301.7362906313493,199.6650533724424,1.5112123305249106,0.7497507163081263,47631.0,244.94926067677733,0.7665056360708534,0.9875894972085124,0.9023939838369684,0.8117991381290216,0.0064030279821608,0.0017153766973903,0.6590178406670223,0.995915886851905,6
39139.0,714.71,318.854445774928,195.7036085682054,1.3025406815520988,0.6407730685750371,39431.0,223.2337844982017,0.7940878104203863,0.9925946590246252,0.9628527429840156,0.8757291215666066,0.0065129898997581,0.0023628673183283,0.7669014943598205,0.9989203951467636,5
43928.0,762.262,262.1511059826075,213.84278789354525,1.5818996718798224,0.5784421812495367,44320.0,236.49707550226964,0.7963597469226447,0.9911552346570396,0.9500418893624571,0.9021402927743518,0.0059677450824669,0.0024382955600171,0.8138571078469933,0.9977121184938288,5
40285.0,737.587,261.99894881729097,195.9536041085296,1.3370458278082091,0.7536299194849198,40752.0,226.4783765829666,0.7455628967482835,0.9885404397330192,0.9305221697652892,0.8644247528676339,0.0065036353187859,0.0022399829951282,0.74723015337027,0.9990809589762076,5
81097.0,1102.692,318.854445774928,242.5248386026545,1.764837865252508,0.823976283335792,82084.0,321.3345723064785,0.8036248687000812,0.9879757321767944,0.8381200017131173,0.7507518590849388,0.0052778403446516,0.00103424082442,0.5636283539194918,0.994712660927061,2
51340.54587155963,1026.542,360.2270008343847,251.1336472038153,1.4344035729391185,0.7169215323199565,71854.0,300.40751064468884,0.7329982625961777,0.9864169009380132,0.8452163173148879,0.8339394602538469,0.0050823527869632,0.0015162913851931,0.6954550233684779,0.9975631703382026,0
77107.0,1073.559,415.67698166429255,237.3120595948581,1.75160496425652,0.8210161398609447,52821.15813953488,313.3299883124725,0.7960171783701195,0.9902397678092132,0.8407208849151314,0.7537823890511285,0.0053909110932119,0.0010735589050859,0.5681878900436269,0.9952407288308542,2
36110.0,707.8219999999999,262.45100631098404,175.46710186647235,1.4957277091788126,0.7436484183813782,36567.0,214.4217338806557,0.7208160332162249,0.9875023928678864,0.9057101579644335,0.8169971869971899,0.0072680976546935,0.0019974814805332,0.6674844035613212,0.9983749178513608,3
57371.0,905.5739999999998,352.9530276718648,209.0918516720492,1.6880286096727246,0.805638828187442,58240.0,270.2721330825674,0.6749211801797562,0.9850789835164836,0.8791326184435103,0.7657453312281414,0.0061521156624752,0.0013047932004868,0.6449593042706023,0.9898024356953584,4
37867.0,719.536,269.92034262463454,179.06672402586938,1.507372986762408,0.7482598003649945,38243.0,219.576323497062,0.7111975058222523,0.9901681353450305,0.9191062272199534,0.8134856430677266,0.0071281153147763,0.0019255466739718,0.6617588914773129,0.9951508490235846,3
37804.0,723.857,262.07894110527104,184.8432281194007,1.417844428338913,0.7089129398548324,52821.15813953488,219.3935909482501,0.732295056562839,0.983941073891882,0.9066550009465564,0.8371278898754585,0.0069325717147728,0.0021001067865511,0.7007831040073378,0.9936014194908532,3
48012.0,869.0459999999999,358.353908809396,171.50200290043756,2.089502762352181,0.8780424485116504,48670.0,247.2463892998736,0.6107153760048845,0.9864803780562976,0.7988663562852943,0.6899503067270318,0.0074638404734107,0.001043309974622,0.4760314257527253,0.9946689790767668,4
41329.0,746.891,268.176096708326,196.69191393800327,1.3634322394811518,0.6797508256905613,41744.0,229.39423956228617,0.7277257360191576,0.99005845151399,0.9310013456857557,0.8553865999913493,0.0064888116506164,0.0021428644556883,0.7316862354447604,0.9951508490235846,3
46267.0,854.5229999999998,341.6146656085285,174.9660702133783,1.952462355655102,0.8588818499645264,47026.0,251.9333508826848,0.6852238562817494,0.9838599923446604,0.7962211165545662,0.7104838700312385,0.0073835490870064,0.0011605445593149,0.5047873295745657,0.9855782586060048,4
51978.0,913.367,364.47518672205103,182.65103785055385,1.995472848176569,0.8653694919404369,52780.0,257.25560257503486,0.6820185797512203,0.9848048503220918,0.7829585947877412,0.7058247363522667,0.0070121048659442,0.001073533653549,0.4981885584467469,0.9941217416527092,4
67412.0,1052.897,377.422007197297,228.3895581455696,1.6525361766177509,0.7961263149357394,68526.0,292.9703469460464,0.7921504112808461,0.9837433966669584,0.7641441622242934,0.7988757691108264,0.0055987362368316,0.0012538787787814,0.6025497225797665,0.9957352147740538,0
25061.0,594.405,222.77845076069104,143.50231625557709,1.5524380133622615,0.7649007925915553,25381.0,178.62994214466931,0.7087386877828055,0.9873921437295616,0.8913399099868932,0.8018277420222922,0.0088894477778496,0.0022666207388881,0.6429277278765678,0.9981054446002116,3
86549.0,1132.936,441.0470251113193,252.0611176440138,1.7497622371658703,0.8205977344886497,87468.0,331.9602526768583,0.8307002725841748,0.989493300407006,0.8473467424317062,0.7526640783782008,0.0050959228311282,0.0010088053182399,0.6449593042706023,0.9912459326316726,2
81910.0,1103.621,432.4941872754202,244.2091144996415,1.7709993673313742,0.8253284540300737,83523.0,251.9333508826848,0.7426783933266842,0.980687954216204,0.8450976196265225,0.7466950071134689,0.0052801146047542,0.0010125024929048,0.5575534336481833,0.987426778244368,2
30017.0,634.7249999999999,318.854445774928,165.46944126581184,1.398568218794258,0.6991071040840124,30345.0,195.4963718699541,0.7282851319875776,0.9891909705058494,0.9362804187767884,0.8447675955974093,0.0077096412611522,0.002421937427924,0.7136322905714283,0.9980634414985488,3
29251.0,624.5849999999999,229.69952587716,162.34170635849677,1.414913832246644,0.7074565697168224,52821.15813953488,192.98582829588352,0.7186271619496856,0.9904848977380468,0.9422528979248984,0.8401664198431544,0.0078527067750558,0.0024135729037227,0.7058796130320638,0.9987588283799752,3
66372.0,1060.47,369.24276460362745,230.37276408376573,1.6028056357797889,0.781499420615874,67927.0,251.9333508826848,0.7442392437851112,0.9771077774669866,0.7416482807397763,0.7872914184322111,0.0055632309498527,0.0013184052465398,0.6198277775370029,0.9934634550491694,0
43305.0,782.2709999999998,295.85156957234915,187.29077758014392,1.5796376810158246,0.7741055412201099,43828.0,234.8140508673964,0.7109203138851495,0.988066989139363,0.8769724140269752,0.7936887108857256,0.0068318108664669,0.0016723085490253,0.6299417697874452,0.9950797564020444,6
77260.0,1056.803,401.54169680201255,246.4067866284085,1.6295886257692809,0.7895767622171934,77980.0,313.64069765615346,0.7482579942229209,0.9907668632982816,0.8693136378257474,0.7810912295138298,0.0051972779808699,0.0011933360324183,0.6101035088234265,0.9942177385205836,2
25846.0,597.185,211.2826191312913,156.3686135547186,1.35118304324772,0.6725054420198753,26176.0,181.40603428007847,0.7129537680679686,0.9875894972085124,0.910721150516284,0.8585942138825555,0.0081746738037333,0.002740324694026,0.7371840241126036,0.9960705531340684,3
37555.0,708.2869999999999,318.854445774928,181.6686702955685,1.4505746638648658,0.7243980382948395,37876.0,218.6698678431233,0.7386900078678206,0.9915249762382512,0.9407172088727194,0.8297911858026268,0.0070170142550598,0.0020521419152048,0.6885534120357296,0.998798134216735,6
33680.0,683.09,256.2032550126246,167.93349377401958,1.5256233241796635,0.7552213942466669,34019.0,207.0814039615346,0.8068032099652653,0.9900349804521004,0.9070392732440552,0.8082699962236253,0.007606985006313,0.0020027104023741,0.6533003867953394,0.9966903077905656,6
73100.0,1079.089,380.3600146664545,245.41840453981865,1.5498430746449654,0.7639912407811766,52821.15813953488,305.0800070803401,0.7946688698525894,0.9849495398628346,0.7888832047444146,0.8020822255669305,0.0052032833743701,0.001328412062601,0.6433358965704005,0.9970696839701452,0
44113.0,754.12,258.9507321129632,217.15470263572035,1.1924712150828076,0.54475589635748,44436.0,236.99454853836244,0.7667025862068966,0.9927311189125934,0.9747551540890104,0.915210961577731,0.005870168252283,0.0017429311453833,0.837611104192035,0.998827131182728,5
30872.0,653.6819999999999,250.0381319428173,157.842259388187,1.584101323131024,0.7755609027904098,31178.0,251.9333508826848,0.8230338576379632,0.990185387131952,0.9079074443071548,0.7929233305895598,0.0080991880002208,0.0019749041789575,0.6287274081932402,0.9959679192076512,3
61645.0,839.1322533936652,335.13913619342435,235.84396955994225,1.421020587546739,0.7104778417789365,62499.0,280.1586188843725,0.795522002839076,0.986335781372502,0.8543823712847177,0.8359471891778105,0.0054365988513816,0.0016376550134135,0.6988077030942824,0.9930201328332244,0
62911.0,950.094,361.4241805719641,201.54861734321764,1.6209529553622353,0.7870250424701931,63883.0,283.0207995869452,0.7772547566098345,0.984784684501354,0.8757966943953368,0.783071014061806,0.0057450077183952,0.0013325237962027,0.6132002130637854,0.9939686975944952,2
44290.0,764.47,266.33318230964414,212.3461340251624,1.2542407872520274,0.7536299194849198,44661.0,237.46953370131573,0.7790403152043903,0.991692975974564,0.9523457544847828,0.8916257885779665,0.0060133931431394,0.0023443899194021,0.7949965468572807,0.9971170947929188,5
42530.0,775.4029999999999,281.21282399568486,193.23687775602883,1.4552751382721576,0.7265105756671836,43028.0,232.7034117446207,0.7298155298155298,0.9875894972085124,0.88889465110575,0.8274992883972868,0.0066121049611023,0.0019124496831915,0.6847550722980162,0.9965070325210564,6
68451.0,1002.041,384.8935976540137,228.0712057737585,1.6876027657600037,0.8055288859313144,69370.0,295.2194439339432,0.7202335858585859,0.9867521983566384,0.8566800981070192,0.7670157304079661,0.0056229068626318,0.001200487758605,0.5883131306932659,0.992838866490882,0
41637.0,752.6039999999999,283.11756862566284,187.7286654233854,1.508121138490738,0.748551453883167,42017.0,230.2474211020353,0.7618986623725961,0.9909560416022086,0.9237538258163772,0.813257270538614,0.0067996630070769,0.0018347587626473,0.6449593042706023,0.9974523007005316,3
30530.0,647.072,243.57047129290984,159.8487882729693,1.5237555062161083,0.7545232949460958,30841.0,197.1598420083677,0.6999403915814572,0.9899160208812944,0.9162868488093296,0.8094570781171161,0.0079780698097906,0.0017429311453833,0.6552207613138992,0.998396242839164,3
40735.0,744.372,269.94664895311865,192.4672882898351,1.402558592432642,0.7011816325633099,41160.0,227.73979198810832,0.7903416697386547,0.9896744412050534,0.8769724140269752,0.8436474128177069,0.0066268969916071,0.0020707796993641,0.7117409571540106,0.9982583950425904,6
36613.0,697.6579999999999,233.05020362722448,200.35356719935817,1.163194680708291,0.5107970673077893,36993.0,215.90997997172,0.7570300223306592,0.989727786337956,0.945279027258517,0.9264526553131824,0.0065996147643171,0.0028925898331163,0.8583145225368463,0.9983868869895358,5
51340.54587155963,1106.256,429.93349186033214,236.48213167115668,1.8180379583950208,0.8351359919043142,80656.0,316.278460904498,0.7780330563780588,0.974075084308669,0.8067290583092925,0.7356450867224923,0.0054723285414667,0.0009886106411672,0.5411736936189433,0.983874317084076,2
60707.0,977.364,404.6984958422889,192.12335637171225,2.1064513106844496,0.8801303640318576,52821.15813953488,278.018979643904,0.6616566757493187,0.9877159871139892,0.7986122342324901,0.6869780404428488,0.0066664222551318,0.000915891441641,0.4719388280506965,0.9941161629102728,4
33809.0,669.3409999999999,318.854445774928,187.1642997507299,1.2301891837345371,0.5824268727609625,34143.0,207.47760305139232,0.7840677179962894,0.990217614152242,0.9483034553798266,0.9011068768756534,0.0068102427499954,0.0027697946464446,0.8119936035525938,0.9989057483520308,5
33433.0,657.349,225.00251253121743,201.54861734321764,1.1869348629089929,0.5386866213154292,33708.0,206.32066716432143,0.77680708194893,0.9918416992998694,0.972284134638382,0.9169705033213617,0.0067299528170136,0.0029350347330017,0.8408349039614311,0.9980162614625572,5
30259.0,658.76,257.7059681008052,150.21854496335447,1.715540302721425,0.8125390673653177,30644.0,196.2828453638812,0.79733860342556,0.9874363660096592,0.8762136078677887,0.7616542480968173,0.0085166716712649,0.0017429311453833,0.5801171936439282,0.9952144259978084,3
82399.0,1095.949,425.5856626627827,249.07559975069205,1.708660595773995,0.8108502097196078,52821.15813953488,323.90379010847136,0.7700265400717703,0.9792268292393074,0.86208703883776,0.7610777771081071,0.0051649372281554,0.0010689588191912,0.5792393828078174,0.9897235089241668,2
81029.0,1076.7519999999995,415.0172132671736,250.70244339287223,1.6554175047141682,0.7536299194849198,82216.0,321.1998242065918,0.7509360172004745,0.985562420939963,0.8782516391042189,0.7739433785841904,0.0051218355560006,0.0011335538322347,0.5989883532543115,0.9915758050971012,2
70949.0,1003.932,390.1790758258355,232.7455746224553,1.676418881255889,0.802605921982895,71510.0,300.5579352793984,0.823227049104242,0.9921549433645644,0.8846012480164819,0.7703076712744038,0.0054994302361673,0.001194412531984,0.5933739084241951,0.9947432237269236,2
53281.0,839.1322533936652,367.84150662093606,185.6711399550802,1.981145301902755,0.863260575638637,54004.0,260.4601239787661,0.6595652496843356,0.9866121028071996,0.8023804552867728,0.7080770366873593,0.0069038026054491,0.001070508620925,0.5013730898839521,0.9932929415240596,4
46125.0,815.524,312.962190327292,188.71896307453565,1.658350518827754,0.7977345143402169,46634.0,242.3389650900353,0.7415594855305466,0.9890852167946134,0.8769724140269752,0.7743394332606129,0.006785088137177,0.0015047375590459,0.5996015579023674,0.9943495546373206,6
25159.0,605.833,223.30106352479297,144.14085772599444,1.5491864489198384,0.7637601896627724,25592.0,251.9333508826848,0.71062591797537,0.9830806502031884,0.8613851639442063,0.8015137099102815,0.0088755937646485,0.0022595450293884,0.6424242271741429,0.995234907195982,3
59385.0,910.6029999999998,310.99138897753323,243.6819280705478,1.276218517474545,0.621309979393956,60094.0,274.9751449933205,0.7908825762115945,0.9882018171531268,0.8999709088546866,0.8841889349328105,0.005236867710323,0.0019743842080206,0.7817900726576178,0.997734967503422,5
66235.0,982.152,387.1243739072025,219.4597448535089,1.7639880797528995,0.8237885058942986,67073.0,290.40148285698115,0.7551848769197441,0.9875061500156546,0.8628593191082699,0.7501503455491367,0.0058447101065479,0.0011416579170166,0.562725540927489,0.9926411463685932,2
31534.0,653.7819999999999,234.6866564517004,171.4487370835913,1.3688444747031114,0.6828665003685611,31906.0,251.9333508826848,0.8125644197072769,0.9883407509559332,0.9270923737290138,0.8538000841737461,0.0074423370473679,0.0024395732926843,0.7289745837350959,0.9978528311447866,3
41251.0,743.0169999999999,250.6483103904509,209.9098242758304,1.1940761289051836,0.7536299194849198,41836.0,229.17767007252297,0.7937158469945356,0.9860168276125824,0.9389594654596868,0.9143395768976792,0.0060761753749109,0.0026196310953308,0.8360168618814269,0.9982677781348336,5
43255.0,787.245,297.69279455786386,185.4316735500129,1.6054042378988342,0.7823045945437254,43833.0,234.6784534368664,0.7863401687027342,0.98681358793603,0.8770540500503184,0.7883242649033982,0.0068822747557013,0.0016395752256157,0.6214551466354833,0.9976867260726462,6
61120.0,1000.656,383.7451920232326,205.15431474877744,1.8705197231320696,0.8450984076359259,62187.0,278.96308174060084,0.669199522625995,0.9828420731020951,0.7670498724278333,0.7269487345751864,0.0062785535344115,0.0010815696797551,0.6449593042706023,0.9884844952583798,4
31879.0,659.67,246.5916033541789,165.26096953450195,1.492134555719748,0.7421978393022306,32178.0,201.4686165302484,0.8131568207325783,0.990707937099882,0.9205790468248274,0.8170132875160371,0.0077352364677116,0.0021260321929228,0.6675107119777627,0.9951508490235846,3
26698.0,839.1322533936652,207.5660434199449,164.22879204545995,1.263883396052069,0.6115416644938018,26987.0,184.37176943702465,0.7631706829031244,0.9892911401786044,0.9383841027439171,0.8882559324214995,0.0077745914832551,0.0029854500395008,0.7889986014819875,0.9972022319213872,3
53226.0,919.697,372.830274923197,183.610259186948,2.030552522359817,0.8703255744590723,53942.0,260.3256576061487,0.6272656563037688,0.9867264840013348,0.7907590190091737,0.6982417338821955,0.0070046645422011,0.0017429311453833,0.4875415189348147,0.9899786610282244,4
23459.0,556.684,200.2933849228627,149.22997339837255,1.342179324713644,0.6670008838307797,23690.0,172.82628989810024,0.757719638242894,0.9902490502321656,0.9512657950320064,0.8628656905701572,0.0065996147643171,0.0029195080489418,0.7445371999631141,0.9993024362706798,3
36094.0,700.876,256.952342155338,179.82063766354543,1.4289368867443917,0.7143182820958888,36426.0,214.3742244946229,0.7180884927582365,0.9908856311425904,0.9233418081852616,0.8342956623645995,0.0071189766209158,0.0021275377362128,0.6960492522403858,0.9946104515171388,3
32950.0,683.82,318.854445774928,162.19457892466704,1.5955482114145612,0.7792253648193068,33299.0,204.8249081508976,0.7661365327380952,0.9895192047809244,0.8854859724343417,0.7914737265188025,0.0078539990987675,0.0019011510372905,0.6264306597695604,0.9995003187705652,3
40400.0,745.9659999999999,274.7577875598962,187.5689205411799,1.5818996718798224,0.7307267363585291,40832.0,226.8014056554777,0.7074686980124333,0.9894200626959248,0.9123325341414196,0.8254594261719911,0.0068009353356409,0.00194774156929,0.6813832642561929,0.9981150268776504,6
51340.54587155963,625.9219999999999,236.0887675492946,152.157334726225,1.551609509814867,0.7646110071923239,28525.0,189.3324751395644,0.7797164063365459,0.9869938650306748,0.9030453015099288,0.801954608450537,0.0083856207838777,0.0021395090662141,0.643131194015054,0.9978884766923484,3
31033.0,654.4699999999999,250.5777038626276,157.90651570079785,1.5868737445731729,0.7764573084725098,31339.0,198.77736991862605,0.7807044025157233,0.9902358084176266,0.9104458856933648,0.7988757691108264,0.0080745562421495,0.0019724067743393,0.6292873903079635,0.9985996374706776,3
30908.0,668.164,256.57557960188154,153.94298640947542,1.6666922318851995,0.80000690242041,31300.0,198.3766313069017,0.7881677929363764,0.9875894972085124,0.8699907246172691,0.7731703524346123,0.0083012676200945,0.0018298898475757,0.5977923938838627,0.9963359391662914,3
66636.0,989.086,372.4337402897545,230.84521302120103,1.6133483359498983,0.7847369474077679,68019.0,291.2792308129303,0.7790039747486556,0.9796674458607154,0.8559544894972085,0.7820967847497228,0.005589077079803,0.0012899172890079,0.6116753807158541,0.9951508490235846,2
44299.0,778.7829999999999,296.3809194786506,190.66179541818863,1.5544850966528587,0.7656143463974211,44663.0,237.49366010953423,0.7011554289332067,0.991850077245147,0.917848201179365,0.8013122454957556,0.0066904652357536,0.0017015440610398,0.64210131478145,0.9981369243689702,6
81376.0,1089.81,434.39507264879336,239.86142563626512,1.8110251429403508,0.8337292617243651,81989.0,321.88684532358354,0.809808136294881,0.9875894972085124,0.8610029218433752,0.7410002221268926,0.0053381226977093,0.0009927540496113,0.5490813291921042,0.9944000926860086,2
45057.0,800.592,305.96101582192284,188.0860669587051,1.6267075002907982,0.7887308612845806,45486.0,239.51691833173751,0.6826818181818182,0.9905685265796068,0.8833842337977437,0.7828347598085584,0.0065996147643171,0.0015731277408005,0.6128302611645234,0.996895582241499,6
54440.0,1027.543,334.13768387618694,209.85968031458924,1.5921957156100652,0.7781620980743378,55695.0,263.2777256347036,0.72848922788706,0.977466558937068,0.6479298235069287,0.7879318566542164,0.0061377238037506,0.0014592904582961,0.6449593042706023,0.9884933916990724,0
58153.0,989.011,324.22628042397866,229.36087794571333,1.4136076009471794,0.706803540608876,59388.0,272.10788162966526,0.7420503266639444,0.979204553108372,0.7471017336371566,0.7988757691108264,0.0055754007604763,0.0017061903525365,0.7043456140834558,0.9956683137621816,0
45501.0,821.249,314.25725042035964,185.07564809043967,1.6979935159637731,0.808183756543092,52821.15813953488,240.6941472595348,0.6539849083722602,0.9870493296889236,0.847775961368798,0.7659143804560605,0.0069066009630636,0.0014661048230422,0.586624838189391,0.9960851715488837,6
26995.0,601.6139999999999,218.71890253221304,201.54861734321764,1.3891418176237798,0.6941100479934074,27306.0,185.3944484339424,0.7570743472529938,0.9886105617812936,0.9372540542756737,0.8476379786453864,0.0081022005012859,0.0025800277528559,0.7184901428420366,0.998084702972356,3
71534.0,1016.281,393.7913058644296,232.85348865580605,1.6911548464988422,0.8064429469979693,72173.0,301.7944956308599,0.7536558641324961,0.9911462735371952,0.8703516598293277,0.7663818147746477,0.0065996147643171,0.001171424059841,0.5873410860172826,0.9932847241660208,2
26879.0,601.6899999999999,218.05327654303224,157.226802299236,1.3868708983092497,0.6928854801419543,27237.0,184.99569109289124,0.7368752912794364,0.9868561148437788,0.9329908488520138,0.8483967497566257,0.0081124028625704,0.0025925387508919,0.7197770449976066,0.998237836978208,3
42774.0,780.8219999999999,292.5546328410719,187.0444542541758,1.564091456266956,0.7689168410081758,43284.0,233.3699815454032,0.7171070278969958,0.988217355142778,0.8816285519912943,0.7976970977321002,0.0068395434806441,0.0017082794848627,0.6449593042706023,0.9952637073301838,4
52403.0,931.312,374.2966613292213,179.71921515136222,2.0826746934877445,0.877185413861008,53217.0,258.3051913197966,0.7482579942229209,0.984704135896424,0.7592339445276439,0.6901081895908184,0.0071426571251497,0.0009993285397963,0.476249313340317,0.9918723926847934,4
35809.0,681.549,232.7871235420604,196.04782675455328,1.1873996636213866,0.5392020720477384,36094.0,213.5261924388234,0.7651495726495726,0.992103950795146,0.9687414606825816,0.9172594651707318,0.0065007993393297,0.0028386727664417,0.8413649264452969,0.9951508490235846,5
37090.0,693.4470000000001,242.4224979417506,201.54861734321764,1.2434937661252337,0.5943780251031171,37376.0,217.3118835089953,0.7892328971167145,0.9923480308219178,0.969259686818467,0.8964179700896044,0.0065360608773726,0.0026033830177584,0.803565177099567,0.999228288398631,5
33203.0,839.1322533936652,249.9082958175626,169.45266745035158,1.474797060310567,0.7350071150105142,33513.0,205.60975804626003,0.719115481244044,0.9907498582639572,0.9274249522566408,0.8227408272847363,0.007526678186235,0.0021273321644615,0.6769024688811724,0.998293771222918,3
44213.0,783.036,318.854445774928,190.66612814368776,1.5520643947503892,0.7647701831813767,44657.0,237.2630185919748,0.8065563602532061,0.9900575497682336,0.906142269917896,0.8017643984599628,0.006693192246098,0.0017060829143525,0.642826150637866,0.997707580419482,6
31404.0,661.663,251.59763123129224,159.62602147356372,1.5761692793487323,0.7729642164772879,31809.0,199.96203305343505,0.7614752309594821,0.9872677544091296,0.901407429604502,0.794769140213451,0.0080116428235668,0.0019718111806415,0.6316579862356282,0.9955999129598816,3
33857.0,686.114,318.854445774928,170.38807850457653,1.49313385170574,0.742602597805622,34333.0,207.6248329706695,0.7261710706932052,0.9861357877260944,0.9037863448268354,0.8160961875609991,0.0075143163287437,0.0020560545474432,0.6660129873515974,0.9944465370903368,3
45510.0,778.457,285.0243847623556,203.53421749825384,1.4003757612147003,0.7536299194849198,45877.0,240.7179504750264,0.7824023931094951,0.9920003487586372,0.9437293092178431,0.8445521272705472,0.0062628957319788,0.0019654445001313,0.7132682956772066,0.9988436325092802,5
41607.0,756.2789999999999,288.94123996272504,183.6813274311868,1.573057229080469,0.7719322719481395,41983.0,230.1644580246827,0.708204255319149,0.9910439939975704,0.9141388877212452,0.7965787717058843,0.0069445343322692,0.0017247962779541,0.6345377395324553,0.9981641782959084,5
44920.0,804.3689999999999,304.9769234684263,188.5395974549081,1.61757491574875,0.7860134551023995,45476.0,239.15250437639887,0.6846517299192196,0.9877737707801918,0.8724468161996263,0.7841659023134514,0.0067893348946666,0.0015835756327443,0.6149161623510694,0.9946729595075756,6
51340.54587155963,740.1969999999999,279.5047389758598,180.44779746735577,1.548950682129684,0.7636771401081291,39951.0,224.2552464000552,0.7950483091787439,0.988661109859578,0.9059210026306492,0.8023307483864291,0.0070764276412947,0.0018088709258303,0.6437346298063276,0.9971131939490108,6
26578.0,607.052,227.14507682502395,201.54861734321764,1.5191904237859633,0.7528034850648657,26978.0,183.9569531710372,0.6977318072036123,0.9851731040106754,0.9063175140269888,0.8098654645847518,0.0085463570180233,0.002267839483711,0.6558820707270758,0.9964097609814814,3
37027.0,698.1129999999999,245.18132652167472,192.43787009621963,1.2740804416463514,0.6196480471132196,37328.0,217.1272452340076,0.7862694300518135,0.9919363480497214,0.9547220200528164,0.885578230260586,0.0066216902941549,0.0025122123997215,0.7842488019114715,0.9951508490235846,5
51340.54587155963,985.315,364.76295572782993,239.0638113760288,1.5257974581275546,0.7552863136002422,69193.0,295.0749278186294,0.748249299719888,0.9883080658448108,0.8851445013718964,0.8089498212060803,0.0053340394789399,0.0014090367548766,0.6543998132293493,0.998481571624488,0
33913.0,681.169,253.89063117418604,170.4536395753595,1.489499618821211,0.7411255994410882,34267.0,207.7964693651063,0.7376560664723539,0.9896693611929844,0.9184728516805108,0.7988757691108264,0.0074865282096596,0.0020721738277549,0.6698583540805839,0.9977537630672334,3
57716.0,909.091,335.90117000405775,219.5139403214524,1.5302042754650111,0.7569200237065219,58301.0,271.0835545803814,0.7765041437950705,0.9899658667947376,0.8775894065999182,0.8070336717704992,0.005819896909073,0.0015228659454621,0.6513033473713742,0.9951508490235846,0
36345.0,682.374,230.7864930775128,200.7416486608637,1.149669212229134,0.4933772879742994,36613.0,215.11831919527327,0.7841423948220064,0.9926801955589544,0.980865807440068,0.7988757691108264,0.0063498828746048,0.0029567425388603,0.8688284150358636,0.998865279476568,5
73480.0,1069.283,413.7832999393045,230.2004050878459,1.7974916237936347,0.7536299194849198,75618.0,305.8719368414496,0.7718487394957984,0.9717263085508742,0.8075951221686579,0.7392080272121089,0.0056312370704859,0.0010371707758079,0.546428507494818,0.9822006652239926,2
44709.0,807.5980000000001,309.19272209613433,185.3334905936515,1.6683046388741871,0.8004414795765901,45298.0,238.59016493888507,0.801926388291003,0.9869972184202394,0.8614188097565166,0.771655177784885,0.0069156707172187,0.0015125410421289,0.5954517134022226,0.9933948556945108,6
52948.0,942.553,370.43302034366303,182.8715928463974,2.0256455066523507,0.8696494319467002,53826.0,259.64492564777265,0.626099706744868,0.983688180433248,0.7489414446766333,0.700922734714339,0.0069961664339288,0.001041646795514,0.4912926800394276,0.9951848097730576,4
56784.0,937.059,388.1926529982919,187.03691788022115,2.0754867937189347,0.8762731404220127,57431.0,251.9333508826848,0.8076463560334528,0.9887343072556634,0.8126470695446599,0.6926610050606921,0.0068363034129031,0.000970697804194,0.4797792679316882,0.9957755344923572,4
23090.0,558.141,209.57321328052507,201.54861734321764,1.4917288602807877,0.7420332196085563,23315.0,171.46166069397236,0.7270608980414384,0.9903495603688612,0.9314208267890816,0.8181468328419513,0.0090763626366619,0.0025085145023108,0.6693642400893159,0.9985099549811508,3
36870.0,692.977,245.2284632959185,191.52879904831025,1.2803738368038498,0.7536299194849198,37138.0,216.6664302894785,0.7551459293394778,0.992783671710916,0.9648179184269776,0.8835288831379494,0.0066511652643319,0.0025001180040079,0.7806232873389922,0.9994896335086596,5
68338.0,1004.376,383.9729286829212,228.4791542515572,1.6805600053130638,0.8036962733266421,52821.15813953488,294.975666806792,0.8171958146487295,0.9860329552996856,0.8512938098748014,0.768219957116764,0.0056187323112019,0.0012071477953676,0.5901619025124826,0.9918024900219456,2
30461.0,640.898,233.13056384551928,201.54861734321764,1.3985527082255926,0.6990989936744845,30811.0,196.9369182560187,0.7551627537992414,0.9886404206289962,0.931914755097922,0.8447494614499205,0.0076534113734125,0.002404066708887,0.7136016526199306,0.9980095238658624,3
46922.0,830.9809999999999,324.1833404072435,201.54861734321764,1.7397918133791754,0.8183069871194372,47677.0,244.42370162908364,0.695635414813497,0.9841642720808776,0.8538944509430407,0.7539674966703571,0.00690898385421,0.0013772235372224,0.568466986035365,0.989014208480662,6
53121.0,930.241,390.52683818980046,174.23993675342038,2.241316459741738,0.8949500442888991,52821.15813953488,260.0687560163208,0.6781692837993106,0.9854924586757694,0.7714098004901763,0.6659433631291799,0.0073516469605203,0.0008918947061752,0.4434805628958028,0.9939802851938936,4
38566.0,725.394,269.94249687732247,182.75411097061425,1.4770802990074878,0.7359726548289496,38861.0,251.9333508826848,0.7878490735633593,0.9924088417693832,0.921014659621788,0.8208921396043273,0.0069994942923124,0.0019606082013113,0.6738639048641702,0.995351098087122,3
75771.0,1052.188,408.7137721870256,237.78804199426727,1.7188154995484557,0.7536299194849198,76685.0,310.60365990137336,0.7979086371390661,0.9880811110386648,0.8600549387837048,0.7599539850084682,0.0053940659643798,0.0011098012319908,0.5775300593302513,0.992667617431975,2
64116.0,839.1322533936652,406.6034934833246,201.6629199771313,2.016253129377645,0.8683399581050986,64861.0,285.7184394648684,0.6192987539843524,0.988513898953146,0.7920020398279084,0.7026954860056709,0.0063416852811049,0.0009537907429867,0.4937809460527461,0.9955873777059034,4
29294.0,644.5360000000001,318.854445774928,156.527203434459,1.525731124954261,0.7552615870272767,29674.0,193.12762418533464,0.7694772786971369,0.9871941767203612,0.8861233531458038,0.8086797458339903,0.0081524689759678,0.0021506769532053,0.6539629313221271,0.9977715988844952,3
67960.0,1003.526,352.4252564060101,246.5565135538284,1.4293893571344174,0.7145352457898632,68906.0,294.15873174223753,0.7173089304750747,0.9862711520041796,0.8480197683901401,0.8346698382006799,0.0051857748146852,0.0015525739571624,0.6966737388019489,0.995818027638549,0
58239.0,946.545,391.5948199403912,190.50499565331108,2.055561947850605,0.8736889437493298,58969.0,272.3090116867805,0.792087152843892,0.9875894972085124,0.8168479845645709,0.6953846113904968,0.0067239276076236,0.0009698467045463,0.4835597577587122,0.9939870375606652,4
44107.0,790.967,293.0861424285218,192.8467610252757,1.5197877364925414,0.7530296171528755,44651.0,236.978430663286,0.7272622345337026,0.987816622248102,0.8859325418496634,0.8085623861287831,0.0065996147643171,0.0017519498298443,0.6537731322622712,0.993596388860516,6
69819.0,1001.884,383.37995898906985,234.0775761252729,1.6378329156309006,0.7919677746543087,71154.0,298.15484529664167,0.7517361671888627,0.9812378784045872,0.8740748135364463,0.777700655200764,0.0054910548559714,0.0012390402211128,0.6048183090996977,0.9905913346197092,2
45776.0,805.1600000000001,299.1063363302542,195.18913808249496,1.5323923209489223,0.7577246544492943,46216.0,241.4204080018854,0.7170426065162907,0.990479487623334,0.8873262347737757,0.8071390628626615,0.0065341300316815,0.0017106493650505,0.6449593042706023,0.9983129378244776,6
39028.0,733.184,272.16763904797097,183.2053667872964,1.4855876976789708,0.7395202808917083,39505.0,222.9170091130866,0.7669693039342845,0.9879255790406276,0.91234732375366,0.8190430349943122,0.0065996147643171,0.0019358283171723,0.6708314931726941,0.9965790134729686,6
67969.0,1047.928,423.4514863279661,205.9345679270018,2.0562428668025667,0.8737786264817109,68769.0,294.1782089416282,0.7172752216124947,0.9883668513429016,0.7777819409595443,0.6947152588662427,0.0062300679181386,0.0008951584087305,0.4826292909015907,0.9924030367263768,4
36197.0,710.4409999999999,318.854445774928,176.13943556489667,1.4884295363507365,0.7406880766702417,36607.0,214.67988215195825,0.7775772808317759,0.9887999562925124,0.90121084230491,0.8188539877164465,0.0072428968812592,0.0020087132214949,0.6705218531991263,0.998024531070212,6
80507.0,1078.504,423.3708414788605,243.3667398218876,1.7396413404260265,0.7536299194849198,81055.0,320.16354575122034,0.7742993440667859,0.9932391585960152,0.869761114356491,0.7562248373857522,0.0052588078239017,0.0010608911142702,0.5718760046791073,0.9948591393374429,2
72561.0,1056.8680000000002,427.22065141592697,217.6196083717184,1.9631532958472515,0.8605389930283273,73203.0,303.9531783112789,0.801646135999558,0.9912298676283758,0.816341032533514,0.7114664923240352,0.0058877448135489,0.0009305646392907,0.5061845696998666,0.9937179063133156,2
67236.0,1008.387,344.0350656046625,249.566195033015,1.3785323190873278,0.6883178921995482,68429.0,292.58765187514905,0.755036496350365,0.9825658711949612,0.8309162572092031,0.8504588082058103,0.0051168282706386,0.0016511774097625,0.7232801844548471,0.9951508490235846,0
43616.0,779.161,284.5756661144959,196.2770981608719,1.4498668911502506,0.7240776251743217,44222.0,235.6557149384857,0.7133441277006363,0.9862964135498168,0.9028202374117348,0.8280951008779235,0.0065245704813484,0.0017429311453833,0.6857414960980183,0.9942338910803552,6
51340.54587155963,599.4739999999999,219.35682971912155,155.69662111804564,1.4088734112785286,0.7044163874051893,27140.0,184.7615366733413,0.7369506060855942,0.9878776713338246,0.9375235222181942,0.8422875955579854,0.008181598214133,0.0025401509772748,0.7094483936308523,0.9995229784607712,3
49561.0,873.189,354.133609619826,179.55810237219717,1.9722507920347687,0.8619255196940594,50090.0,251.20315498938183,0.7353700516351118,0.9894390097823916,0.8168332588914994,0.7093457050265765,0.0065996147643171,0.0011159342889914,0.5031713292396508,0.9923800526220888,4
42767.0,767.6719999999999,280.7109963739557,194.8580427747077,1.4405923018456572,0.719821776778264,43235.0,233.3508851701418,0.7482579942229209,0.9891754365675955,0.9119420668924296,0.8312851587020765,0.0065637289586352,0.0019334391552044,0.6910350150783365,0.9954997230276492,6
33705.0,670.292,239.83655020741503,179.28303381365052,1.3377537467193064,0.6642373503942397,52821.15813953488,207.15824592638995,0.7399236037934668,0.9907407407407408,0.9427056789931888,0.8637476053889022,0.007115755828732,0.0024431392755309,0.7460599258150625,0.9980444610362276,3
50058.0,889.7809999999998,370.2690893113996,173.25435159413587,2.1371416412026907,0.8837736300103192,50675.0,252.459551473801,0.5911640705268255,0.9878243709916132,0.794542444946889,0.6818272406786846,0.007396801496492,0.000986100366443,0.4648883861315089,0.9951508490235846,4
45870.0,805.619,310.03385294110456,189.6167771124928,1.6350549654009394,0.7536299194849198,46373.0,241.66815660529608,0.7078703703703704,0.9891531710262436,0.8881354467449831,0.7794895760986607,0.0067589677990212,0.0015392224447559,0.6076039992464697,0.9934659359654088,6
26792.0,618.841,236.5466338910973,144.4922006997194,1.5818996718798224,0.7917538829080745,27091.0,184.6960581131728,0.7697081130774535,0.9889631242848178,0.879137570034515,0.7808018870317307,0.0088290024593571,0.0020242065114292,0.6096515867923115,0.9980540818378406,3
56333.0,904.166,350.3590766673058,205.44413496649508,1.7053739534810484,0.8100349100683981,56971.0,267.8159877109018,0.6897467920462337,0.9888013199698092,0.8769724140269752,0.7644043084552785,0.0062194286948556,0.0013098536079549,0.5843139467849927,0.9964737855028378,6
33429.0,658.605,229.446090532674,185.6980933664193,1.2355866792877146,0.5873512594443964,33713.0,206.3083244586892,0.791743640756004,0.991575949930294,0.968463377126054,0.8991581594601631,0.0068636839430636,0.0027674602930081,0.6449593042706023,0.9989537853549694,5
77538.0,1059.981,414.4880426838655,241.2434015111569,1.7181321440814477,0.8131691676810866,52821.15813953488,314.2044681726774,0.8098132598069934,0.9829743537734056,0.867218027701381,0.7580543605990694,0.0053456117346831,0.0010888763761199,0.5746464136232636,0.9873184747272526,2
51340.54587155963,670.945,226.3816047704176,190.5214244802563,1.1882212480196814,0.5401105065345906,34159.0,207.58803528036384,0.763926507764536,0.9908076934336484,0.9447796730477572,0.9169827888219404,0.0066887754401068,0.0029172329871697,0.8408574349956637,0.9991246708171756,5
38945.0,718.24,241.87808573710933,205.26480117174668,1.1783709839989955,0.5289882017306758,39299.0,222.6798465728565,0.7839170692431562,0.9909921372045092,0.9486857912741437,0.9206284475679254,0.0062107609638492,0.0027520868777422,0.8475567384713283,0.9951508490235846,5
38511.0,711.1120000000001,249.65467038397853,196.6274016147829,1.2696840233543971,0.7536299194849198,38797.0,221.43560713511243,0.8050294744763578,0.9926282960022682,0.9570147802422294,0.886967613281722,0.0064826846974625,0.0024749459050592,0.7867115470106743,0.998875082227875,5
44706.0,773.5509999999999,266.7842276820696,213.6209863224495,1.2488671280609716,0.5990311846524357,45128.0,238.5821600349242,0.7808908296943231,0.9906488211310052,0.9388533797566044,0.8942888494864314,0.0059675262309772,0.0017429311453833,0.7997525463157652,0.9987846656768188,5
77276.0,1089.189,430.74309839478695,231.1926600295785,1.863134834556072,0.8437541788776712,78423.0,313.67317236090565,0.7086160730660602,0.9853741886946432,0.8185552618011899,0.7282140411067394,0.0055740863708627,0.0009669180127843,0.6449593042706023,0.9880123720298126,2
66973.0,1016.147,397.9997409749013,217.26436491727983,1.8318684756537675,0.8378563853581095,68392.0,292.0148489881089,0.7950261158594492,0.9875894972085124,0.8150730593568271,0.733706128232189,0.0059426894565705,0.0010623102818966,0.5383246826054694,0.9861400157312792,2
70870.0,1024.464,409.4658998408048,222.7092942663837,1.8385667342245744,0.8391487875756113,71660.0,300.39055666811663,0.6822294955718137,0.9889757186715044,0.8485528438011332,0.7988757691108264,0.0057777042449669,0.0010323078112741,0.5381917943729247,0.9895015297666918,2
42049.0,766.9580000000001,278.7738538980816,192.53439959258284,1.5818996718798224,0.7231917837746661,42511.0,231.3837712904016,0.7610678733031674,0.9891322246006916,0.8983020117333419,0.8300052822564714,0.0066297380175053,0.0019408838885728,0.6889087685736449,0.9974828020647126,6
59652.0,964.522,378.7807885502651,204.02637758033887,1.856528518726034,0.8425362027283521,61244.0,251.9333508826848,0.7657214741409188,0.9740056168767552,0.8057690783515841,0.7275781028388499,0.0063498422274234,0.001097643165737,0.5293698957305801,0.9827903083788492,2
43925.0,774.095,292.2431711217121,192.03633457551263,1.5218118579887605,0.7537934328241118,44336.0,236.4889997494429,0.7145064740711823,0.9907298809094188,0.9211558395671472,0.8092199343503259,0.0066532309874038,0.0017429311453833,0.6548369021499457,0.9965385627404132,6
29731.0,646.5909999999999,245.0687290363936,154.85075008957492,1.5826124761722578,0.7750771390040064,30058.0,194.5628045247116,0.7137952559300874,0.989121032670171,0.893634794971178,0.7939111827515875,0.008242868690471,0.0020199741954777,0.6302949660980245,0.9951508490235846,3
45794.0,777.0509999999999,279.9184231418864,208.58091115507125,1.3420136176017503,0.6668981065791919,46143.0,241.46786890102385,0.7773420923087369,0.9924365559239756,0.953058143248005,0.8626365717222815,0.0061125567354213,0.0020879213292366,0.6449593042706023,0.998648502666684,5
63592.0,966.595,361.9308349113222,226.02744613440265,1.6012694082120775,0.7810211849681042,64532.0,284.5485004859425,0.6950553053818913,0.9854335833384988,0.8553094283347695,0.7861957949939818,0.0056914523039269,0.0013412993990166,0.6181038280662192,0.9897507509812148,2
53218.0,909.526,377.9358534710987,180.1575688936913,2.097807246134155,0.8790724326531317,53831.0,260.3060930745108,0.8099905634531673,0.9886125095205364,0.8084220979318523,0.6887573398601008,0.0065996147643171,0.0009858350787794,0.4743866732111624,0.9951718005318518,4
70533.0,839.1322533936652,400.5976711316479,226.524070719406,1.7684552015130692,0.8247721061899311,71786.0,299.6754991800384,0.7976590330788804,0.982545343103112,0.8499649587915391,0.7480709968519923,0.0056795779441062,0.0010971527489995,0.5596102163311337,0.9896455978906472,2
33717.0,664.3629999999999,231.62252548744868,185.6531262254702,1.2476090771891986,0.5979503763979273,52821.15813953488,207.19511994696083,0.7662257976547586,0.9921141680153008,0.9599484570508696,0.8945378672083794,0.006869606592741,0.0027133545625054,0.800197995869716,0.9983342831956624,5
38986.0,839.1322533936652,244.3061049876192,203.5324024163044,1.2003302770824489,0.5531163195372236,39300.0,222.7970307051803,0.7763351786212115,0.9920101781170484,0.9613957130471272,0.9119585067940528,0.0062665086181608,0.0026736571713413,0.8316683181140385,0.998276662722518,5
32677.0,677.007,254.00733382862967,164.3518725957265,1.5455092163959585,0.7624595068310713,33003.0,203.9746273518128,0.7036391042204996,0.990122110111202,0.8959127636705095,0.8030265279246926,0.0065996147643171,0.0019939001691178,0.6448516045507873,0.9966240980409636,3
51340.54587155963,738.016,248.36027369178703,215.66228647897444,1.1516166212769912,0.4959614579613822,42361.0,231.2709380688259,0.7846829177173812,0.991666863388494,0.9691931023853764,0.9311913480810184,0.0059122137138589,0.0027421146939047,0.8671173267409448,0.9985867260721436,5
37810.0,713.0139999999999,243.74545392772924,197.75015031084337,1.2325930146934698,0.7536299194849198,38222.0,219.4110006048842,0.7815212897891691,0.9892208675631836,0.934588487144542,0.9001644833545892,0.006446586985658,0.0026109412758675,0.8102960970930345,0.998765309110256,5
54942.0,886.541,337.95264961870413,207.5113050120581,1.628598738748553,0.7892867388822364,55558.0,264.4888032920095,0.7065586419753086,0.9889124878505344,0.8784492533148283,0.7826208896140321,0.0065996147643171,0.0014234325650355,0.6124954568602591,0.9975093285318368,6
82487.0,1101.453,430.1606150819936,245.74297793912123,1.7504492648760803,0.8207539088623543,83172.0,324.07670438735545,0.7711443716286331,0.9917640552108884,0.8544043142229111,0.7533853472977359,0.0052148898018111,0.0010363192740619,0.6449593042706023,0.9935365906832088,2
68749.0,1027.8070000000002,406.8969800800722,216.8492256254315,1.876405040905769,0.8461568274719793,69561.0,295.8613618926907,0.7482579942229209,0.988326792311784,0.8178113001051277,0.7271161408828075,0.0059185876169845,0.0010204999449595,0.5286978823323069,0.992051371524546,2
37256.0,693.8059999999999,245.9339799235677,193.0760709355308,1.2737672707545744,0.6194035399438554,37502.0,217.79764112279364,0.7750686527419489,0.993440349848008,0.972590417599765,0.88559393537437,0.0066011912154704,0.0025046128878012,0.7842766183718641,0.9951508490235846,5
40123.0,724.676,257.40208911500906,198.7044522013415,1.29540171980742,0.6356695258635084,40429.0,226.0225436840514,0.7949871210620171,0.9924311756412476,0.9600978670166443,0.8780913335286217,0.0064153251031829,0.0023526493118225,0.6449593042706023,0.998812228877275,5
