sex,length,diameter,height,whole_weight,shucked_weight,viscera_weight,shell_weight,class
1.0,0.51,,0.13,,0.281,,0.162,0
,,0.34,0.105,0.389,0.2015,,0.088,0
,,0.385,,,,0.152,0.215,1
,0.51,,,0.8415,,,,1
,,,,1.25,,0.283,0.315,1
,0.58,,0.17,0.93,,,,1
2.0,,,0.185,,0.53,,,1
2.0,0.525,0.425,0.19,0.872,0.4625,,0.199,1
,,0.55,,,,,0.49,1
,0.255,0.185,,,,0.021,,0
,0.535,0.425,,,,0.1815,,0
2.0,,0.27,,0.197,,0.05,0.07,1
,0.47,0.36,,,,,,1
,,,,,,,,1
,0.275,0.215,,,,,,0
2.0,0.445,,0.115,,0.1565,0.0695,,0
2.0,,,,,,0.257,,1
,,0.505,0.165,1.367,,,,1
,,,,,,,0.315,1
1.0,0.52,,0.145,,0.267,,,1
,0.61,,,,0.5215,0.3225,0.365,1
0.0,0.72,,0.18,1.6705,0.732,0.3605,0.501,1
2.0,0.49,,,,,,0.22,1
,,0.395,,,,,,1
,,0.265,0.075,,,,,0
,,,0.12,,,,,0
2.0,,,0.16,,,0.2785,,1
0.0,,,0.13,0.472,,0.114,,1
,,,0.105,0.488,0.188,,0.19,1
,,,0.17,,0.49,0.377,,1
,,0.45,,0.9625,,0.2225,,1
2.0,,0.51,,,0.6485,0.2705,0.45,1
,0.53,,,,0.2855,,0.23,1
2.0,,0.275,,0.2925,,0.0635,,0
1.0,,,,0.49,,,0.1335,1
0.0,,0.495,,1.437,0.469,,,1
,,0.48,0.15,0.9465,,,,1
1.0,,,0.115,0.355,,,0.087,0
,0.225,,,0.0465,,0.015,,0
,,,,,0.326,0.153,0.265,1
,,,,,,,,1
,,0.63,,2.657,,,,1
1.0,0.385,,,,,0.061,,0
,,0.105,,,0.005,0.0035,0.005,0
0.0,0.665,0.505,0.165,1.349,,0.3175,0.36,1
,,0.43,,,0.572,0.297,,1
,0.565,,,,,0.1545,0.185,0
,0.52,,,,,,,1
2.0,0.61,0.48,,,0.4375,0.2615,0.27,0
,0.625,,,,,0.212,,1
1.0,0.45,,,0.514,,0.1045,0.14,0
2.0,,0.5,,,0.4645,0.22,,1
,,0.485,,,0.467,0.1975,0.35,1
0.0,,,0.16,,,0.2025,0.2875,1
,,,,0.7505,0.2475,0.13,,1
2.0,0.59,,0.16,,,0.2725,,1
,,0.37,,,,,0.1555,0
2.0,,0.38,0.135,0.681,,0.142,0.17,1
,0.665,,0.19,,,,,1
,,0.335,,0.3535,0.156,0.05,,0
,,,,0.646,,0.1595,0.165,1
2.0,,0.445,0.15,,,,0.287,1
0.0,0.565,0.44,,,0.435,,,1
,0.705,,,,,,,1
,,,0.14,,0.1535,,,1
1.0,,,,0.312,0.138,0.06,0.087,0
2.0,,,0.15,,0.565,0.258,0.3085,1
,,,,,0.481,,,1
,0.66,,0.19,,0.755,0.298,,1
2.0,0.585,,0.15,1.047,0.4315,,0.315,1
2.0,0.505,,,,,,,0
0.0,0.61,0.46,0.145,,,,0.2985,1
0.0,,,,0.463,,0.11,,1
1.0,,,,0.8715,0.45,0.162,,1
0.0,0.585,,0.17,0.9915,0.3865,0.224,,1
2.0,0.555,,,,0.264,0.168,,1
1.0,,,0.105,,0.0695,,0.08,1
,,,,0.8675,0.4,0.172,0.229,0
,,0.405,,0.646,0.2895,,0.177,1
,0.63,0.49,,1.1745,0.5255,0.273,,1
2.0,,0.465,0.175,,0.401,0.1865,0.385,1
0.0,0.45,0.365,,,,0.121,0.1325,0
2.0,,,0.16,,,0.221,,1
,,0.515,,1.4805,0.5295,0.272,,1
2.0,,0.415,,,,0.168,,1
1.0,,,0.13,,,0.113,0.136,1
,,0.345,,,,,,0
0.0,,,,1.1025,,0.2355,,1
,,,,,0.106,,0.0775,0
1.0,,,0.14,,0.2945,,0.171,0
,,,,,0.2945,0.138,,1
,,,,1.1615,0.513,0.301,,1
2.0,0.42,0.34,0.125,,,,,1
0.0,,0.475,0.16,,,0.233,,1
,,0.5,,1.293,0.596,,0.354,1
,0.41,,,,0.1405,0.064,,0
2.0,,0.575,,,0.9285,0.409,0.643,1
1.0,,,,0.2435,0.122,,,0
1.0,,0.255,0.08,,,0.0345,0.053,0
,,,,,,,0.2615,1
,,,0.18,,,0.2595,,0
,0.41,0.325,,0.3635,,0.077,,1
0.0,0.565,,0.145,,,0.1685,0.225,0
,,0.405,,,,,,1
,,0.375,0.12,,,,,0
2.0,0.545,0.43,0.155,0.8035,,,,0
,,,0.18,,,,0.363,1
2.0,,,0.14,0.8025,,,0.255,1
,0.62,0.475,0.195,1.3585,0.5935,0.3365,,1
1.0,0.18,0.125,,0.0265,,,,0
2.0,,0.44,,,0.443,0.2045,,1
,,0.51,,,,,0.425,1
,,0.37,0.12,0.4705,,,0.155,1
,0.71,,,1.47,0.5375,,0.431,1
,,,0.095,,,,0.061,0
,,0.51,0.155,,,0.2255,0.31,1
1.0,,,,0.4665,,0.1065,,0
0.0,0.59,0.455,,,,,,1
,,,0.185,,,0.3,,1
,,0.29,0.095,,0.138,,,0
,0.53,0.415,0.13,0.8425,,,,1
2.0,,0.345,0.115,,,0.055,,1
,0.675,,0.195,,,,0.605,1
1.0,0.485,,,,0.2015,0.09,0.149,0
,,0.31,0.1,,,,,0
1.0,,,0.115,0.2715,0.092,,,0
2.0,,,0.135,0.907,,,0.26,1
,0.67,,,1.482,,,0.365,1
,0.6,0.465,,,,0.2455,,1
1.0,,0.405,0.125,0.657,0.2985,,0.168,1
1.0,0.415,,,,0.1215,0.0735,0.094,0
,,0.5,,1.438,0.5185,,0.3345,1
,,0.36,,,0.196,0.0925,0.125,0
0.0,,0.595,,1.969,,0.423,,1
1.0,0.575,0.45,0.145,,,,,1
0.0,,,0.145,0.9905,0.453,0.2205,0.275,0
,,0.455,,,,,,1
,0.62,,0.185,1.5275,0.69,,0.35,1
2.0,,0.545,,1.4245,0.6325,0.333,0.378,1
0.0,,0.465,0.15,,0.3575,,0.19,1
2.0,,,0.155,,,0.239,0.3295,1
,,0.55,,1.473,,,0.4295,1
1.0,0.51,0.395,,0.5525,0.234,,,0
,0.65,0.52,0.19,,,,,1
,0.695,,,,0.7125,,,1
,0.235,0.16,0.06,,,,0.015,0
1.0,0.545,0.4,0.13,0.686,0.3285,,0.18,1
1.0,,,0.065,0.071,0.03,0.013,,0
2.0,,,,,0.3325,,,1
2.0,0.67,0.535,,,,,0.508,1
2.0,0.44,,0.125,,,,,1
,0.54,,0.13,,0.368,,,1
,,,0.1,0.44,0.177,,,0
2.0,0.645,,,1.39,0.6465,0.2945,,1
,,0.42,,,,0.153,0.24,1
,,,0.15,,0.613,0.239,0.2515,1
,0.46,0.36,,0.4635,,0.093,,0
,0.62,0.47,0.2,,,0.27,,1
,,,,,,0.012,,0
,,,0.18,1.751,,,0.446,1
0.0,0.715,,0.18,,,0.3535,,1
2.0,,,,,,0.2815,0.37,1
1.0,,,,,,,,0
,,,0.18,,0.592,,0.322,1
2.0,,,0.175,1.583,0.7395,,,1
,,,,0.594,,,0.1565,1
0.0,,,0.165,1.0735,0.437,,,1
2.0,,0.42,0.145,,0.3075,0.2575,,1
,0.6,0.46,0.155,0.9595,,,,1
0.0,0.425,0.35,,,0.175,0.0755,0.175,0
0.0,,0.485,,,0.548,,0.34,1
,0.49,,,0.7605,,,,1
,,,,1.959,0.7665,0.261,0.78,1
,,,,,0.6145,0.236,,1
,,0.39,,,,0.1385,,1
,0.485,,,,,0.1345,0.1635,0
2.0,0.54,0.455,,,,,,1
,,,,1.6015,,,,1
0.0,0.64,,0.19,,,,,1
,0.64,,0.19,1.2765,0.4835,,,1
,,0.435,0.18,,0.3835,0.226,0.325,1
2.0,,,,1.1885,,,0.348,0
,,,0.14,,0.1895,,,0
2.0,0.59,,,,,,,1
,,,,0.2235,0.115,,,0
1.0,0.43,,,0.384,0.1885,,,0
,,0.4,,0.5655,,0.119,,0
2.0,,,0.2,1.8275,,,,1
,,,,0.528,,0.149,0.14,1
2.0,0.62,0.5,,1.3915,,0.2795,0.332,1
,0.33,0.245,0.065,0.1445,,0.032,0.0505,0
2.0,0.565,,0.14,0.836,,0.1605,0.2245,1
,0.515,,0.12,,0.3265,,0.16,0
0.0,0.635,0.505,,,,,0.3825,1
,,0.45,0.185,,0.3945,,,1
,,,0.125,0.455,,,,1
0.0,,0.445,,,0.4,,0.253,0
,,,,,0.2235,,,0
,,,,,,0.033,0.04,1
,0.45,0.36,,0.478,0.191,,,0
,,,,,0.3945,0.15,,0
,0.565,,0.155,,,0.2195,0.255,1
,0.63,0.53,,1.4135,,,,1
,0.645,,,1.636,0.779,0.342,0.432,1
,,,,1.5345,,,,1
,0.6,0.475,0.15,,0.386,,,1
1.0,0.465,,0.11,0.474,,,0.12,0
,,0.195,0.065,,,0.02,0.028,0
,,0.365,,,0.195,0.123,0.182,0
,0.54,0.42,,,,,0.1985,0
,,0.45,,0.738,,,,1
,,0.415,0.145,0.8045,0.3325,0.1725,,1
0.0,,,0.14,,0.1785,0.114,,1
1.0,0.39,,0.085,0.344,,0.0695,,0
,0.54,,0.175,0.8975,,,,1
2.0,0.285,,,0.106,0.0415,,0.035,0
,,0.405,,,,,0.2,1
,,,,1.689,0.694,0.371,,1
1.0,,,,0.2805,,,0.0975,0
0.0,0.605,0.475,,1.382,,0.2325,0.3985,1
0.0,,0.305,,,0.1045,,0.09,1
,,,0.085,0.2675,0.116,,0.0765,0
1.0,,0.275,,,,,,1
,,0.625,,2.505,,0.513,,1
2.0,0.7,0.55,,1.6245,0.675,,,1
,,,0.12,0.627,,,,1
0.0,0.53,,,,0.24,0.169,0.24,1
0.0,,,,,0.516,,,1
,0.67,,,1.4015,,,0.416,1
,0.475,0.36,,0.5135,0.241,0.1045,0.155,0
2.0,,0.365,0.12,0.6015,,,,0
,0.505,0.39,,,0.2475,0.2025,,1
,,0.4,,0.8045,0.3345,,0.21,1
,0.705,0.56,0.22,,,0.3085,,1
0.0,0.405,0.31,,0.3095,,0.058,,1
1.0,,0.175,0.065,,0.031,0.0135,0.017,0
2.0,,,0.165,1.1245,0.492,,0.3555,1
2.0,,,,,0.199,,0.117,0
,,0.425,,0.6805,,,,1
,,0.375,0.135,0.4935,,0.0845,0.17,1
,,0.505,0.165,1.4325,0.684,0.308,,0
,0.46,0.34,0.135,,,,,1
1.0,0.28,0.2,0.075,,,0.0115,,0
,,0.435,0.14,,,,0.2295,0
1.0,0.215,,,0.041,0.015,0.009,0.0125,0
,,,,,0.1705,0.08,,0
,0.44,0.34,,,,,0.135,0
,,0.47,,,0.4655,,,1
,,0.49,0.175,,0.5705,0.271,0.405,1
,0.6,,,1.0475,0.465,,,1
0.0,,,,,0.3535,,,1
,0.31,,,0.1275,0.0565,0.0275,0.036,0
1.0,0.285,,,,0.039,0.0285,,0
0.0,0.46,0.33,,0.5325,0.2085,0.1805,0.125,1
2.0,0.575,,0.15,,0.293,,,1
0.0,,,0.135,0.556,0.1925,0.1315,0.1685,1
2.0,,,0.125,0.559,,0.139,,0
2.0,0.65,,0.175,1.466,,0.3045,,1
0.0,,,0.145,0.776,0.3545,,,1
,0.365,0.295,,,0.097,,,0
1.0,,0.4,0.14,0.6955,0.2405,,,1
2.0,,,,,,0.258,0.35,1
0.0,,,,0.5305,0.2135,0.1155,,1
,,0.475,0.16,0.895,,0.221,0.271,1
,0.47,0.365,0.12,,0.327,0.15,,0
1.0,0.365,,,,,0.049,,0
2.0,,0.28,,,0.0905,,,1
1.0,,0.31,,0.91,,,0.0995,0
2.0,0.715,,,1.9525,,,0.4135,1
,0.54,,0.14,0.7655,,0.116,,1
,0.44,,0.115,,,0.0765,,0
,,,,,0.243,0.1335,,1
,,0.25,0.07,,0.104,,,0
1.0,,,,0.468,,0.1065,,0
0.0,0.61,,0.16,,,,0.315,1
,,0.35,,,0.1685,0.0865,,1
2.0,0.44,,0.105,,,,0.165,1
,,0.48,,,,,,1
0.0,0.64,0.5,0.17,,0.565,0.3375,,1
,,0.505,,1.129,,0.256,,1
0.0,0.5,0.39,,,,,,1
,0.55,0.45,0.155,0.7895,,0.159,0.25,1
2.0,,0.45,0.185,0.925,0.342,,0.35,1
,,0.29,0.09,0.2825,,,0.0815,0
,,,0.075,,,,0.05,0
0.0,0.53,,,,,,,1
,0.73,0.585,0.225,,,0.422,,1
,,0.4,0.115,,0.186,0.1025,,1
,0.55,0.435,,0.745,0.347,0.174,,1
2.0,,,,0.785,,0.186,0.275,1
0.0,,0.365,,,,,,0
,,0.455,,,0.495,,0.246,1
,0.515,0.385,0.125,,,,,0
2.0,,0.55,,,,,0.445,1
,,,0.165,,,0.2375,,1
,,,0.125,,,,,0
1.0,,0.35,,,0.1575,0.0895,0.115,0
,0.6,,,,,,0.32,1
1.0,,0.265,,0.213,,0.049,,0
,,,,1.154,0.4405,0.2315,,1
,,0.42,,0.6765,0.256,0.1855,,1
1.0,0.46,,,,0.187,,,0
0.0,,,,,0.392,0.336,0.285,1
2.0,,0.485,,1.2675,,,,1
,,0.37,,,,,,0
,,0.27,,0.2,0.073,,,0
,0.75,0.615,,2.2635,,,0.726,1
,,,,,0.2355,,0.1295,0
0.0,,,0.13,,0.2625,0.095,,1
,0.47,,,,,,0.169,0
,,,0.095,0.243,0.0895,0.0665,0.075,0
,,,,,,0.1595,,0
,,,0.21,,,0.4095,0.385,1
0.0,0.495,0.41,,0.7555,0.3355,,,1
0.0,0.57,0.45,,0.903,,,,1
,,0.55,,1.3905,,,,1
2.0,,,,2.032,,0.4755,0.6585,1
,0.59,,,,,0.1785,0.26,1
,,,,1.122,0.347,0.3045,,1
0.0,0.29,,,,,,0.04,0
,,0.25,,0.185,,0.0495,,0
1.0,0.315,0.23,0.07,0.164,,0.04,0.045,0
2.0,0.605,,,,,,0.309,1
,0.575,,0.14,0.8455,,0.191,0.222,1
,,0.445,0.15,,,,,1
1.0,,,0.115,,0.167,0.084,,0
0.0,,0.415,0.16,,0.272,,0.2765,1
,0.595,,0.145,,0.463,,,1
,0.435,,0.1,0.3295,,,0.11,0
1.0,0.455,0.355,,0.372,0.138,0.0765,,1
,0.67,0.525,,,0.573,,0.3905,1
,0.485,,0.12,0.599,,0.1345,,0
,,,,0.2815,0.1185,,0.08,0
2.0,0.565,,,,,0.13,,1
,,,,,0.5795,0.2145,0.29,1
,0.645,0.525,0.2,,0.601,0.2565,0.505,1
1.0,,0.21,,,0.0425,0.022,0.03,0
1.0,,,0.125,,,,0.195,1
,0.4,0.32,,,,0.06,,0
0.0,0.625,0.515,,,,,,1
,0.66,,,,,,0.49,1
,,0.36,,,,0.137,,0
,,0.41,0.14,0.7355,0.3065,,,0
0.0,,,,,0.5205,0.3085,0.347,1
,0.53,0.41,0.155,,,0.1685,,1
,0.31,0.225,,,0.435,0.015,,0
2.0,,,,0.406,,,0.135,1
1.0,0.34,,0.085,0.2015,,0.038,,0
,0.75,0.595,,,1.083,0.421,0.63,1
,,0.36,,,0.222,,,1
2.0,,,,,0.605,0.345,0.48,1
,,0.315,,0.2805,,,0.11,0
0.0,,,0.17,,,0.2135,,1
,0.695,,0.175,,0.8035,,,1
,,,0.16,,,,,1
,0.51,,0.11,0.5805,,,0.148,0
2.0,0.35,,,,,,0.06,1
1.0,,,0.11,,0.1355,0.0935,,1
1.0,,0.53,,,,,0.34,1
0.0,,,0.19,1.2435,,,0.39,1
0.0,,,,,,,,0
2.0,,,,0.171,,,,1
2.0,0.495,0.38,0.135,,0.263,0.1425,,1
,,0.435,0.15,,,0.1835,,1
0.0,0.64,,,,,,,1
,0.47,0.37,,,,0.1015,0.155,1
2.0,,,,1.013,0.38,,,1
,0.515,,0.17,,0.258,0.1755,0.28,1
,,0.39,0.135,,0.215,,0.1845,1
,0.33,,0.075,,,,,0
,,0.455,0.16,,,,0.325,1
,,0.115,0.015,,,0.003,0.005,0
2.0,0.635,0.51,,,0.544,,0.377,0
,0.565,,,,,,0.31,1
,,,,,0.383,0.1835,,1
2.0,,,,,,0.183,,1
0.0,,,,0.857,0.461,,,1
2.0,,,,,0.5455,,,1
1.0,,0.13,,,,,,0
,,0.385,,,0.3015,0.104,0.151,0
2.0,0.55,,0.16,,0.4645,,,0
,,,,,,,,1
,,0.455,,,0.369,0.3005,0.275,1
2.0,,,,,,0.2095,0.264,1
2.0,0.33,0.215,0.075,,,0.0265,,0
2.0,,0.525,,,0.9165,,0.461,1
2.0,,0.485,0.215,,,,,1
,0.335,0.245,,,,,,0
,,,,,,0.36,,1
,0.64,0.5,,1.4545,,,,1
0.0,0.625,,,,,0.2445,0.53,1
,0.39,0.3,,,,0.059,,0
,,,0.135,,0.3345,,0.21,0
0.0,0.65,0.5,,1.4045,0.694,,,1
0.0,0.62,,,,,0.3075,,1
1.0,0.38,0.28,0.095,0.2885,0.165,,,0
0.0,,0.41,,,0.293,0.1525,0.235,1
,,,,,,,,1
0.0,0.705,,,,0.9915,,0.624,1
,,,0.105,,0.208,0.089,,1
1.0,0.51,,,,,0.1395,0.182,0
2.0,0.575,0.44,,0.9615,0.483,,0.275,1
1.0,,,,0.514,,,0.155,1
,,,0.09,,,,,0
0.0,,,,,,0.3315,0.38,1
,,,,0.363,,0.065,0.11,1
,0.505,,,,0.2935,0.19,0.17,1
2.0,,0.48,,,0.604,0.271,0.35,0
0.0,0.68,,,1.541,,0.395,0.4575,1
,,0.27,0.1,0.185,0.08,,,0
0.0,,0.515,0.17,,0.4305,0.2245,,1
,0.525,0.415,0.16,,,0.1575,,1
,0.585,,,,0.3745,,,1
1.0,,,0.085,,,,0.062,0
1.0,0.56,0.455,,,,,0.235,1
,0.525,,0.12,0.6315,0.3045,,0.19,1
,,0.445,,1.0145,,0.164,0.3,1
2.0,,,0.21,,1.1945,,,1
0.0,,0.585,0.19,,,,0.5855,1
,,0.425,,,,0.139,,1
0.0,0.585,0.45,0.125,,,0.2075,0.225,0
,0.33,,0.095,0.2085,0.102,0.0395,0.052,0
,,,0.12,,,,,0
0.0,0.36,,0.09,0.2165,,0.037,,1
,,,0.135,,,,0.156,0
2.0,,,,,,,0.4755,1
2.0,,,0.19,,0.5305,0.2375,0.47,1
0.0,0.585,0.485,,,0.4145,,,1
,,0.535,,1.65,0.734,,0.335,1
,,,0.115,,0.184,,,1
,,0.4,,,,0.156,,1
,,0.29,,0.2365,,0.0505,,0
,0.23,,,,,,,0
,,,,,0.163,,,1
,,,0.175,,,,,1
0.0,,0.395,0.145,0.775,,0.169,0.255,0
,,0.22,,0.141,,,,0
,0.555,0.425,,0.873,0.4625,,,1
,0.64,0.49,,1.194,0.4445,0.238,,1
1.0,,,,,0.0675,0.038,0.045,0
,0.55,0.45,,,,,0.2665,1
,,,,0.5375,0.221,,,0
0.0,0.45,0.345,,,,,,1
,,,,,,,,1
2.0,,,,0.97,0.462,,0.295,1
,0.365,0.27,0.085,0.196,0.0825,0.0375,0.06,0
,,,0.115,,,0.0885,,1
,,,,,0.256,0.139,,1
,,,,,0.2435,0.1525,0.1895,1
,,,,,0.2565,0.1755,,0
1.0,,0.365,,0.1315,0.2025,0.0875,0.123,0
,,0.38,,,,0.113,0.185,0
,,,,,0.6075,,,1
,,0.175,,,,,,0
,0.675,,,,0.6175,,,1
,0.345,0.255,0.085,,,0.037,0.05,0
1.0,0.47,,0.125,,,0.1075,0.142,0
2.0,0.695,,0.19,1.494,0.588,0.3425,,1
1.0,,0.34,,,,0.0875,,1
,0.445,,0.105,,,0.1015,,0
,0.7,0.575,,2.273,,0.418,0.638,1
,0.645,,,,0.5645,0.288,0.386,1
,,,,,,0.1275,,0
,,0.38,0.13,0.584,0.224,,,1
,0.58,,0.145,0.9865,,0.2155,0.25,1
2.0,,,0.17,,,,0.3,1
,0.69,,,1.7005,,,0.405,0
,0.61,0.485,,,0.5315,0.212,,0
,0.135,0.13,0.04,0.029,0.0125,0.0065,,0
,,,,,,,,1
,0.5,0.4,0.13,,0.37,,,0
,,,0.1,0.3295,,0.0725,,0
2.0,,,0.235,,0.413,,,1
0.0,0.615,0.475,,1.194,0.559,,,1
,,0.235,0.075,,,,,0
,,,,,,,,1
0.0,,,,0.6065,0.3005,,0.15,0
1.0,,,,,0.2985,,0.175,1
,0.47,,,,0.19,0.1165,,0
,0.46,,,0.436,,0.096,,0
,,0.2,,,,0.0235,,0
,0.235,0.18,,0.058,,0.0145,,0
1.0,,,,0.018,0.0075,,,0
2.0,,0.405,0.14,,,,0.315,1
,,0.23,0.075,,,0.0305,0.05,0
,,,0.17,1.337,0.615,,0.3575,1
,,0.365,,,0.281,,0.1335,0
,0.5,,,0.577,0.269,,,1
,,0.275,,0.217,,0.0435,,0
2.0,0.525,,,0.8665,0.2825,0.176,0.29,1
1.0,0.53,,,0.6615,0.2945,,0.19,1
,0.505,,0.13,,,,,1
2.0,0.77,0.62,,2.5155,1.1155,0.6415,0.642,1
0.0,0.625,0.49,,,,0.1915,0.2925,1
,,0.5,0.14,,,0.3175,,1
0.0,0.66,,,,,0.288,,1
,,,,,,,,1
,,0.49,0.185,,0.482,,0.361,1
2.0,,,0.145,0.9365,0.497,,0.2185,0
1.0,0.52,,0.14,,0.242,,0.182,1
1.0,,,0.1,0.394,,0.091,0.1125,0
,,,,,,0.287,,1
,,0.47,0.165,,,,,1
,0.34,0.25,,,0.0785,0.0405,0.05,0
,,,0.165,1.519,0.699,,,1
,,0.435,0.145,,,0.22,0.264,1
,,,,,,0.0545,0.07,0
,,,0.095,,,0.046,,0
1.0,,0.345,,0.4005,0.164,0.0755,0.126,0
2.0,,0.39,,,0.3935,,0.19,0
2.0,0.48,,0.13,,0.349,,,0
,0.56,,0.155,,,0.19,0.2425,1
,0.545,0.43,0.14,0.832,0.4355,,,1
2.0,0.605,,,,0.3835,0.1905,0.27,0
,,0.375,0.145,0.5795,,,,1
,,,,,,0.2215,,1
2.0,0.67,0.55,,,0.472,,0.4,1
,,,,1.2905,,0.2965,0.326,1
0.0,,0.455,,0.8755,0.411,,,0
,0.665,,0.19,1.496,,,,1
,0.48,,,0.439,,,0.115,0
,,0.38,,0.673,0.2175,0.13,0.195,1
0.0,,0.495,,,,,0.365,1
0.0,,,0.17,1.415,,0.297,,1
2.0,0.53,,,,,0.1415,0.1835,0
,,,,0.362,0.1575,0.0795,0.1095,0
,,,0.195,,,0.247,,0
,0.44,0.33,,0.522,,0.0905,,1
,,,,,,0.2385,0.29,1
,,,,,0.196,0.099,0.135,0
,,,0.085,0.2145,,,,1
,,,0.15,,0.345,,,1
0.0,,0.525,0.18,,0.631,,,0
1.0,,0.23,,0.1145,,0.0235,,0
0.0,0.625,0.49,,,,,,1
,,,,1.175,,0.2435,0.215,0
,,0.45,,,0.472,,,0
1.0,,0.23,,,,0.0275,,0
,,,0.14,0.724,,,,1
,0.62,,0.175,1.2815,0.5715,0.2385,0.39,1
2.0,0.525,,,0.7555,0.3755,0.1555,0.201,1
,,,,,0.149,,,0
1.0,0.27,0.205,0.075,0.118,0.059,,0.0305,0
0.0,0.65,,0.175,,0.59,,,1
1.0,0.48,0.35,0.105,,0.352,,,0
1.0,,0.43,0.14,0.7665,0.341,,,1
,,0.435,0.16,,0.316,,,1
,0.71,,0.18,1.652,0.735,,0.4525,1
,0.61,,,0.983,0.4565,,0.266,1
0.0,,0.42,0.13,,0.3125,0.1565,0.2035,0
0.0,0.645,,0.16,,,,,1
2.0,,,0.15,0.895,,,,1
2.0,,,0.17,,,0.3025,0.387,1
0.0,0.63,,,,0.659,,,1
1.0,,0.32,,0.378,0.152,,0.12,0
,,0.255,,,,0.039,0.06,0
,,,,0.385,,0.08,,0
,0.465,,,0.5255,0.2025,0.135,0.145,1
2.0,0.735,,,1.88,,0.387,,1
,,,,0.931,,,,0
,,,0.09,,,0.039,0.05,0
,,0.38,0.12,0.573,0.2655,0.1285,,0
2.0,,,,1.186,,,0.277,1
2.0,0.51,0.4,,0.6905,,,,1
1.0,0.31,0.225,0.05,,0.0675,0.0385,0.045,0
,,,,,,,,1
2.0,0.375,0.29,,,,,,1
,0.395,0.3,0.12,0.2995,,,0.0895,0
,,0.325,,,,0.087,,0
,,0.45,0.175,1.0095,0.447,0.2375,,1
2.0,,,,1.0725,0.4815,,,1
,,,,,0.553,,0.35,1
,0.54,0.42,,0.8115,,,,1
,0.2,0.145,,,,0.008,,0
2.0,0.64,,0.165,,,,,1
,,,,,0.045,,,0
,0.37,0.275,,,,0.0505,,0
,,,0.105,0.33,,,,0
2.0,,0.39,,,,0.096,,1
1.0,,0.35,,0.4445,,,,0
,,,,,0.5055,0.2635,,1
,0.455,,0.125,,0.225,,0.1465,0
,,0.17,0.055,,,,,0
0.0,,,0.125,,,,,1
2.0,,,0.145,,,,0.2875,0
,,,,,,,0.065,0
,0.45,,,0.4715,0.2035,,,1
1.0,,,,0.0615,0.0205,0.02,,0
1.0,0.5,,,0.6215,0.2925,,0.195,1
,,,0.21,,0.8345,0.408,,1
0.0,,,0.155,,,0.1975,0.265,0
,,0.415,0.17,0.8325,,0.1685,0.31,1
1.0,,0.355,,,0.2155,0.1105,,1
,0.64,,,,0.4945,0.2555,0.41,1
,0.43,,0.11,0.382,0.154,,0.109,0
,,0.36,,,,,,1
,,,,0.755,0.334,0.15,,1
,,0.47,,,0.4025,,,1
,0.605,0.495,,,0.528,,0.39,1
,,0.35,0.135,,0.1815,,,1
,0.575,0.465,,1.08,0.595,,0.238,1
2.0,0.615,0.49,,,,,,1
,,0.34,0.0,0.428,0.2065,0.086,,0
2.0,,0.255,,,0.094,,,1
0.0,,0.57,,,0.744,0.315,,1
,,0.195,0.065,,0.0315,,,0
0.0,0.65,,,,0.564,,0.425,1
,0.65,,,1.385,,,0.405,1
1.0,0.61,0.425,0.155,1.0485,,,0.274,1
0.0,0.61,0.485,0.18,1.2795,,0.2855,,0
,0.595,,,1.1005,0.5415,0.166,0.265,0
1.0,,0.31,,,,0.071,,0
,,,0.14,0.678,,0.1325,0.119,0
,0.77,,,,0.8005,,0.355,1
,,0.305,0.11,0.28,,,0.0955,1
1.0,,,,,0.3795,0.161,,1
2.0,0.62,,,,0.375,,,1
2.0,,0.47,,,,,0.325,1
2.0,,0.285,,,,,0.081,1
,,,,0.909,0.344,,,1
,,,0.14,,,0.214,0.2,0
,,,,,,,,1
2.0,,,0.095,,0.0835,0.0515,0.07,0
,0.62,0.47,,,,,,1
0.0,,0.525,,,0.6425,,,1
2.0,,0.195,,0.106,,0.018,,0
,0.59,0.47,0.145,,,0.236,,0
,0.625,,,,,,0.435,1
,0.285,,0.07,,0.051,,,0
,,0.39,,0.6905,0.219,,,1
1.0,,,,,0.2775,0.1555,,1
2.0,,,0.12,0.702,0.3335,,,1
0.0,,0.51,0.2,,,0.367,,1
0.0,0.625,,,1.288,,,0.315,1
,0.57,0.455,,1.0595,0.44,,0.285,1
2.0,0.505,,,0.875,0.2665,,,1
,,,0.105,,,,0.115,0
2.0,,0.315,0.125,0.388,,0.09,0.125,1
2.0,,,0.2,,,,0.4505,1
2.0,,,,,0.2525,0.1205,0.185,1
,,,0.155,,,,0.19,1
1.0,0.52,,0.125,,0.288,0.1295,,0
,0.62,0.5,,,,0.23,,1
2.0,,,0.13,0.6875,0.3435,,0.1765,1
,,,,0.733,,,0.235,1
,,0.355,,,0.3485,,,0
,,,0.17,,,0.2405,,1
1.0,0.55,,0.14,0.7535,,,,1
1.0,,,,,,,0.235,1
,,,0.155,1.0385,,0.2315,,1
1.0,,0.295,,0.2535,0.103,0.0575,0.085,0
2.0,0.57,0.445,0.15,0.9875,0.504,0.207,0.249,0
,,0.52,,1.343,,,0.4,1
,,,,,0.63,,,1
,0.575,,0.17,,,,,1
,0.275,,0.055,,,0.021,0.026,0
1.0,,0.46,,,,,,1
0.0,0.46,0.38,0.13,0.639,0.3,,,1
1.0,0.56,,,0.728,,0.1435,0.2175,0
0.0,,0.455,,1.0605,,,,1
,,0.44,,,0.3205,,,0
,,0.445,0.135,,,0.182,,0
1.0,,,,0.336,,0.09,0.0855,0
,0.355,,0.075,,0.3045,,,0
,0.64,0.525,0.185,,,0.4205,,1
2.0,,0.415,,0.82,0.4615,0.127,,1
1.0,0.36,0.27,0.085,,0.0875,0.035,,0
0.0,,0.35,0.125,,0.185,,,1
,,,0.07,,0.036,,,0
,0.485,0.355,0.12,0.547,0.215,,0.14,1
,,,,,0.7035,0.386,,1
,,0.435,0.135,0.858,,0.1585,0.29,1
1.0,,,0.065,,0.0565,,,0
,0.5,0.38,,0.5835,,0.1265,,1
,0.475,,0.125,,0.222,,0.15,1
1.0,,0.235,,0.1385,,,0.05,0
,,,,0.251,,0.053,,0
2.0,,0.31,,0.3595,,,,1
,0.455,,,,0.2085,0.0855,,1
,,0.47,,,,0.296,0.32,1
1.0,0.5,0.36,0.12,0.439,0.1875,0.1055,0.1305,0
,0.63,0.5,0.18,,0.514,,0.3995,0
2.0,0.655,,,,,,,1
,,,,0.9225,0.436,0.19,0.26,1
,0.62,,0.165,,0.6355,,,1
,0.3,,,,0.05,,0.043,0
2.0,,0.48,,,,,0.327,1
,0.53,0.425,0.13,0.717,0.2115,0.166,0.255,1
2.0,0.605,,,,,,0.26,1
2.0,,,,0.5755,,0.1505,,1
,0.48,,,,0.2475,0.1505,,1
,0.485,,,0.5415,0.2595,0.096,0.16,1
0.0,0.515,,0.17,0.631,,,0.216,1
,0.7,0.55,0.175,,0.6565,,0.375,1
1.0,,0.385,0.11,,0.311,,,0
2.0,,,,,,,0.27,1
,,0.375,,,,0.145,0.19,1
,0.61,0.48,,,0.516,0.225,0.2915,1
,0.52,0.4,,0.7765,,,,1
0.0,,,0.14,,,0.1715,0.2735,1
2.0,0.47,0.37,,0.5225,,0.133,,0
,0.63,,0.225,,,,,1
,,,,,,0.16,,1
,,,,1.27,0.6035,0.262,0.335,1
,0.42,,0.115,,,0.0935,,0
,,0.395,0.15,,0.2145,0.1405,0.2495,1
,0.485,,0.085,,,,,0
,0.575,,,,,,,1
,,0.57,0.19,,,,0.52,1
,,0.465,,1.259,,,,1
,0.69,0.54,,,0.533,0.353,,1
1.0,,,0.11,,0.182,0.0765,0.14,1
1.0,,,0.09,0.1455,0.0605,,,0
2.0,0.695,,0.23,,0.8665,0.435,,1
,0.655,,0.18,,0.586,,,1
2.0,,,,,,,0.4,1
2.0,,0.415,0.145,0.852,0.43,0.1885,,0
,0.61,,0.15,1.1495,,0.274,,0
,0.62,,0.165,,0.481,,0.305,1
2.0,,,,0.4625,,0.076,,1
0.0,0.73,0.57,0.165,,,0.418,0.435,1
2.0,0.635,,0.16,,,,,1
,,,,,0.3005,,,1
,0.45,0.35,,,,,0.135,0
,,,0.125,,,,0.175,0
1.0,0.175,,,,,0.0065,,0
,0.64,,0.175,,0.51,,,1
,,,0.175,,0.555,,0.34,1
0.0,0.58,,0.12,,,,0.28,1
,0.3,,0.075,,0.052,0.03,0.0345,0
0.0,0.445,0.33,,,0.18,0.103,,1
2.0,0.48,,,0.5135,0.243,0.1015,,0
,0.55,,,,,,,1
2.0,0.57,0.435,,,,,,1
0.0,0.475,0.375,0.14,,,0.1175,,1
2.0,0.71,,,,,0.44,,1
,,,,,,0.041,,0
1.0,0.635,,0.2,,,0.2595,0.425,1
,0.575,,,,,,,1
0.0,0.56,,,0.932,0.361,,,1
0.0,,,0.185,,0.3515,0.2,0.32,1
,0.32,0.255,0.085,0.1745,0.072,,0.057,0
2.0,0.615,,0.175,1.103,,,,1
2.0,,0.48,,0.9395,0.399,0.2,,1
,0.535,0.405,0.125,,0.26,0.1425,,1
,,,,,0.293,,0.38,1
0.0,,,,,,0.2155,0.2875,1
1.0,,0.335,0.115,,0.195,,0.11,0
1.0,0.385,,0.09,0.248,0.0935,0.066,,0
,,,,0.44,,,0.13,0
1.0,,,0.115,0.4725,0.2065,0.112,0.132,0
0.0,,,0.165,1.0125,0.5325,,0.324,1
1.0,,,,0.343,,,,0
,,0.305,,0.32,0.1305,0.0755,0.105,0
,,,0.14,,,,0.285,1
,0.645,,,1.129,0.5015,,,1
,0.475,,,0.6175,,,,1
0.0,,0.465,0.155,,,0.2665,0.2585,1
1.0,,,0.09,0.269,,0.067,,0
,0.67,0.52,,,0.758,0.3735,0.5055,1
0.0,,,,0.9325,,,,0
2.0,,,,1.402,0.483,0.3205,0.465,1
,0.485,0.365,0.155,,0.4235,,0.313,0
1.0,,0.31,0.11,0.315,0.124,0.082,,1
,,,,,0.2505,0.1635,,1
,,,0.155,0.6445,0.242,0.1325,,1
,,,0.145,,0.156,,0.123,0
2.0,0.455,0.35,,,0.1815,,0.16,1
2.0,0.59,,,,0.496,0.2165,0.26,1
,,,0.155,0.7735,,,0.255,1
0.0,,0.4,,,,,,0
,,0.485,0.165,1.0915,,,,1
,0.455,,,,,,0.211,0
0.0,0.665,,,,0.643,0.345,,1
,,0.5,,1.3035,0.4445,0.2635,,1
,,,,0.474,,0.109,0.1275,1
,0.39,,0.1,,0.1075,0.06,0.0865,1
2.0,0.59,,0.15,,,0.2425,,1
,0.48,,0.1,,,0.0835,0.135,0
,0.67,0.5,0.2,1.269,0.576,0.2985,,1
,0.495,,,,,,0.15,0
,,0.21,0.055,0.106,0.0415,,0.031,0
0.0,0.57,,,,0.397,,0.2655,1
,,0.195,0.07,,,,,0
2.0,0.6,0.47,,1.012,,0.2015,,1
,0.52,,,0.728,0.302,0.1575,0.235,1
,,,,1.358,0.567,0.318,,1
2.0,0.495,0.385,,0.6335,,0.1225,,1
,0.595,0.47,,,0.492,,0.265,1
1.0,,,,,0.0775,,,0
,0.59,0.45,,,,0.214,,1
,,0.31,0.105,0.365,0.159,0.0825,0.105,0
0.0,,0.45,,0.9885,,,0.31,1
,,,0.15,,0.6325,0.2465,0.37,1
1.0,,0.415,,,,,,1
,,,,0.6265,,0.1445,,0
1.0,,,,,,0.0255,0.06,0
,,0.49,0.13,1.1335,0.586,0.2565,,1
2.0,0.59,,0.135,1.1685,0.539,0.279,0.28,0
2.0,,,,1.3725,0.606,0.32,0.395,1
2.0,,0.385,,,0.211,0.1375,0.262,1
0.0,,0.53,,1.491,0.6345,0.342,,1
2.0,,,0.19,,1.1495,0.5115,0.505,1
1.0,,0.355,,,0.21,,,0
0.0,,,,,,,0.305,1
2.0,0.64,0.49,0.155,1.1285,0.477,0.269,0.34,1
1.0,0.465,,0.105,0.442,,0.0975,,0
2.0,,0.505,,1.105,0.492,,0.325,1
,,,0.105,0.366,0.1705,,,0
,0.35,,0.09,,0.0745,,0.06,0
1.0,0.445,0.325,0.1,,,0.1,,0
,0.64,0.49,,,,,,1
2.0,,0.51,,,,,0.341,1
0.0,,,0.135,0.964,,,,1
,0.47,0.35,,0.4775,,0.0885,0.175,0
,,,0.18,,,,,1
,0.475,0.355,0.105,0.468,0.201,,0.12,0
,,,0.1,,0.11,,,0
,0.575,,,0.867,0.3765,,,0
2.0,0.53,,0.135,,0.28,0.2165,,1
,,,,0.8615,,0.1545,,1
,0.33,0.265,,,0.068,,0.06,0
,0.65,0.525,,,0.69,,0.4355,1
,,0.51,,1.403,,0.2515,0.4545,1
1.0,,0.26,,,,0.0345,,1
,0.74,,,,0.8155,,0.488,1
0.0,,0.435,0.14,0.8085,,,,1
1.0,0.52,0.38,,,,,,0
,,0.27,,,,,0.0615,0
1.0,,,,,0.181,0.057,,0
,,,,,0.7645,,,1
,0.32,,,,,0.0265,0.038,0
2.0,,,,,,,0.302,1
,,,,1.1775,0.542,0.269,,1
1.0,0.515,,0.125,,0.265,,0.168,1
,0.59,0.465,0.14,,0.4695,,0.263,0
,,0.465,,1.115,0.5165,0.273,,1
,0.43,,,,,,0.14,1
1.0,0.315,0.235,0.075,0.1285,0.051,0.028,,0
0.0,,0.455,,0.943,0.344,,,1
,,0.55,,,0.815,,0.455,1
,,0.48,,,0.5825,0.303,,1
0.0,0.625,0.485,,,0.6765,,,1
2.0,,0.49,0.155,,,,,1
2.0,,0.405,0.16,0.9245,,,0.295,1
0.0,,,,0.9805,0.3155,0.2815,,1
2.0,0.545,,0.14,,,0.16,0.235,1
,,,0.11,,,0.0575,,0
,,0.545,,1.2425,0.487,,0.48,1
,0.3,0.215,0.05,,,0.0225,,0
,0.4,,,0.3185,,,,0
2.0,,0.48,,1.3555,,,0.3385,1
1.0,,,0.145,,0.3525,0.1645,0.242,1
0.0,0.53,0.395,,,0.249,0.1375,,1
0.0,,0.535,,,,,0.465,1
1.0,,0.235,,,0.0585,,0.0425,0
1.0,,,0.08,,,0.0585,,0
2.0,0.625,0.515,0.165,,,0.2065,,1
2.0,0.53,,0.175,,0.261,,0.2645,1
,,,0.175,,,,0.32,1
1.0,,0.475,,,,,0.285,1
,0.645,0.515,,1.1845,0.506,,,1
,,,,,,,0.091,0
2.0,,0.46,0.155,,,0.149,0.269,1
,0.385,0.3,0.09,,0.1525,0.056,,0
2.0,0.62,,,,,0.325,0.33,1
,0.585,0.465,,,,0.1615,,1
,,,0.175,1.348,,,0.394,1
2.0,,0.495,0.155,1.177,0.5055,,0.345,1
,0.46,0.365,0.115,0.4485,,,0.17,1
2.0,,0.44,0.13,0.8255,0.2425,,,1
2.0,,0.48,,,0.4125,0.2735,0.415,1
,0.55,,,,,,0.218,1
,,,0.175,1.423,,,,1
2.0,,0.565,,2.21,1.1075,0.4865,,1
1.0,0.63,0.505,,1.272,,,,1
,,,,,0.45,,,1
1.0,,0.35,,0.4885,0.193,,,1
2.0,0.61,,,,,,0.69,1
,,,,0.6445,0.3155,0.1245,,1
,0.685,0.545,,1.7925,,0.416,0.461,1
2.0,0.535,0.41,,,0.2855,,,1
,0.6,,,,0.6195,,0.3285,1
,,0.465,,0.887,,,0.265,1
,,,0.1,,0.431,0.222,,1
,,0.25,,0.186,0.0945,0.038,,0
2.0,0.635,,,1.081,0.4825,0.242,,1
0.0,,0.43,,0.844,0.3945,,0.231,1
,0.69,0.56,0.215,,,,0.47,1
,0.6,,0.145,0.877,,0.155,0.24,1
,,0.375,,0.6125,,,,1
0.0,0.57,0.42,,,,,,0
0.0,,0.38,,,0.232,0.141,,1
1.0,,,,,,,,1
2.0,0.585,,,0.997,,,0.251,1
,,,,1.527,0.5755,,0.44,1
1.0,,0.375,,0.5445,0.279,,0.13,0
,,0.45,,,,0.169,,1
,0.445,0.355,,,0.1805,,,1
,0.355,,0.095,0.2455,,0.062,,1
,0.51,0.41,0.155,1.2825,,,0.3795,1
,,,,,,,,0
,,,,,,,,1
,,,0.175,1.0675,,0.216,,1
2.0,,,0.13,,,0.133,0.24,1
,0.505,0.385,0.12,0.6005,,,0.185,0
,,,,,0.249,0.181,0.21,1
0.0,0.6,0.45,,,,,0.2425,1
,0.32,,0.08,,0.057,0.034,,1
0.0,,,0.09,0.1885,,,,0
,,0.39,0.13,,,0.1095,0.1895,0
,,0.265,,0.2965,0.1365,0.063,,0
2.0,,,,0.5165,0.1885,,,1
1.0,0.505,0.38,,0.594,0.2595,,0.18,0
,,,0.12,,0.285,0.1365,0.172,1
,,0.565,0.215,1.891,0.6975,,,1
1.0,,,0.1,,,,0.109,0
,,0.485,,1.1325,,0.2505,,1
2.0,,0.435,,,,,,1
1.0,,,,0.306,,,0.094,0
,,,,0.806,,,,1
,0.49,,0.11,,0.2935,0.1005,0.15,0
0.0,,0.39,0.13,,0.1975,0.13,,1
,,,,,,,,1
,0.4,,,,0.1545,,,0
1.0,0.51,0.4,0.15,0.745,,,0.235,1
1.0,0.33,,,,,,,0
0.0,0.73,,0.18,1.6895,0.6555,,0.4935,1
,0.39,,,0.3085,,,0.085,0
2.0,0.575,,0.155,0.892,0.4415,0.176,,1
,,0.475,0.175,1.2525,0.5575,0.3055,,1
,,,,,0.086,,0.0605,0
2.0,0.62,0.47,,1.0865,,0.2715,,1
,,,0.2,,0.687,,,1
,,,,,0.1675,0.158,,1
,,,,,0.0165,,,0
2.0,,,,,0.0795,,0.07,1
,,0.53,,,0.546,0.2705,,1
,0.28,0.205,0.1,,0.0545,,0.03,0
1.0,,,0.1,,,0.0585,,1
0.0,,,,,,0.156,0.245,1
,0.485,,0.15,0.9145,,,,0
0.0,,,,,,0.258,,1
1.0,,,,,,,0.36,1
,,,0.155,,,0.214,,1
,,0.325,,,,,0.105,0
,,,,,0.069,,0.0695,0
,,0.44,,,0.439,,,1
1.0,0.595,0.47,,0.9365,,,0.287,1
,,0.525,0.18,,0.597,,,1
0.0,,,0.125,,0.2945,,,1
1.0,,0.275,0.09,,0.108,,,0
,,0.405,0.13,,0.3265,0.1975,0.175,0
0.0,,0.375,,,,0.144,,1
0.0,0.37,0.29,0.115,0.25,,,,1
,0.61,0.45,,1.0805,0.517,,0.2935,1
,,,0.175,1.0165,,0.214,,1
0.0,,,0.185,,0.5115,,,1
0.0,0.52,0.4,,,0.295,,,1
0.0,,0.475,,,,,,1
,0.62,0.475,0.15,,0.455,0.1865,,1
0.0,0.475,0.35,,,,,0.125,1
0.0,0.605,,,1.0105,,,,1
,,0.345,0.115,,0.269,,,0
,0.625,,0.15,1.044,0.438,,,1
,0.585,,,1.053,,,,1
,0.63,0.49,0.225,,0.6805,0.259,0.3245,1
,,0.375,0.125,0.5615,0.252,,,1
,,,0.145,0.6095,0.248,,0.175,1
,0.5,0.38,0.11,,,0.09,0.1325,0
,0.59,0.47,,,0.4205,,0.36,1
0.0,,,,1.1295,0.463,,0.33,1
2.0,0.6,0.47,,1.105,0.4865,0.247,0.315,1
,,,,0.2105,,0.0525,,1
,,,,,0.5195,,0.3175,1
,0.42,0.33,,0.352,,0.089,0.1,1
,0.575,0.46,0.145,,,0.229,0.265,0
2.0,,,0.17,1.4345,0.611,0.309,0.418,1
1.0,0.55,,0.145,0.712,,,0.225,1
,0.455,,,,,0.101,,1
2.0,,,0.175,1.806,,,0.725,1
,,,0.14,,,,0.225,1
2.0,,,,,,,0.625,1
2.0,,,,,,,,1
2.0,,,,0.86,,0.1935,0.275,1
2.0,0.55,0.415,,1.042,,0.2325,,1
,0.655,0.515,0.16,1.31,0.553,,0.345,1
,,0.195,,0.102,,,0.034,0
,,,,,0.492,0.2595,0.3375,1
,0.695,,0.175,,,,0.505,1
,,,,,,,,0
,0.555,,,,0.4165,0.1685,0.23,0
,0.575,,0.13,0.785,,0.193,0.2265,1
,0.585,,,0.6985,0.3,0.146,0.195,1
1.0,0.515,,0.125,,,,,1
,,,,1.0305,0.4925,,,1
,0.53,,,,0.328,,0.202,0
1.0,,,0.16,,0.1615,0.073,0.198,1
,0.49,0.385,,0.5395,0.2175,,,1
0.0,0.58,,,,0.4615,,,1
,0.61,0.475,0.16,,,,0.379,1
1.0,0.435,,,,0.1775,0.081,,0
2.0,0.72,0.545,,1.7475,0.8215,0.383,,1
,0.55,0.415,,0.7915,,,0.236,1
0.0,0.65,,0.175,,,,,1
1.0,0.315,0.235,0.055,0.151,0.065,,,0
1.0,,,0.095,,,0.075,,0
2.0,,0.45,,,0.326,,,1
,,,0.155,1.0295,0.425,,0.335,1
0.0,,,0.125,0.8725,,0.199,0.24,0
0.0,0.53,0.42,,0.677,0.2565,0.1415,0.21,1
,,,,,,,0.055,0
,,0.45,,,,,,1
1.0,0.535,,0.135,0.6025,,0.121,,1
2.0,0.51,,,,,0.1835,0.175,1
,0.59,0.46,,,,,,0
,0.45,0.33,,0.411,,,,0
2.0,0.625,0.465,0.14,1.195,,,,1
0.0,,0.475,0.165,1.023,,,,1
,,0.495,0.18,1.0815,,0.254,,1
,,,,1.1825,,,0.24,1
1.0,,,0.105,,,,0.114,1
,,,,0.7465,,,0.2185,1
,0.52,,,,0.2385,0.111,,0
,,,,0.9205,0.381,0.2435,,1
,0.075,,0.01,0.002,,,,0
,,0.48,0.165,,,0.283,,1
2.0,,0.5,0.18,,,0.2695,,1
1.0,,,,0.27,,0.064,,0
1.0,0.53,0.43,,,0.298,0.0965,,0
1.0,,0.31,,0.2875,0.1145,0.0635,,1
1.0,0.55,0.415,0.135,,,0.2015,,1
,0.405,0.305,,,0.114,0.0575,,0
2.0,0.47,,0.135,,0.222,,,1
,0.44,,0.115,,0.1585,,0.131,1
2.0,0.58,,,,0.4985,0.2115,0.2835,1
2.0,,,,0.9655,0.498,,,0
,0.55,0.415,,,0.318,0.21,0.2,1
1.0,0.205,0.14,,,,0.012,0.0135,0
0.0,,,,,,,,0
1.0,,,0.11,0.538,0.271,0.1035,,0
,,,,,,,0.1175,1
,0.435,,,,,0.0985,,0
1.0,,0.3,,0.28,,0.0575,,0
1.0,,,,,,,0.24,1
1.0,0.255,0.185,,0.088,0.0365,,0.023,0
0.0,,0.35,0.11,,,,,1
2.0,0.465,,,,0.2665,0.085,,0
,0.49,,0.105,,,,,0
,0.435,,,,0.1555,0.0675,,1
,,0.45,0.185,,0.3805,0.175,0.41,1
,,0.43,,,0.35,,,1
,,,0.165,,,0.292,,1
,0.32,0.245,,0.1585,,,,1
,0.475,,,,,0.079,,1
1.0,0.465,,0.105,,,,,1
,,,,1.242,0.576,,,1
1.0,0.525,0.415,,,0.2805,0.12,0.1695,1
,0.57,0.45,0.18,0.908,,0.217,0.255,1
,,,,0.301,0.1385,,0.08,0
,0.615,,0.155,,0.4375,0.2585,,1
2.0,,,0.095,0.827,,,,0
,,,,,,,0.274,1
,,,0.115,,,0.0865,,0
,,0.45,0.145,,,,0.29,0
,0.25,,0.06,,,,0.0245,0
0.0,0.725,0.56,,,0.65,,,1
,,,,,,,,1
,,0.48,0.165,,0.4135,,,1
,,,0.075,,0.071,0.059,,1
,,0.33,,,,0.1005,,0
0.0,,0.305,,0.3485,,,0.1,1
0.0,,,,1.309,0.524,,0.385,1
,0.53,0.405,,,,,0.193,1
0.0,,0.49,,,0.484,0.277,0.3095,1
,0.645,0.55,0.175,1.2915,,0.3045,,1
0.0,0.5,0.38,,0.6355,0.277,,,0
0.0,,,0.18,,0.2325,0.1495,0.17,1
1.0,0.55,0.425,0.155,,,,,1
0.0,,0.485,,1.4195,0.6735,,,1
,,,,,0.336,0.2405,0.245,1
2.0,0.735,0.59,,,0.7275,0.403,,1
,0.23,,0.05,0.057,0.026,0.013,,0
,,0.45,,,0.481,,,1
,0.31,,0.075,0.155,,0.037,,0
2.0,,,,,,0.318,,1
1.0,,,,,,0.1105,,1
,0.645,,,,,,0.455,1
,,,,1.2125,0.5735,,0.36,1
,0.705,0.555,0.2,1.4685,0.4715,0.3235,,1
1.0,,,,,0.419,0.1205,,1
1.0,,,0.135,0.624,,0.1285,,0
,,,,,,0.122,,0
2.0,,0.505,,1.374,,0.351,,1
0.0,0.565,,0.175,0.957,0.3885,,0.275,1
2.0,,,,,0.3275,0.225,,1
,,,0.085,,,,0.066,0
,0.535,0.46,,0.7875,,0.2005,0.2,0
,0.47,0.37,,,,,0.163,0
,0.44,0.32,0.12,,,,,0
0.0,0.62,0.48,0.16,,,0.2445,0.281,0
,0.24,,0.045,,0.0315,,0.02,0
,0.56,0.445,,0.8225,0.3685,0.187,,1
,,,,0.9735,0.427,,,0
,,0.505,0.2,,,,0.61,1
,,0.48,0.16,,0.585,0.2595,,0
0.0,,0.455,,,0.587,0.3165,0.3415,1
1.0,,,,,0.1945,,,0
,0.68,0.56,0.195,,0.58,,,1
,,,0.125,,0.372,,,0
,,0.305,,,0.173,0.0705,,0
1.0,0.355,,0.11,,,,,0
,,0.425,,0.9455,,0.2005,,1
,,,,0.662,0.2815,0.137,,1
,0.605,0.47,,,,0.2805,0.385,1
0.0,0.465,,,0.4705,,0.118,,0
2.0,,,0.205,,0.32,,,1
,0.37,0.29,,,,0.045,0.069,1
,,,0.17,1.289,0.6,0.2945,0.3315,1
2.0,,0.46,,,0.38,,,1
,,0.51,0.15,,,,,1
0.0,0.675,0.555,,,0.713,0.358,0.4535,1
2.0,,,,0.2605,,,0.085,0
,0.37,0.275,,0.2215,0.097,0.0455,,0
,,,,0.2615,,0.0595,,1
1.0,0.355,0.28,,,,,,1
,,0.465,0.15,1.1025,,0.262,0.25,0
,0.56,,0.17,,,,0.3,1
,0.375,0.28,,0.226,,,0.065,0
1.0,,0.3,,,,,0.12,1
,0.68,,0.175,1.543,,,,1
,0.62,,0.165,,,,0.355,1
,0.58,,0.15,0.834,,0.1515,0.23,0
,,0.45,0.155,,0.321,0.1975,0.2445,0
1.0,0.205,0.15,,,,,,0
,0.485,0.385,0.125,,,,0.17,1
,,0.52,,1.4105,0.691,,,1
,,,,1.347,,,0.415,1
1.0,0.2,0.15,,,,0.007,,0
0.0,,0.455,0.175,,0.342,0.207,0.35,1
,0.57,,,1.0005,0.454,,,1
,,0.45,0.14,1.0055,,,,1
0.0,0.565,,,,,0.2505,,1
1.0,,,0.095,,,,0.09,1
1.0,,0.26,,0.1765,,,,0
,,,0.105,,,,,0
,0.59,,0.145,1.073,,,,1
,,0.365,,,,0.1035,0.14,1
0.0,0.645,0.525,,,0.6135,0.283,0.34,1
,,,,0.983,,,0.2485,1
,0.525,0.39,,0.664,0.3115,,,1
1.0,0.41,,0.09,0.3335,,0.061,0.091,0
,0.5,,0.12,0.5765,,,0.145,1
2.0,,0.58,0.205,,0.959,0.3415,0.601,1
,,0.18,,0.079,,0.014,,0
,,0.345,,0.3665,0.125,,0.117,1
,,,,1.1215,0.545,,0.29,1
1.0,0.505,,,,,,,1
,,,,0.63,0.234,0.1465,,1
,0.46,0.36,,0.466,0.2225,0.099,,0
,0.655,0.52,0.17,1.1445,,0.223,,1
,,,,1.049,0.5205,,0.305,1
,,,,0.8625,,0.155,0.24,1
,0.63,,0.175,,,,,1
,0.46,0.345,,,0.198,,0.107,0
,0.445,0.37,0.125,,,0.087,,1
,0.425,,0.125,,,,0.13,1
,0.645,0.48,,1.371,,0.2905,,1
,,0.245,,0.1555,,0.038,0.049,1
,,0.505,,,0.6075,,0.353,1
2.0,0.635,,0.205,1.484,0.55,,0.43,1
,,,0.13,,,0.169,,1
,,,,,0.054,,,0
2.0,0.615,0.47,0.175,1.242,0.5675,0.287,,1
,,0.395,,0.7865,,,,0
,0.75,,,2.236,,,0.545,1
,,,,,,0.07,,0
,0.51,0.405,0.13,,,0.1155,,0
,,0.385,,,,0.195,,1
,,0.205,,0.127,,,,1
,,,0.16,,,0.224,0.31,1
,,0.535,,,0.637,0.247,,1
1.0,,0.35,0.12,0.375,0.1425,0.0965,0.115,1
,0.665,0.535,,1.606,,,0.48,1
0.0,,0.52,,,0.6,0.3865,,1
,0.14,,,0.014,0.0055,,,0
,0.505,,,0.5605,,,,0
,0.58,,,,,,,0
2.0,,0.48,,1.244,0.6345,0.257,0.305,1
,,0.41,0.11,,0.2165,,,0
,,0.465,0.125,,,,,1
0.0,0.655,,,,,,,1
,,,0.125,,,0.126,0.1615,1
0.0,0.595,0.47,0.155,,0.4515,,,1
,,,,,0.3315,0.166,,1
,,,,,,0.1545,,1
1.0,0.27,0.19,0.08,0.081,0.0265,,,0
2.0,,0.495,0.195,,,,0.375,1
2.0,,0.47,,,,0.291,,1
2.0,,0.435,,0.806,,0.203,0.215,1
,0.635,,0.165,1.2945,0.668,,0.2715,1
,0.605,0.47,,,0.379,0.2265,,1
0.0,,,0.17,,,0.318,0.44,1
,,,,0.832,,0.179,,1
0.0,,,,0.583,,,0.175,0
,,0.525,0.195,,,,,1
0.0,,0.35,,0.5175,,,,1
0.0,,0.48,0.165,1.043,,0.221,0.31,1
1.0,,0.37,,0.5435,,0.101,0.165,1
1.0,0.535,0.4,,,0.368,0.208,0.2055,0
2.0,0.575,,,,,,0.276,1
,0.435,0.35,,,0.197,0.1145,,1
,0.46,,,0.4785,,,,0
1.0,,,,0.807,0.3615,,0.254,1
,0.19,,,,,0.005,0.0105,0
,,0.315,,,,0.0735,,1
,0.44,0.365,,,0.2435,,,1
,,,,0.6765,0.2865,0.146,,1
,,0.455,0.15,,0.3895,,,1
2.0,,,0.135,,0.294,,0.1825,1
,,,0.08,0.452,,0.0995,,1
,,0.3,,,0.1655,,0.082,0
2.0,0.535,,,,,0.229,0.2195,0
,0.38,,,,0.106,0.0485,,0
,,,0.185,,,0.35,0.47,1
,,,0.18,1.596,,,,1
,,0.52,0.21,,0.6665,0.308,0.46,1
2.0,,0.46,0.155,1.03,0.4275,0.207,0.3305,1
,,0.46,0.16,0.9505,,0.2,,1
,0.63,,,1.016,0.4215,,,1
,0.62,,,1.107,,,,1
,0.59,0.47,,,0.6245,0.233,,1
,0.575,,,,0.3135,0.231,0.33,1
,0.335,0.26,,0.1965,0.0875,0.041,0.056,0
,,,,1.0315,0.432,,0.337,1
0.0,,,0.12,,0.347,,,1
,0.355,,,,,0.0475,,0
1.0,,,,0.537,,0.1085,,1
,,0.485,,,0.5635,,,1
,0.6,0.465,,1.038,0.4975,0.2205,,1
,0.525,0.405,0.135,0.7575,,0.216,0.195,1
1.0,0.36,0.27,,,,,,0
0.0,,,,,0.3105,,0.2,1
,,,,0.35,,,0.105,0
2.0,,,,1.1595,,,,1
2.0,,,,,,0.0075,,0
,,,,,,,0.185,1
,,0.465,,0.9145,0.4555,0.1965,,1
,,,,,,,0.468,1
1.0,,0.35,,0.4,0.176,0.083,0.1205,0
,,,,1.7835,0.8885,,,1
,,,,,,,0.58,1
0.0,0.71,,0.15,,0.6835,,0.28,1
,,,,0.528,,0.1395,0.16,1
,,,,,0.566,0.3835,0.445,1
,0.575,,0.15,0.897,0.4235,0.1905,0.248,0
1.0,,,,,,0.118,,0
1.0,,0.34,,0.384,,,,0
0.0,,,0.16,,,0.236,,0
,,,,,0.208,,,0
,0.58,,,,,,0.325,1
,,0.3,,0.3215,0.1545,,0.095,1
,0.59,,0.165,,,0.2395,0.235,1
0.0,,,0.185,1.759,,,,1
0.0,,0.435,,1.106,0.422,,0.33,1
,,0.26,0.115,,,,,1
,0.455,,0.135,,,,0.168,1
,0.395,,0.115,,,,0.1105,1
0.0,,,0.14,1.0045,,0.2095,0.2515,1
,0.285,,,,0.044,,,0
2.0,,0.39,0.14,,,0.2185,0.18,1
0.0,0.555,0.455,0.18,,0.296,0.195,,1
,0.335,0.22,,,,,0.05,0
,0.66,,,1.4415,,,,1
,,,0.09,0.233,0.0905,,0.07,1
2.0,,0.525,0.18,,0.728,0.343,,1
,,0.385,0.115,0.581,,,,1
2.0,,,,2.1945,,,,1
,,,,0.8295,0.2405,0.1825,0.275,1
,0.61,0.46,,1.0,0.494,0.197,0.275,1
,,0.45,0.15,0.7805,,0.1625,,0
0.0,,,,0.8595,,,,1
2.0,,,,,,0.215,0.245,0
,0.59,0.485,0.155,1.0785,,,0.31,1
0.0,,,0.175,1.186,0.4985,,,1
2.0,,0.465,0.175,,0.4015,0.254,,1
,,,0.18,,,,,1
,0.53,,0.13,0.694,,0.111,,1
,,,,0.312,,0.0635,,0
,0.465,,0.14,0.7615,,0.1535,0.209,1
2.0,0.5,0.385,0.12,,,0.125,,1
2.0,0.465,0.36,0.125,,0.169,0.1075,0.145,1
2.0,0.495,0.4,,,0.2345,0.1155,0.35,0
1.0,,0.265,,0.2215,0.105,0.047,,0
2.0,,0.585,0.185,,0.952,,0.5,1
,,0.355,,0.4445,,,,0
0.0,0.44,,,,,0.1155,,1
,,,0.2,,0.813,,0.49,1
1.0,,,0.15,,,,,1
,,,,,,0.1065,,0
,,,0.12,,,,0.1725,0
,,,0.16,,0.446,,0.305,1
,,0.47,0.2,,0.392,,,1
2.0,0.67,,,,,,,1
,,,,0.7905,0.3485,0.1765,,1
1.0,,0.465,0.15,1.0315,,,,1
,,,,0.197,,,,1
,0.465,0.34,,,0.231,,,1
1.0,0.33,0.26,,,0.0915,0.0425,,0
,,0.4,,,0.2125,,,1
,,0.155,,,,,,0
2.0,,0.525,0.165,1.6085,,,0.4005,1
,0.455,,,,0.1625,,,1
,,0.46,,,,0.331,,1
0.0,,,,0.421,,,,1
1.0,,,,,0.1495,,0.1,0
,0.385,,,,0.147,0.094,,0
1.0,,,0.09,,,,,0
0.0,,0.4,0.13,,,0.1365,,1
,0.5,0.4,,,,,0.22,1
,,0.46,0.15,,0.5415,0.2035,,1
0.0,,,,,,,,1
2.0,,,,,,0.2075,,1
1.0,,0.355,0.135,0.4775,,,,0
,,,,,0.284,,,1
2.0,,,0.225,,0.7535,,0.885,1
,,0.51,,1.2705,,0.323,0.3225,1
2.0,0.68,0.54,0.19,,,,,1
2.0,,0.475,,,,0.184,,1
,,,,,0.096,0.056,,0
,0.585,0.45,,0.7995,,,,0
,0.265,0.195,0.06,0.092,0.0345,,,0
,,,0.15,,0.6285,0.2575,0.309,1
2.0,0.615,0.45,0.15,1.198,,0.2095,0.2505,0
,,0.165,0.055,,,,0.015,0
0.0,0.525,,0.15,0.7155,,,,1
,,0.5,0.165,,0.402,0.28,,1
,,0.35,,0.393,0.13,0.063,0.165,1
0.0,,,,,0.469,0.3315,,1
,,,0.155,,,,,1
1.0,0.57,,0.145,0.751,,0.2195,0.2215,1
,,,,,,,0.192,0
1.0,,,,,,0.014,0.0225,0
0.0,0.54,0.435,,0.892,0.322,,,1
,0.5,,,,,,,1
2.0,,0.445,0.14,0.737,,0.1405,,1
2.0,0.645,,,,,,0.285,1
2.0,,0.365,0.13,,,0.1085,,1
,,0.49,0.155,1.145,,,,1
2.0,0.63,0.455,0.15,,,,,1
,,,,,0.486,0.1815,,1
0.0,,0.4,0.13,,0.3075,0.1665,0.18,0
,,0.575,0.17,,0.913,,0.51,1
,0.49,0.37,,0.585,,,0.195,1
,,,,,,0.0685,0.0875,1
,0.335,,0.105,,,0.056,0.075,0
,0.675,,,,,,,1
,0.635,,0.165,,,,,1
2.0,0.61,0.485,0.145,,,0.2255,,1
,,,,1.5175,0.693,,,1
2.0,0.61,,,,0.4565,0.29,,1
,0.29,0.215,0.065,,,,,0
2.0,,,,0.147,0.06,,,0
2.0,,0.5,,,0.5065,0.2925,0.405,1
2.0,,0.435,0.145,0.9055,0.3925,0.2355,,1
1.0,,,,0.237,,,0.07,0
2.0,0.56,0.41,0.165,,0.3505,0.237,0.3,1
,,,,,,0.381,,1
,0.645,0.485,,1.514,,,,1
,,0.485,,,0.5125,,0.305,1
,,,0.15,,,,,1
,,0.45,0.15,0.9645,0.531,,,1
2.0,0.5,,0.145,0.651,,,,1
0.0,,,,0.655,,,0.205,1
,,,,0.447,,,,1
,,,,1.2525,0.73,,0.462,1
,,0.4,,,,,,1
,,,0.15,0.7665,,0.176,0.21,0
,,,,1.4605,,0.3155,,1
2.0,,0.51,,1.4545,,,0.3725,1
,,0.35,0.1,,,0.077,0.123,0
1.0,,0.26,,,0.077,0.038,,0
2.0,,,,,,0.2175,0.255,1
,,0.27,,0.597,0.272,,,0
2.0,,0.515,0.18,,0.5665,,0.405,1
0.0,,,0.135,0.883,0.381,,0.26,1
,,,0.12,,,,0.1625,1
,,,0.155,,,0.1765,0.245,0
,,,,0.256,,0.0535,,0
,,,0.105,,0.1815,,,0
,,,,0.257,0.1045,0.062,0.075,0
2.0,0.675,,0.185,,,0.3135,0.469,1
,,,0.15,1.0255,0.412,,0.289,1
,0.465,0.405,,,,0.1715,,1
,,,0.185,1.153,0.536,,,0
,,0.535,,,,,0.499,1
2.0,0.505,,0.13,,,0.189,,1
,,0.42,,,,0.1485,,1
2.0,,,0.155,0.66,,,0.215,1
2.0,0.555,0.435,0.145,0.9205,,0.2275,0.255,0
2.0,0.685,,0.19,,0.89,,,1
2.0,0.525,0.4,0.13,,,0.147,0.184,1
,0.655,,0.175,,0.5885,0.3725,0.364,1
,0.16,,0.025,0.0195,,0.005,,0
2.0,0.53,,0.155,0.7905,,0.171,0.2595,1
,,0.52,,1.6885,0.7295,0.407,0.4265,1
2.0,,,,,,0.1815,0.36,1
,0.6,,,,,0.276,0.3445,1
2.0,,,,,0.2715,0.1605,,0
,0.65,0.525,0.185,,,0.278,,1
,,0.455,,,,,,1
,,0.36,0.11,0.5005,,0.107,,1
,,,,,,0.177,0.25,1
0.0,,,,0.714,,,,1
,,0.495,,,,,,1
0.0,,,0.175,0.982,0.4055,,,1
2.0,0.385,0.275,,0.2685,,0.0825,,0
,0.49,,,0.5785,,,,1
1.0,,,0.125,,,,,1
,,0.395,,,0.2375,,,1
,0.165,0.11,,0.019,,0.0025,,0
,,0.455,0.15,0.9795,0.444,,0.275,0
2.0,,,,1.385,0.6355,,,1
0.0,0.615,,,,0.543,0.246,,1
2.0,,0.485,,1.2215,,0.2735,,1
,0.62,,0.175,,,0.241,,1
,,,,0.7635,,,,0
2.0,,0.435,0.135,,0.3275,0.1315,0.22,1
1.0,,0.385,0.125,0.6115,,,,0
,,0.435,0.145,,,,0.255,1
1.0,,,0.085,0.128,,,,0
,0.525,0.395,,0.782,,,0.285,1
0.0,,,,0.38,,,,1
1.0,,0.22,,0.1295,,0.028,,0
1.0,0.48,0.37,0.12,,0.251,0.114,,0
1.0,,,0.1,0.2325,0.1165,0.042,,0
,,,,0.393,0.1825,0.0735,,0
,,0.36,,,,,0.112,0
0.0,0.53,,,,,,,1
2.0,0.595,0.47,0.145,,0.4035,0.1505,,1
0.0,0.58,,0.14,,,0.2165,,1
0.0,,0.295,0.1,0.2685,0.1165,0.056,,0
1.0,0.365,0.295,,0.25,,0.0545,,1
0.0,0.425,0.335,,,,0.061,,1
,,0.47,0.16,,0.426,,,1
1.0,0.42,0.31,,,0.115,0.0735,,0
2.0,,,,,,0.086,,1
,,,0.145,0.795,0.364,0.1505,0.26,1
,,,,,0.498,0.228,0.33,1
,0.62,0.515,,1.3255,0.6685,,,1
,0.55,,0.145,,,,0.255,1
0.0,,0.54,0.16,,0.833,0.3775,0.475,1
1.0,0.54,0.425,0.13,0.8155,,0.1365,,1
0.0,,0.495,,,0.452,,0.315,1
,,,0.145,,,,,0
0.0,0.535,,,,,,,1
,0.465,,0.135,0.579,0.208,,,1
1.0,0.61,,0.16,,,,0.2915,1
,0.455,0.35,0.105,0.401,,0.083,,1
,0.4,,0.115,,,0.0695,,1
,0.54,,,,0.2385,0.221,,1
0.0,0.625,0.475,,,0.605,,0.319,1
,0.395,,,0.2725,,,,0
,0.605,,,1.098,,,0.375,1
,,0.475,,1.027,,0.25,0.285,1
,,0.2,0.075,0.086,0.0305,0.019,0.03,0
2.0,,0.45,,0.9125,,,0.35,1
1.0,0.37,0.285,0.095,,,,0.0675,0
,0.555,,,0.8815,0.43,,,0
,0.505,,,0.8275,,0.1855,,0
,,0.5,,,,,0.39,1
,0.695,,,,,,0.455,1
,0.415,0.31,0.09,0.2815,0.1245,,,0
,,0.485,0.165,,,,,1
2.0,,,0.09,,0.05,,0.063,0
,,0.525,,1.3135,,,,1
,,,,,,,0.275,1
2.0,,0.265,,,,,,1
,0.485,,0.14,,,,,1
1.0,0.515,0.42,0.15,,0.2555,0.1335,,1
1.0,,,,0.3735,,,0.109,0
2.0,0.655,,0.18,,0.624,0.2935,0.365,1
2.0,0.69,0.515,0.18,1.8445,,,,1
1.0,,0.445,,,0.288,0.1365,0.21,1
0.0,,,0.08,0.2,0.0625,,0.07,1
,,0.275,0.135,0.24,0.108,,,0
,,,,,,,0.255,1
2.0,0.65,0.52,,1.676,,0.44,0.47,1
2.0,0.62,0.49,0.15,1.195,,,0.355,1
2.0,0.42,,0.115,,0.175,,,0
,0.41,,,0.3535,0.157,,0.1,0
,0.66,0.505,,,,,,1
0.0,0.58,,0.165,,,0.26,,1
,,,,0.9265,,0.1575,,1
1.0,,,0.11,,,,0.12,0
,0.565,,,0.915,0.354,,0.32,1
,,0.385,,0.791,0.375,0.18,0.1815,1
,,0.51,0.175,1.218,,,0.37,1
,0.52,,0.14,,0.1775,,,1
1.0,,,0.09,,,0.0295,0.0355,0
2.0,,,0.135,0.849,0.3265,,,1
0.0,,,,1.3525,,0.278,,1
0.0,,,0.24,,0.7245,0.465,,1
,,0.47,0.165,,0.292,0.179,0.35,1
,,0.485,,1.087,,,,1
,,,0.09,0.2775,0.109,,0.1,1
,0.725,,,2.124,0.765,,,1
0.0,,0.465,,1.099,0.4735,0.202,,1
,,,,,,0.02,0.03,0
,,0.33,,0.365,0.14,0.0825,,0
,0.7,0.535,,,,,0.512,1
,,,,1.4715,0.675,,0.399,1
,0.455,,,,,,0.185,0
,0.35,0.265,,,,,,0
2.0,0.585,,,0.98,0.4315,0.2545,0.247,1
,,0.37,0.18,,,0.1285,0.1625,1
1.0,0.475,0.36,,0.4555,0.177,,,1
1.0,,0.18,,,,,,0
,0.565,0.445,,0.826,,,0.2475,1
2.0,0.34,0.255,0.095,,0.081,0.034,,1
,0.42,,0.11,,0.115,,,0
2.0,,0.45,0.155,,,0.2145,0.235,1
,,,,1.1145,,,0.34,1
,,,,0.217,,0.035,,0
,,,,0.029,0.012,,0.0095,0
,,,,0.4775,0.2235,,,0
2.0,,0.47,0.165,1.059,0.504,0.241,0.275,1
,0.655,,0.2,,,0.3765,,1
,,0.53,0.18,,,,,1
,0.495,0.375,0.115,0.6245,0.282,,,0
,,,,,,,,1
,,,,,,,,1
,,0.39,,0.5445,0.246,0.15,0.1405,0
,0.655,,,,,,,1
,0.585,,,0.855,0.3795,,0.26,1
,,,,,,,,1
,,0.505,0.185,1.3035,0.501,,0.41,1
0.0,,0.47,0.145,,0.475,0.2,,1
0.0,,,,0.898,0.3895,,,1
2.0,0.37,0.28,,,0.0815,,0.075,0
,,,,,,,,1
,,,0.12,,0.1655,0.095,,1
,,,0.07,,0.0875,,,0
2.0,,,,,1.012,,,1
,,0.43,0.155,0.7955,0.3485,0.1925,0.22,1
,0.65,0.52,,,,,,1
1.0,0.31,0.235,,,,0.031,,0
2.0,0.585,0.455,,,,,0.305,1
,0.59,,,,0.388,0.188,0.275,1
1.0,,0.335,,,,0.086,0.1105,0
,,0.44,0.145,,,0.1955,,1
2.0,0.615,,0.2,,0.564,,0.3885,1
,0.65,,,1.1625,,0.203,0.33,1
,,0.555,0.175,2.14,1.2455,0.3725,,1
1.0,0.405,,0.12,,,,,0
,0.41,0.325,,0.3745,,0.081,,1
,,0.345,0.17,,0.15,0.0825,0.1515,1
,,,0.165,1.486,,0.332,0.321,0
,0.615,,,,,0.2495,0.315,1
,,0.4,,0.8085,,0.112,,1
,,0.535,,1.6755,,0.313,,1
1.0,0.55,,0.115,,0.2925,0.137,0.209,1
,,0.175,0.055,0.0705,,0.014,0.021,0
0.0,,,,0.952,,0.1945,0.2185,0
,0.45,,0.135,,0.1805,0.1165,0.11,1
0.0,,0.395,,,,,0.195,1
,0.7,0.585,,1.8075,0.7055,0.3215,0.475,1
0.0,,0.355,,0.517,,,,1
0.0,,,0.175,1.2155,0.545,,0.345,1
0.0,0.67,,0.175,,0.4375,,,1
1.0,,,0.105,,,0.0865,,1
,0.37,0.275,,,,,,0
,,0.465,0.155,,,0.112,,1
2.0,,,,,,,0.3665,1
2.0,,0.45,0.175,1.1275,0.4925,,,1
0.0,,,0.21,,1.03,,,1
1.0,,0.375,,,,0.1345,,0
2.0,,0.455,,,0.4765,,0.265,0
,,,,0.1065,,,,0
1.0,0.455,,,,,0.1165,,1
0.0,0.6,,,,0.4995,,,1
2.0,,0.37,0.155,0.968,0.419,,0.2365,1
0.0,0.485,0.37,,0.4785,,0.0955,,0
1.0,0.395,0.31,,,,0.072,,0
0.0,0.545,0.4,,0.778,,,0.18,1
,0.3,,,0.1425,,,,0
1.0,,,,,0.257,,0.203,1
2.0,,,0.195,,0.4635,0.1905,,1
,,0.42,0.165,,,,0.26,1
1.0,,,0.11,0.3885,,0.0835,,0
0.0,,0.49,0.155,,,,0.3055,1
,,0.47,0.155,,,,0.2785,1
2.0,,,,,,,0.132,0
0.0,0.485,,,0.6195,0.2595,,,1
,,0.425,0.135,0.8445,,0.21,,1
1.0,0.62,0.48,0.18,1.1305,0.5285,0.2655,0.306,1
,,,0.115,0.318,0.1335,0.0725,,0
0.0,,,,,0.2005,0.126,,1
,,0.39,0.125,,0.287,0.141,,1
1.0,,0.35,0.135,,,0.0945,0.1405,0
,0.64,0.505,0.175,,,,,1
2.0,,,,0.4825,,,,1
,,0.44,0.16,,0.348,0.168,0.375,1
,0.57,,0.145,0.833,,,0.2815,1
,0.645,,0.19,,0.524,,0.395,1
,0.375,0.285,0.095,,,0.0575,0.0925,1
0.0,0.7,,,,0.605,0.447,,1
1.0,0.415,,,0.3335,,,0.095,0
,,0.43,0.125,,0.446,,0.121,1
2.0,0.625,0.47,0.175,,0.605,,0.271,1
0.0,,0.48,0.15,1.029,,0.2705,0.295,1
0.0,0.63,0.5,,1.22,,0.3,0.345,1
,,0.545,0.165,,,0.299,0.513,1
,,,0.095,,,,,0
,,0.43,,,,0.1885,,1
,,0.53,,,,0.212,,1
1.0,,,,0.1895,,0.0515,0.055,0
,,0.5,,,,,0.39,1
1.0,,,0.17,,0.3935,,,1
,0.58,,,,0.3935,,,1
,,,,,0.0755,,0.045,0
,,0.455,0.195,1.859,,,,1
,,,,0.547,,0.1105,,0
2.0,0.565,,0.15,0.99,0.5795,0.1825,0.206,0
,0.535,,,,,,,1
,,,0.22,2.015,0.9215,,0.566,1
,0.32,,,,,0.0265,0.0425,0
1.0,0.56,0.44,,0.7235,,,0.2,0
2.0,0.63,,0.19,1.4985,0.4125,,0.545,1
,,,0.15,,0.393,,0.2895,1
0.0,,,0.16,,0.37,,0.355,1
2.0,0.66,,,,0.594,,,1
1.0,,0.415,0.11,,,0.1235,,1
,,,,0.6175,0.3,0.142,0.175,1
,,,0.1,0.2645,0.1,,0.085,0
,,0.305,0.125,,,,,1
1.0,0.29,0.225,,0.101,0.036,0.0235,0.035,0
0.0,,0.475,,,0.533,,,1
,,0.44,,,0.414,0.21,0.21,1
,0.49,0.39,0.12,,,0.103,0.1745,1
,,0.4,0.15,1.224,,,0.2875,1
2.0,0.55,,0.13,0.8705,,0.2115,0.213,1
,0.475,,,,,0.115,,1
2.0,0.545,0.435,,0.9385,0.3685,0.1245,0.345,1
,0.505,0.38,,,,,0.161,1
,0.55,0.44,,0.8435,0.434,,0.185,0
,,,,1.382,,0.3175,,1
2.0,0.475,0.37,,,,0.136,0.142,0
,0.185,,,,,0.0055,,0
,0.53,,,0.7585,,0.197,0.205,0
0.0,,0.26,0.09,,,0.0435,,1
,0.595,0.465,0.145,1.107,0.402,,0.31,1
,,,,,0.503,0.2505,,1
,,,0.09,,0.129,,0.0955,0
,,,,,,,,0
,0.355,,0.085,,0.095,0.0395,,0
2.0,,0.545,,1.9125,0.8825,0.4385,0.506,1
2.0,0.645,0.51,0.16,1.1835,,0.2385,0.345,1
,0.605,,0.17,,,0.2715,0.335,1
0.0,,,,0.6955,,0.129,0.2245,0
,0.6,0.46,,,,,0.329,1
,,0.53,0.185,,,0.3205,0.49,1
0.0,0.605,0.47,0.155,0.974,0.393,,,1
,0.575,,,,0.4485,0.217,,1
0.0,0.645,,,1.2785,0.5345,,,1
2.0,,,,,0.8105,0.4045,0.5755,1
1.0,0.45,0.365,,0.462,,0.0985,,0
,0.505,,0.105,0.6555,,,,1
2.0,,0.48,,,,,0.314,1
,,,0.105,0.344,,0.081,0.125,0
,0.47,0.35,0.115,0.487,,,0.155,0
1.0,,0.4,0.14,,,,,0
1.0,,0.285,,,,,,0
2.0,,,0.175,,,,0.36,1
,0.605,0.455,0.16,1.1215,,,,1
,,0.54,,1.71,,,0.4325,0
,,,,,,0.0665,,1
1.0,0.44,,,0.369,0.164,,,0
,0.475,,0.11,0.4565,,,0.13,0
,0.585,0.465,,0.9355,0.4035,,0.259,1
1.0,0.35,,,0.17,0.0725,,,0
,,0.43,,,,,,1
0.0,0.525,0.425,,,,,,1
,,,,,,,0.15,1
,,,0.055,0.0555,,0.013,,0
,,,,1.024,,,,1
2.0,0.615,,,,,,,1
1.0,0.56,,0.13,,0.354,0.173,0.222,1
,,,,0.9155,0.3645,,0.25,0
2.0,,,0.155,,,0.273,,1
,0.44,0.35,,0.4035,,,0.129,1
0.0,,0.375,0.12,0.4915,,,,0
,,,,1.615,,,0.675,1
0.0,,0.545,0.13,,0.6725,0.374,,1
1.0,,0.36,0.125,0.45,,,0.145,1
,,,0.165,,,,,1
,0.545,0.43,0.15,0.7285,,0.1315,,1
1.0,0.185,0.135,,0.032,,,,0
,0.345,,0.095,,,,0.07,0
,,0.26,,,,,,0
2.0,0.475,,,0.562,0.289,,,0
0.0,0.465,0.35,,0.482,,,0.1095,0
,0.375,,0.085,,0.109,0.05,0.0605,0
,,,0.08,,0.079,,,0
,,,0.125,0.599,0.2345,,0.194,0
,,0.49,0.16,1.101,,,,1
2.0,,,,,0.4955,,,1
,0.295,0.215,,,,,,0
,0.47,,,,,0.115,,1
,,,,,,0.35,0.4525,1
,,,,,,,0.612,1
,,0.44,,0.8645,0.3305,0.2075,,1
,,,,,0.235,,,0
1.0,,,,,0.0815,0.0325,0.065,0
2.0,,0.475,,1.142,0.62,0.237,0.245,1
,0.405,,0.11,,0.172,0.044,0.093,0
,0.44,,,0.4995,,,0.1185,0
2.0,,,0.14,,,0.156,0.19,0
1.0,,0.24,0.075,0.1525,,,,0
2.0,,,0.175,,,0.2265,,1
,,,0.125,,,0.131,0.1905,1
2.0,0.54,,,0.8075,0.3485,,,1
1.0,0.47,,,,,,0.1505,0
,,0.505,0.16,,,,,1
1.0,,,,0.096,0.037,,0.03,0
,,0.345,0.125,,,,,1
0.0,,0.475,,,,0.2475,0.31,1
,0.66,0.475,,,0.641,,,0
0.0,,,,,0.0675,,0.048,0
1.0,,,0.095,,0.175,,0.1045,0
0.0,0.71,,,,0.6755,,,1
,0.605,,0.18,0.9365,,,,1
,,,0.14,,,0.158,,1
,0.655,0.54,,1.403,,,0.42,1
0.0,0.71,0.57,,,0.9925,,,1
2.0,,,,,,0.2655,,1
,,,0.19,,,,0.285,1
1.0,0.355,,0.075,,0.079,,,0
2.0,0.31,,,,,,0.045,0
,0.475,,,,0.2175,0.093,,0
,,,0.19,,0.468,0.2385,0.424,1
,0.55,,0.135,0.8145,0.427,0.1855,,0
,0.33,0.265,0.085,,0.0775,0.0305,,0
,,,0.12,,0.196,,,0
1.0,,0.335,,0.358,0.169,0.067,0.105,0
0.0,,,0.195,,0.688,,0.363,1
0.0,,,0.155,1.005,0.367,0.199,,1
,,,0.11,,,0.0715,0.1315,0
,,0.275,0.1,0.2255,0.08,0.049,,1
,0.375,,,,,0.0545,0.07,0
,,,,0.788,0.282,0.1595,,1
,,0.5,0.19,,0.593,,0.352,0
0.0,,,0.115,0.578,0.191,,0.17,1
,,,0.185,1.169,0.5275,0.2535,0.344,1
,0.47,,,0.4965,,0.127,,0
,,0.51,,1.6525,,0.3365,,1
,,0.445,,0.8965,,,,0
2.0,0.615,,0.185,,,,0.33,1
1.0,0.45,,0.13,,,,,0
1.0,,,0.115,,,0.1135,,0
,,,,,0.526,,,1
,,0.415,,0.6375,,,,1
,,,,0.588,0.237,,,1
,,,,1.528,,,,1
,0.49,0.385,,0.591,,0.1125,,1
,,0.55,,,0.637,,,1
,,,0.15,,,0.2035,,0
0.0,,,,1.1745,0.4385,0.2305,,1
,,,,,0.444,0.214,,1
1.0,,,,0.0515,,,,0
,,0.53,0.205,1.496,,,0.465,1
,,,0.19,,,,,1
,0.4,0.335,,0.4335,,0.1205,,1
,,,,0.0655,,,0.02,0
2.0,,0.5,0.19,1.519,,,,1
,0.525,,,0.6275,0.3015,,0.18,0
,,,0.16,,,0.2035,,1
,0.6,0.475,0.155,,0.502,,,1
,0.585,0.405,0.15,1.2565,0.435,0.202,,1
,0.52,,0.175,0.753,,,0.255,0
,,,,,,,,1
,0.515,0.395,,0.5805,0.2365,,,1
2.0,,0.335,0.14,,0.1865,,,1
,,0.325,,0.3645,0.1575,0.0825,,0
,0.605,0.48,0.15,,0.4505,,,1
,0.57,,,,,,0.29,1
1.0,0.455,0.335,,,0.229,0.0865,,0
0.0,,,0.155,,,0.246,0.265,1
1.0,0.425,,,,,,,0
1.0,,,,0.2735,,,,0
2.0,0.58,,,,0.518,0.2185,0.2795,1
,,0.46,,0.8975,,,,1
2.0,0.625,,0.16,1.2415,,,,1
2.0,0.51,,,,,0.1815,,0
,0.36,,,0.465,,0.1055,0.128,0
0.0,,0.435,,,,0.1685,,1
,,0.425,0.145,,,,,1
,,,0.12,,,,,1
,0.64,,,,,,0.353,1
,,,,1.0835,,,,0
0.0,0.545,,,,0.3565,,,1
0.0,,,,,,0.303,,0
1.0,,0.22,0.085,,,,,0
,,,,,0.592,0.3905,0.416,1
2.0,0.535,,0.16,,,0.164,,1
,0.325,0.25,,,,,0.049,0
,,0.33,0.105,,,,,0
,0.655,0.51,,1.092,0.396,0.2825,,1
,,0.195,0.07,0.08,0.031,,0.025,0
2.0,0.575,,,,,,,1
,0.675,,,1.593,,0.318,0.45,1
2.0,,,,0.861,,,,0
,0.495,0.385,0.13,,,0.179,,1
2.0,0.525,,,0.9605,0.438,,,1
,0.425,0.31,,,0.139,,,0
2.0,0.595,,0.175,0.991,,0.2395,,1
,,0.48,,,0.474,,,1
0.0,0.65,0.495,,,,,0.335,1
,,0.52,,,,,,1
2.0,,0.46,0.13,,,0.2055,,1
,,,0.07,0.1115,0.048,,,0
0.0,0.475,0.38,0.145,,,,0.187,1
0.0,0.65,0.525,0.165,1.238,0.647,0.2485,,1
,,,,1.1015,,0.2555,,1
2.0,,,0.04,,0.0095,,0.008,0
0.0,0.495,,,0.594,,,0.1375,0
1.0,,0.385,0.115,0.683,,,,1
,0.565,0.44,,,,0.2,,1
,0.605,0.49,,,,,0.315,1
,0.485,0.39,,,,,,1
,0.545,0.44,,,0.429,0.2015,0.2375,1
1.0,0.39,,,0.3265,0.1665,,,0
2.0,0.735,,,,,0.3405,0.58,1
,,,,,0.3485,,,1
,0.465,,0.09,,0.2005,,,1
0.0,,0.415,,,0.295,0.1965,,1
,,,,1.13,,0.267,0.335,1
,0.63,0.465,0.15,1.027,,,,0
,0.45,,,0.4385,,,,0
2.0,0.535,0.42,,,0.301,0.181,0.28,1
,,0.375,,,0.2505,0.119,,1
,,,,,0.085,,0.0585,0
,,0.33,0.095,,0.118,0.065,0.123,0
,0.59,,,0.9715,,,,1
,0.325,,,0.0995,,0.0225,,0
,0.44,0.32,,0.3875,0.1755,0.074,,1
2.0,0.525,,,0.842,,0.1415,,1
2.0,,,,,,0.1405,,0
,,,,,,,,1
,,0.36,0.11,0.4385,,,,1
0.0,0.44,0.34,,,,0.1085,,1
1.0,0.45,,0.135,0.443,,,0.1175,1
,,,,,,,0.32,1
,,,0.11,,0.213,,0.1135,1
2.0,,0.49,0.185,,,0.2535,0.335,1
1.0,0.47,0.345,0.12,,,,0.125,0
,0.465,0.37,,,0.261,0.098,0.143,0
2.0,0.525,,0.1,,,,0.1455,0
,0.525,,0.165,,,0.1945,,1
2.0,0.595,,,0.919,0.4335,,,1
,,0.375,,,0.192,0.1045,0.205,1
0.0,0.63,,,,,,0.316,1
,,0.565,,,0.644,,,1
,0.425,0.33,,0.361,,,,0
2.0,0.205,0.155,0.045,,0.017,,,0
,0.54,,0.13,,,,,0
,,,0.13,,,,,0
2.0,,0.4,0.12,0.6605,0.2605,,0.19,1
,0.52,0.41,0.14,0.699,,0.129,0.1945,1
,0.505,0.38,0.13,0.693,0.391,0.1195,,0
,,,,0.021,0.0075,,0.014,0
,,0.565,0.19,2.081,1.0815,0.4305,,1
1.0,0.45,,,0.447,,,,0
,,,,,0.6075,,0.4645,1
,,0.5,,,0.564,0.302,,1
,0.755,,0.2,2.073,,,0.48,1
1.0,,0.325,0.11,,0.1325,,,0
,,,0.155,,,,0.32,1
0.0,,,0.135,0.83,,0.1735,0.238,1
,,0.28,0.095,,,,,0
2.0,,,0.175,1.5545,,0.278,,1
1.0,,0.135,,0.0325,0.0135,0.005,0.0095,0
2.0,,0.5,,,0.5635,0.3065,0.3425,1
2.0,0.725,0.55,,1.51,,0.4265,,1
,0.695,,0.175,,,0.4105,,1
1.0,,,0.155,,0.2465,,,0
,,0.425,0.15,0.8765,,,,0
,0.585,,,,,,0.28,1
2.0,0.345,,,,0.078,,0.059,1
,,,,,,0.197,0.29,1
1.0,,,,,0.1425,0.0525,0.0735,1
,,0.285,0.09,,,0.0395,,0
,,,,,,,0.085,1
0.0,,0.51,,,,,,1
,0.67,,,,,,,1
,0.46,0.36,0.115,,0.2105,0.105,,0
,,0.355,0.115,,,,0.184,0
2.0,,,,,0.6425,0.297,0.5175,1
,0.6,,0.16,1.0265,,,,1
,0.49,,0.135,,,,,1
,,0.225,,0.1415,,,,0
,,,,,0.005,0.0035,0.005,0
1.0,0.525,0.385,,,,0.125,,0
1.0,,,,,0.021,,0.015,0
,,,0.135,0.812,,,,1
,0.265,,0.065,0.0975,0.04,,0.028,0
2.0,0.455,0.355,0.13,,,0.1275,0.175,1
2.0,,,0.23,,,0.2815,,1
1.0,0.435,,,,0.1335,0.0835,,0
2.0,,0.51,0.17,,0.567,0.307,0.409,1
0.0,0.535,,0.145,0.6845,,,,1
,0.6,,,1.34,,0.3255,,1
,0.605,0.485,,,,,,1
1.0,0.35,0.255,0.09,,,0.0305,,0
0.0,,,0.17,1.1,0.4125,,,1
,,0.265,0.11,,0.066,0.059,,1
,,,,1.489,0.6065,0.3795,0.421,1
1.0,,0.315,0.09,,,,,0
,0.37,0.28,,0.2225,,0.051,,0
,,,,0.385,,0.046,0.1345,1
,,,0.115,0.669,,,0.205,1
,0.45,0.355,0.105,0.5225,,0.1165,0.145,0
1.0,,,0.175,1.2565,,,0.386,1
,0.375,,,0.144,,,,0
,,,0.15,,0.545,,,1
0.0,,,,,,,,1
2.0,0.68,0.52,,,,,,1
2.0,0.465,,0.12,0.5205,0.2015,0.1625,,1
,,,,,,,,1
1.0,,,0.07,0.144,,0.0305,,0
,,,0.14,,,,0.2,1
1.0,,,,,,,0.1755,0
,0.75,,,,,,,1
,0.2,0.14,0.055,,,,,0
2.0,,0.34,0.13,,0.1605,,0.105,1
,,,0.165,,0.4915,,,1
,0.47,,,,,0.144,0.185,0
2.0,0.645,,,,,,0.3745,1
1.0,,0.315,,,0.1865,0.0675,0.0985,0
,,,,1.221,,,,1
2.0,,0.54,,1.74,,,,1
,0.575,0.445,,0.839,,0.198,,1
,,0.53,0.17,,,0.394,,1
2.0,,0.45,,,0.4005,0.2235,0.2845,1
0.0,,,0.19,,,,0.5655,1
,,,,0.6635,0.32,,0.17,0
2.0,,0.24,,,,0.0355,0.06,1
0.0,0.735,,,2.1275,0.949,,0.565,1
1.0,,,0.115,,,,0.106,1
2.0,,,0.12,,0.147,0.0765,0.145,1
,,0.345,0.14,,0.2055,,0.1085,1
2.0,0.41,,,,,0.069,0.09,1
2.0,,,0.16,1.243,,,,1
1.0,,0.275,,,0.096,0.0395,0.058,0
,,,0.145,0.944,0.3845,0.185,0.265,1
,0.18,0.135,0.08,,0.0145,,0.01,0
,0.235,,0.04,0.048,,0.018,0.015,0
,,0.5,0.17,1.12,,,0.32,1
,,,,,0.122,0.0495,,0
1.0,,,,,0.279,,,0
,,0.41,0.15,,0.345,,,1
2.0,0.625,,0.15,1.124,,0.2315,,1
,,0.465,,0.9605,0.4495,0.1725,0.286,1
,,,0.115,0.637,,,,0
0.0,0.725,0.56,0.185,1.792,,0.367,0.435,1
1.0,0.27,,0.05,0.084,,,,0
,,,0.12,,,,,0
0.0,,0.405,,0.658,,,,1
0.0,0.625,0.47,,,0.525,0.2415,,1
,,,0.135,,,0.1465,,1
,,,,0.1945,,,0.055,0
,0.63,,,,0.5015,,,1
,,0.47,0.15,,0.539,0.2325,0.3115,1
2.0,0.66,,0.185,1.32,,,,1
2.0,0.195,,0.05,,,,,0
,0.435,,0.115,,,0.0735,0.106,0
1.0,0.385,,,0.244,,,,0
,0.53,0.41,,0.769,0.346,,,1
,0.495,,,,,0.1635,0.185,1
,,,,,0.0515,,0.035,0
,0.625,0.48,,1.2065,,,0.286,0
0.0,,,,0.507,0.1915,,0.155,1
1.0,0.325,,,0.139,0.0565,,,0
,,,0.12,0.5885,,,0.175,1
1.0,,,0.165,0.804,,,0.244,0
,,,,0.495,0.231,,0.125,0
,,,,0.686,0.3475,0.1545,0.213,0
2.0,0.59,0.46,,0.906,0.327,0.1485,,1
,0.5,,,0.6155,,0.1355,0.205,1
,0.66,0.51,,1.261,,0.2335,0.339,1
2.0,0.68,,,,0.5565,,0.4285,1
,,0.315,,0.3625,,,0.093,0
1.0,0.44,0.355,,,,,0.14,1
,,,0.13,0.9025,0.432,0.174,,1
,,0.285,,,,0.058,0.075,0
,0.435,,,0.407,0.1685,,,1
,,0.545,,,,,,1
,,0.465,,0.9855,,,0.2845,1
2.0,,,0.185,,0.7105,,0.345,1
,0.515,0.385,0.11,,,,,0
,,0.21,0.075,0.1185,0.055,0.0285,,0
0.0,,,,,,0.159,,1
,0.66,0.5,,,0.667,0.269,,1
0.0,,,0.105,,,,,1
,,0.46,,,0.478,,,1
1.0,,,,,,,0.035,0
,,0.325,,,,0.0645,,0
,,0.255,,,0.078,0.0505,0.058,0
,0.44,0.345,0.1,,,,0.12,1
,0.545,,,,,0.2195,0.228,0
,,0.32,0.1,,0.1705,0.075,,1
2.0,0.625,0.49,,,,,,1
,0.55,0.44,0.165,0.8605,,0.169,0.3,1
,,0.45,0.15,,,,0.2765,1
,,0.48,,,,0.254,0.305,1
,,0.22,,,0.0565,0.0285,0.042,0
2.0,0.68,0.535,,1.607,0.7245,,0.498,1
,0.695,0.55,,1.679,,,,1
1.0,,0.42,,0.728,0.2725,0.19,,1
0.0,,,,1.1565,0.5115,,0.2885,1
2.0,0.64,,,1.042,0.515,0.1755,0.175,1
0.0,,0.415,,0.775,0.302,,,1
,0.62,0.48,0.15,,0.4965,0.243,,1
,,,,,0.298,0.1805,0.265,1
0.0,0.625,0.49,,,0.7465,0.4105,,1
1.0,0.175,0.125,,0.028,0.0095,0.008,0.009,0
,0.415,,0.1,,0.1545,0.0685,,0
1.0,,,0.135,0.8545,0.321,0.1775,0.275,1
,,0.565,,1.187,0.691,,0.2685,0
,,0.505,,1.2915,0.631,0.2925,0.32,1
2.0,,0.58,,,,,,1
2.0,,,,2.398,,0.512,0.5335,1
1.0,,,,,0.0415,,,0
,,,,,0.27,0.1395,0.129,0
2.0,,0.37,0.115,,,,0.146,1
,,0.54,,,0.6675,,,1
,0.65,,,1.3875,0.58,,0.3095,1
,,0.565,0.2,1.6645,,0.367,0.43,1
1.0,,0.435,0.13,,,,0.245,1
,0.44,,,,0.2,,,1
,,0.38,,0.5605,,0.106,,1
1.0,,,,,,,0.2295,1
,,0.47,0.155,,,0.238,0.34,1
,0.605,,0.165,1.056,0.433,,0.357,1
,,0.395,,,,0.1315,0.185,1
1.0,0.62,0.485,0.18,,,,0.315,1
2.0,0.55,,0.155,,0.2775,,,1
,,,0.095,0.3,,,,0
,,0.47,0.145,,,0.26,,1
,,,0.165,0.7485,,0.134,0.285,1
1.0,,,,,,0.0205,0.038,0
,,,,,,0.197,,1
,0.47,0.355,,,0.1675,,,1
2.0,,0.285,,0.271,0.11,,,0
,,0.34,0.115,0.3925,,,,0
,,0.48,,1.118,,0.3195,,1
,,0.44,,,0.356,,0.2385,1
,,0.29,,,,,,0
2.0,0.65,0.525,0.19,1.3685,,0.296,,1
0.0,0.725,,0.2,,0.697,,0.595,1
1.0,0.45,,,0.4925,0.241,,0.12,0
1.0,0.475,0.36,,,,,0.15,0
0.0,,,,0.783,0.2935,0.158,0.245,1
,0.565,,0.155,,0.421,,0.26,1
,0.635,,,,,0.292,0.35,1
,0.565,,0.15,,0.4565,,0.23,1
,,0.465,0.14,1.011,0.479,0.2385,,0
,,,,,0.6435,0.328,0.4165,1
,0.54,0.435,,,0.33,,0.213,1
1.0,0.42,,,0.3415,,,,0
2.0,0.58,,0.135,,,0.1915,0.22,1
,0.625,0.52,,1.354,0.4845,0.351,0.375,1
0.0,,,,,,0.1495,0.15,1
2.0,0.47,,0.13,,,0.164,0.195,1
,,0.575,,1.8795,0.931,,0.4825,1
1.0,,,0.09,,0.0845,0.034,,0
,,,0.175,1.165,,0.2205,0.3055,1
1.0,,,0.125,0.583,,0.132,0.1605,0
,0.55,,,0.6755,,,0.21,1
2.0,,,,,0.6375,0.3025,0.43,1
,0.685,0.51,0.165,,,,0.4055,1
1.0,,0.28,,,0.1165,0.0265,0.0635,0
2.0,0.72,,,,0.9515,0.564,0.5365,1
,,0.5,,1.0565,0.4615,0.258,0.305,1
,,0.575,0.24,,,0.413,0.5015,1
,,0.4,,0.9325,,0.2445,,1
,0.59,0.44,0.14,,,,0.2925,1
,0.815,0.65,,,,0.42,,1
0.0,,0.475,,0.928,,,0.26,1
,0.62,,,1.2555,0.527,,0.3175,1
0.0,,0.265,,0.2065,0.078,0.057,0.06,0
,0.61,,,1.116,,,,1
,0.505,0.38,,0.5385,,0.095,,1
,,,,,0.3375,0.1405,0.23,0
,,,0.14,,0.171,,,0
1.0,,,,,,0.0835,,0
,0.47,0.355,,,,0.0885,,0
0.0,,0.58,,,0.6785,0.4345,,1
,,0.22,,0.1255,0.055,,0.039,0
2.0,0.64,0.495,0.17,1.139,,,,1
2.0,0.595,,,,0.4315,0.201,,1
1.0,0.435,,,,,,,0
,0.565,,0.1,,,0.166,,1
,,,0.145,0.7405,0.306,,0.1825,1
1.0,,0.365,0.115,,,0.0925,,0
,0.58,,0.14,0.701,,,0.2255,1
,,,0.115,,0.163,,0.113,0
,0.59,0.5,,1.1045,0.4565,0.2425,,1
,,,,0.2305,0.0945,0.0465,0.075,1
,0.665,0.525,,1.338,,0.3575,,1
,,0.515,,1.312,,0.2845,0.4115,1
1.0,0.35,,,,0.09,,0.06,0
1.0,,,0.1,0.282,,,0.0875,0
2.0,0.42,,0.115,0.2885,,,,1
0.0,0.65,0.545,0.185,1.5055,,0.341,0.43,1
,,,0.155,1.4415,,,,1
1.0,0.255,0.19,,,,0.016,,0
,,0.37,0.21,1.183,0.508,,,1
,,,,,,,0.28,1
,,0.475,,,,,,1
,,,0.12,,,,,1
,,,0.095,,0.0735,0.045,0.06,0
,,,,,,0.139,,1
1.0,,,0.145,0.77,,,,0
,,,,1.201,,0.2875,,1
2.0,,0.52,,,,0.291,,1
,,,0.16,,,,,1
1.0,0.405,0.305,,,0.0965,,,0
,,,0.175,,,0.2945,,1
1.0,0.395,0.3,0.09,,0.1385,,0.077,0
1.0,0.485,,,,0.219,0.1075,0.13,0
0.0,,,0.14,,,0.224,0.36,1
2.0,,,,1.2415,0.485,,0.34,1
,,0.49,,1.2085,0.465,,,1
,,0.53,,,0.583,,,0
,,0.095,,0.0105,,,,0
,0.525,0.4,0.14,,0.2605,,0.21,1
2.0,0.6,0.45,0.16,,0.539,,,1
,0.675,,,1.3645,,,0.385,1
1.0,0.28,,0.075,,,,,0
,,0.4,,0.7775,,,,1
,0.485,,0.12,,,,,0
,,,0.13,1.0105,0.368,0.222,,1
,0.705,,0.18,,0.693,0.42,,1
,0.45,,,,0.1865,0.091,,1
1.0,,,,1.217,,0.212,,1
1.0,,,0.145,0.515,0.175,0.098,,1
,0.62,,0.155,,0.5105,,,1
,,0.5,,1.148,0.5475,0.22,0.3315,1
,0.66,0.565,0.195,1.7605,0.692,0.3265,0.5,1
,,,,1.3745,,,,1
,,,0.08,0.0645,0.0215,,0.0215,0
,0.555,,,1.016,,0.1855,0.263,1
,,,0.15,1.2405,0.6025,,0.3085,1
,0.425,0.32,0.085,0.262,,0.067,0.0725,0
,,,0.12,,,,,0
,0.495,,,,,,,1
,0.715,0.55,0.19,,1.0465,,,1
2.0,0.63,0.48,,1.0115,0.4235,0.237,,1
,,,0.075,,0.113,0.0675,0.035,0
2.0,,,,0.7485,0.3345,0.1315,0.22,1
1.0,0.39,0.29,,0.2625,,0.054,,0
,,0.485,0.165,1.1405,0.587,,0.288,1
,,,0.09,0.2075,,,,0
,,0.565,,1.817,,,,1
,0.445,,,,0.12,,,1
,0.535,0.45,0.135,,0.322,,,1
,0.54,,,1.217,0.5305,0.3075,,1
,0.4,,,0.3415,0.176,0.0625,,0
,,0.325,,,,0.0755,0.1025,0
1.0,0.54,0.42,0.14,,0.3125,,,1
1.0,,,,,0.246,,,0
,,,0.14,0.7265,,,0.229,1
,,0.53,0.17,,0.7385,,0.3725,1
,,,0.03,,,0.003,0.004,0
,0.5,,,0.6885,0.249,,0.25,1
2.0,,0.385,0.105,,0.239,0.1245,,1
,,,,,,,0.07,1
1.0,0.55,0.45,,,0.3445,0.1325,0.24,0
2.0,,0.55,,1.523,,,,1
,0.53,0.395,,,,,,1
,,0.44,,,,0.1525,0.26,1
,,,0.055,0.1135,,0.0275,0.0335,0
1.0,,,0.12,0.471,,,,1
1.0,,,0.115,0.4215,,,,0
,0.57,0.42,,,0.416,,0.25,0
2.0,,0.38,,,,,,1
,,,0.12,0.5965,0.259,,,0
,0.55,,,0.9235,0.412,,0.24,0
,0.4,0.29,0.1,,0.1205,0.0605,,0
,,0.495,,1.089,0.469,0.198,,1
2.0,,,,0.953,0.3945,,,1
,0.505,,,0.635,0.29,0.1555,,1
,,0.48,,,0.4215,,0.335,1
,0.625,,,,,0.2185,0.37,1
,0.7,,,,,0.3965,,1
,0.5,,,,,0.126,0.185,1
0.0,0.435,,,,,0.1,,1
1.0,,,,0.926,0.398,,,1
,0.615,,,,,0.261,,1
,0.65,0.51,,1.155,0.4955,,0.385,1
,,,0.13,,0.226,0.0965,,1
2.0,,,0.1,,,,,1
,0.58,0.43,,,,0.173,0.2285,1
2.0,,,0.13,0.5305,0.2405,,,0
,0.43,,,0.4405,,0.0745,0.1075,0
,0.61,,,,,0.2785,,1
,,,,1.8085,0.7035,,0.395,1
,,,,,,,0.275,1
2.0,0.66,,,1.4465,,,0.3755,1
2.0,0.61,,,,0.5575,0.2675,0.372,0
,,,,,,0.0395,0.07,0
1.0,,,0.095,,0.14,0.067,,0
,0.64,,,,,,0.3685,1
2.0,0.55,,0.175,1.0985,,,0.4,1
,0.575,,0.165,,,0.2095,0.306,1
,0.53,0.405,,0.632,,,,1
1.0,,0.12,0.03,0.0215,,,0.005,0
0.0,0.61,,,1.0835,0.4525,,0.317,1
,,,0.2,1.89,0.95,,0.4305,1
2.0,,,,2.165,1.1055,,,1
,,0.3,,,,0.0615,,0
,0.57,,0.17,,0.4,0.166,,1
1.0,,,0.125,,0.303,0.1405,,1
,,,0.205,,0.6215,,0.4535,1
,,0.2,,,0.036,,0.03,0
0.0,,,0.19,0.994,,,0.34,1
2.0,0.515,0.35,0.155,,0.4185,,,1
0.0,0.645,0.5,,,0.639,0.305,,1
,0.505,,,,,0.133,0.195,1
2.0,,,0.135,0.6105,0.1955,0.107,0.235,1
,,,0.14,0.654,0.305,0.16,0.169,0
1.0,,0.27,,0.2215,0.095,,,0
,,,,,,,,1
0.0,,,,,0.1955,,0.1945,1
,0.595,,,,,0.229,,1
,0.595,0.495,,,,0.224,,1
,,0.46,0.155,0.8715,,,,1
2.0,,,,,,0.1775,0.285,1
,,0.28,0.085,,,,0.067,0
,,,,,0.3475,0.1445,,1
,,0.34,0.13,0.3675,0.146,0.0885,0.12,1
,0.57,0.425,,,,0.14,,1
1.0,0.53,0.395,,,,,0.148,0
,,0.48,,,0.5225,,,0
,,,,,,,0.345,1
1.0,0.315,,,0.1435,,0.0475,,0
,,0.48,,1.2615,0.5505,,0.3885,1
2.0,0.5,,0.165,,0.254,0.205,0.285,1
,0.435,,0.11,0.4155,,0.076,0.145,0
2.0,,,,,,,,1
1.0,0.54,,,,0.315,,,1
,0.61,,,,,,,1
,0.67,,0.165,1.5015,0.518,,,1
,,,,,0.5495,,,1
,0.605,,,,,0.2585,,1
,,,0.15,0.8865,0.383,0.209,,1
0.0,0.525,0.41,0.115,0.7745,0.416,0.163,0.18,0
2.0,0.44,,,,,,0.155,1
,0.565,0.425,,,0.3495,,,1
2.0,0.58,0.46,,1.063,,,,1
,,,,,0.4465,,,1
,0.545,,,,0.403,,,0
0.0,,0.525,,1.4225,0.61,,,1
,,,0.075,0.1785,0.0665,0.0455,0.045,0
0.0,,,,1.8325,0.83,,,1
,,0.445,,,,0.157,,1
,,,0.09,0.3795,0.143,0.074,,1
,,,0.18,,0.678,,,1
,0.35,,0.1,,0.1725,,0.1255,0
,,0.45,0.13,0.8725,,,,1
1.0,0.575,,0.135,,,0.2115,,1
,0.635,,,1.3405,0.5065,0.296,,1
0.0,0.6,,,1.04,0.4755,,,1
,0.29,,,0.1115,,,0.032,0
,,,,,,,0.063,1
,0.56,0.43,0.125,0.8025,,,0.263,1
2.0,,,,0.8795,,0.15,,1
,,0.47,,1.309,,0.4405,,1
1.0,,0.33,0.1,,,,0.097,0
0.0,,,,0.4925,0.216,,,1
1.0,,0.28,,,,,,0
,0.6,,,,0.451,,0.325,1
,,0.275,,0.2465,,,0.0775,0
,0.675,,,,,,0.3545,1
2.0,,,0.19,,0.7625,0.436,,1
,,0.255,,0.1785,,0.0405,0.055,1
2.0,0.57,0.44,,,0.4775,,0.27,1
2.0,,0.5,0.175,,,0.308,0.415,1
1.0,0.43,0.32,0.1,0.3465,,,0.09,0
,,,0.165,1.213,,,,1
,0.33,,,,,0.0395,0.055,0
1.0,,,0.03,,,,,0
,0.285,0.225,,,,0.0185,,0
,0.54,,,,0.369,,,1
,0.5,,0.135,0.5285,,0.123,,0
,,0.415,,,0.394,,0.202,0
,,0.475,,1.3405,,0.283,,1
1.0,,0.425,0.14,,,0.231,0.244,1
0.0,,0.445,0.14,,,,0.285,1
0.0,,,0.11,,,0.0725,,1
,0.475,,0.125,,0.205,,,0
2.0,0.565,0.425,,,,0.1675,,1
,,,0.115,0.521,0.25,,,0
0.0,,,,,0.562,,,1
,0.55,0.43,,0.923,,,0.283,0
,,,,1.1765,0.488,,,1
,,0.22,,0.096,0.0405,,,0
2.0,,,0.15,1.247,0.5335,,,1
1.0,0.29,,,,,0.0235,0.03,0
0.0,0.575,,,,,,,1
1.0,0.21,0.15,,0.0455,,,0.013,0
,,,,1.622,,,0.477,1
,0.765,0.6,,2.302,1.007,0.509,,1
,,,0.17,1.1915,0.696,0.2395,,0
1.0,,0.45,0.17,,,0.1555,0.295,1
,0.485,,0.13,0.6025,0.2935,,,0
,,,0.08,0.1275,,,,0
1.0,,,0.135,0.728,0.2845,0.1845,,1
0.0,,,0.175,1.1255,,,,1
,,,0.15,,,,0.35,1
0.0,,,,,0.2985,,0.265,1
,0.655,0.515,0.2,,0.443,0.3375,,1
1.0,,0.43,,,0.4525,0.207,0.2725,0
2.0,0.665,,0.2,1.2695,0.5115,,,1
,0.54,0.42,0.14,0.8035,,0.1805,,1
,,0.205,,0.097,,0.019,,0
,,,,,,,0.235,1
0.0,0.57,,,0.782,0.3695,0.1745,0.1965,0
,0.38,0.29,0.085,,,0.0465,0.075,0
1.0,,0.335,0.11,0.444,0.225,,,0
,,,,,,,0.066,0
1.0,,,0.125,0.6965,0.369,,,1
,,,,,,,0.39,1
,0.355,,,,,,,0
,0.44,0.35,,,0.21,0.0955,,0
,0.68,,0.17,,,,,1
,0.5,,0.125,0.6725,,,0.1825,0
0.0,0.61,,0.175,1.2635,0.53,0.315,0.3455,1
,,0.335,,0.406,,0.0935,,0
,0.475,0.36,,,,,0.13,0
0.0,,,,0.8365,,0.1385,,1
2.0,,0.505,0.155,1.1955,0.5565,,,1
,,,,,,,0.29,1
,0.425,0.345,,,0.16,,0.154,1
,0.505,,0.115,0.5585,,0.119,,0
2.0,0.63,0.47,,,,,,0
0.0,,,,,0.1475,0.1065,,1
,,0.325,,0.405,0.1695,,,0
,0.495,,0.15,0.853,,0.189,0.27,1
,0.625,0.47,0.155,1.1955,0.643,,,1
,0.585,0.46,,,0.5825,,0.274,1
0.0,,,0.15,,,0.1415,,1
,,0.315,0.105,0.347,0.1605,,,1
,,,,,,,0.166,0
1.0,,,,,0.1155,,0.075,0
2.0,0.38,0.285,0.1,0.2665,,,0.075,1
2.0,,0.38,,0.6385,0.2305,0.142,0.195,1
0.0,0.605,0.48,,1.1685,,0.2305,,1
,0.49,0.385,,,,0.171,0.205,1
,0.645,,0.16,,,0.276,,1
,,0.475,,1.1135,0.5195,0.2575,,1
,0.43,,0.1,,0.192,0.0745,,0
,,,,,,0.1445,0.21,1
2.0,,,,0.6335,0.3035,,0.1495,0
0.0,,,0.15,1.114,,,,1
,0.55,0.385,,,0.343,,0.19,0
,0.425,0.325,0.12,,,,0.105,1
,0.645,,,1.6115,0.6745,,,1
1.0,,,,,0.1615,0.0625,0.1185,0
2.0,,0.525,0.16,1.46,0.686,,0.405,1
,,,0.185,1.6135,,0.4035,,1
,0.505,0.375,0.115,0.5895,,0.12,0.167,1
0.0,,0.505,0.18,,,0.264,0.431,1
,,,0.065,,0.059,0.026,,0
,0.51,0.415,0.145,,0.3295,0.1835,,0
,,0.455,,1.013,0.4685,,0.295,1
,0.525,0.38,0.135,0.615,,,0.175,0
2.0,0.63,0.485,0.145,1.062,,,,1
,0.395,,0.105,0.3375,0.1435,0.0755,,1
,,0.515,,,,,0.45,1
,,0.335,,,0.1895,,,1
,,0.11,,,0.0065,0.0055,0.005,0
,,,,,,,,1
,,0.26,0.075,0.22,,,,0
,0.545,0.435,0.165,0.9955,,,,1
,,0.4,,,0.2735,,,1
0.0,0.655,,0.2,1.5475,0.713,,,1
2.0,,,,,,0.113,,0
1.0,,0.19,,0.086,,0.014,,0
2.0,,0.41,0.145,0.989,0.2815,,,1
,,0.355,0.155,0.981,0.465,0.2015,,0
,,0.565,,1.7265,0.638,0.3365,,1
2.0,,0.37,0.135,0.6315,,,0.161,0
1.0,0.525,,,,0.2625,,,1
,0.645,,,,0.573,,,1
1.0,,,,,,0.205,0.255,1
,,,0.215,1.931,0.896,,0.5,1
1.0,0.61,0.475,,,,,0.32,1
,,,,,,,,1
,,0.465,0.18,1.295,,,0.44,1
,,0.29,,,,0.061,0.086,0
0.0,0.605,0.45,,,,,,1
,0.515,0.43,,,,0.2,0.23,0
2.0,0.56,,0.135,,0.509,0.2015,,1
2.0,,,0.19,,0.59,,,1
,,0.47,,1.136,,0.3245,,1
,,0.525,0.155,1.3575,0.5325,0.3045,,1
,0.245,,0.055,,,,0.02,0
,,0.44,0.165,,,,0.25,1
,,0.55,,,0.7735,,,1
,,0.4,,0.717,0.3315,,0.221,1
,0.72,,,,,,,1
,,0.48,,,0.4095,,,1
,0.425,,,,,0.077,,0
,,0.45,,,,,,1
,,,0.11,,0.194,0.067,0.14,0
,0.55,,,0.765,,0.2125,,1
1.0,0.565,0.44,,,0.3305,,0.2475,1
,0.69,,,1.933,,0.429,0.498,1
1.0,,,0.125,0.4075,0.1535,,,1
,,,0.215,2.226,0.8955,0.405,,1
,,,0.155,,,0.156,,1
2.0,0.61,,0.155,1.0765,,0.249,,1
2.0,0.62,,,,0.3875,,,1
,0.275,0.205,,,,,,0
2.0,,,,0.857,0.356,0.174,,1
,,,0.09,,,,0.0415,0
,0.47,,,,0.214,,,0
,,0.515,0.16,,0.5385,0.282,0.345,1
2.0,,,,,,,,1
,,0.2,,0.1,,,,0
,,,,1.283,,,0.445,1
,0.655,,,1.3595,0.564,0.3215,0.3985,1
,,,,,,0.132,,0
0.0,,0.48,,,0.403,,,1
1.0,,,,,,0.056,0.1185,0
0.0,0.69,,,1.454,0.624,,,1
0.0,0.52,,0.125,0.6435,0.2415,,,1
,,0.585,0.215,,0.9265,,0.7,1
0.0,,0.565,,,,0.5185,,1
0.0,0.68,,,,0.7665,,0.4685,1
,,,0.13,,,,,0
,,0.285,0.09,0.2545,,0.0595,0.0675,0
2.0,0.59,,,,0.369,0.2135,0.24,0
0.0,,0.32,,,,,0.164,0
1.0,,,0.08,,0.037,,0.045,0
0.0,,0.495,,,,,,1
,0.705,,,2.141,,,0.528,1
0.0,,,,,,,0.465,1
,,0.4,,0.872,0.4515,0.1615,,1
,,,,1.4415,0.741,,0.341,1
,,0.4,,0.6455,,,,0
0.0,,,,,,0.081,0.1355,0
,,0.445,,,,,,0
,0.545,0.425,,,0.294,0.1495,,1
,,0.525,,,,,,1
0.0,,0.445,0.195,,,,,1
,,,,,,0.1075,0.147,0
,0.415,,,,,0.0575,0.104,1
0.0,,,,1.122,,,,1
0.0,0.635,0.51,,,,0.295,0.4105,1
2.0,,0.36,0.105,,,,,1
,0.585,,0.15,0.938,0.467,,,0
0.0,,0.32,,0.3785,,0.0915,0.125,1
0.0,0.635,,0.18,1.312,0.529,,,1
,,,0.15,1.2,0.56,0.2455,,1
,0.61,0.49,,,0.465,0.228,0.341,1
,,0.48,,,,0.335,0.315,1
2.0,0.605,0.475,0.15,,0.575,,0.297,1
,0.54,,0.135,,,0.177,0.2,0
,,,,0.196,0.0865,0.036,0.0605,0
,0.65,,,1.35,,0.3155,0.3885,1
0.0,0.585,0.455,,,0.4255,,0.2845,1
0.0,0.475,0.36,0.12,0.5915,,,,0
,0.255,,,,,0.017,0.021,0
1.0,,0.34,0.12,0.3575,0.151,0.0645,,1
,0.64,0.54,,1.571,,0.271,,1
,0.615,,,,,,,1
0.0,,,0.145,,0.3345,,0.24,1
,0.49,0.385,,0.609,,,0.1775,0
1.0,,0.445,0.16,,,,0.24,1
,0.495,0.375,0.115,0.5755,0.31,,0.1395,0
,0.555,,,,0.3275,0.202,0.305,1
,0.645,,,1.32,0.6525,,0.3385,1
,0.5,,,0.5075,,,0.1755,1
,0.295,0.21,,,,0.026,0.031,0
,0.55,,,0.8515,,,0.27,1
,0.475,0.35,,,,0.13,0.135,0
1.0,0.425,,,0.3515,0.141,0.0775,0.12,0
,,,0.185,1.3485,,,0.49,1
,,,0.09,0.397,0.1575,0.089,0.12,1
,0.66,0.515,,1.6465,0.749,0.422,,1
1.0,,,0.145,0.7665,0.3985,0.14,,0
,0.675,,0.175,1.4465,0.6775,,,1
,,,0.12,,,0.104,0.15,1
2.0,,,0.17,0.873,0.382,,0.2705,1
,0.595,,,,0.4115,0.196,0.2255,1
0.0,0.525,,0.14,0.6065,,,,1
0.0,,0.42,,,,,0.4095,1
,,0.38,,,0.303,,,0
1.0,0.415,,0.1,,0.1925,,0.1025,0
,0.525,,,0.7325,0.334,,0.17,1
,0.205,,,0.04,,,,0
,,0.575,,,0.8835,0.3985,,1
,,,0.25,,1.3485,0.76,,1
2.0,,0.3,,,0.104,,,1
1.0,,0.445,0.11,,,,0.26,1
,,0.505,,,,0.262,0.39,1
,0.525,0.425,,,,0.182,0.2225,1
,0.485,,0.13,,,,0.154,0
0.0,0.615,0.455,0.145,,0.5045,,,1
,0.52,,,,,,0.18,1
2.0,,,,,,0.087,,1
0.0,0.655,,,,,,,1
0.0,,,0.18,1.514,0.526,0.2975,,1
,,0.17,0.065,,,0.014,0.022,0
,,,0.15,0.8745,,,0.248,1
,0.37,0.28,,0.198,0.0805,0.0455,,0
,,0.29,,0.237,,0.0395,,0
,0.75,,,,,0.5235,,1
,0.565,,0.175,0.9025,,,0.325,1
1.0,,0.26,,0.221,0.0985,0.043,,0
2.0,,,,,,,,1
,,0.27,,,0.078,0.0485,,0
,,0.475,,,,0.262,,1
2.0,0.7,,,,,,,1
,0.465,,0.12,,,,,0
,0.385,,0.08,0.251,,,0.07,0
1.0,,0.35,,,0.2125,,0.1375,0
2.0,,,0.14,,,0.234,0.28,1
1.0,0.355,,0.09,,,,,0
,,,,,,0.294,,1
,0.605,,,0.991,,,0.24,0
,,0.5,,,,,,1
,0.445,,,0.4355,,,,0
,0.6,,,,0.5145,0.315,,0
2.0,0.72,,,,,,0.621,1
,,0.3,,,,0.0635,,0
,0.435,0.35,,,,0.1005,0.13,0
2.0,,0.51,,,,,,1
0.0,0.61,,0.185,,,,0.33,1
,,0.51,0.165,1.6375,,0.3545,0.3925,1
,0.6,0.475,,1.11,0.5105,0.256,,1
,,0.445,0.155,,0.3705,,0.28,1
,,0.31,,0.385,,0.0915,,0
2.0,,0.44,0.14,,,,,1
2.0,0.515,,,0.6125,0.302,0.1365,,0
,,,0.14,0.604,,0.1415,0.179,1
,0.68,0.52,0.185,,,,,1
,,,0.125,0.5805,,,0.165,1
1.0,0.545,0.435,,,,0.148,0.227,0
2.0,0.605,0.47,0.18,1.1155,0.479,,0.321,1
0.0,,,0.165,,,0.239,,1
0.0,0.68,,,1.6075,,,,1
2.0,0.485,,0.14,0.6295,,,,1
,0.38,,0.1,,,0.056,,0
1.0,0.215,0.15,,,,,,0
2.0,,,,,0.4345,0.212,0.2475,1
0.0,0.505,,0.15,0.644,0.285,0.145,0.21,1
1.0,,0.31,,0.311,0.1125,,0.115,0
,0.7,,0.19,1.6465,,0.307,,1
1.0,0.39,0.31,0.105,,0.1185,0.0525,,0
,0.495,0.37,,0.4775,0.185,,,1
2.0,,0.295,,0.2765,,,0.1005,1
,0.625,0.5,,1.082,0.5785,,,0
,0.275,,,0.096,0.036,0.0185,,0
2.0,,,0.13,,0.2075,,0.17,1
,,,0.145,1.165,0.581,,0.3,1
,,0.475,,,,,,1
,,0.42,,,,,0.245,1
2.0,0.415,0.315,0.115,0.3895,,0.065,0.103,1
,,,0.085,,,,0.088,0
1.0,,,0.085,,0.0415,0.024,,0
,0.64,,0.175,,,0.341,,1
,,0.49,,,0.63,0.246,0.289,1
,,0.33,0.125,,,0.1055,0.096,1
1.0,,0.23,,,,,0.046,0
,,0.575,0.215,2.1,,0.4825,0.602,1
,,,,,,0.2005,0.22,0
,,,,,0.231,,0.145,1
,0.55,,0.145,0.7385,,,0.252,1
,,,0.145,,0.2695,0.153,0.205,1
,,,,0.205,,,,1
,,,0.15,0.928,0.4225,,,0
,0.625,0.48,,,0.5865,,,1
0.0,,,,,0.5985,0.246,,1
2.0,,0.47,,,,,,1
,0.25,0.185,0.065,,,,0.0225,0
,,0.34,0.095,,0.1385,,,0
,0.715,,,,,,0.445,1
2.0,0.58,,,,,0.1965,0.29,0
,,0.385,,0.516,,0.1305,0.165,0
,,,0.135,,0.282,0.145,0.17,0
1.0,,,,,0.3055,,0.1855,1
,,,0.18,,0.405,0.277,0.295,1
,0.375,0.29,0.1,,,0.038,,0
2.0,,0.495,,1.172,,0.3115,,1
2.0,,0.47,,1.187,,0.227,0.31,1
,0.55,,,0.7995,,0.1905,,1
,0.335,,0.075,,,0.0345,0.057,0
,,0.46,,0.8765,,,,1
,,,0.16,,0.5495,,,1
,,,,,,,0.45,1
2.0,,0.55,0.21,,,0.3255,0.462,1
0.0,0.535,,0.155,,,0.1565,0.25,1
2.0,,0.52,,,,0.2775,,1
,0.545,0.42,,,0.353,,,1
,,,,0.772,,,,1
2.0,0.645,0.495,,1.2095,0.603,,,1
1.0,0.435,,0.095,0.298,0.109,,0.115,0
0.0,0.6,0.475,0.155,,0.441,0.19,,1
,,,0.13,0.6245,0.215,,0.17,1
,,0.5,0.175,,0.6735,,,1
,,0.46,,,,,0.2745,1
,,0.33,,0.335,0.1525,0.074,,0
,,0.58,,,,0.3615,,1
,0.45,0.335,,0.4475,0.2165,,,0
,0.455,0.35,0.13,,0.215,0.0745,,1
,,0.405,0.175,,0.2585,0.207,0.38,1
,0.52,0.405,0.115,,,,0.22,0
,,,0.175,,,,0.3595,0
,,,,,0.4315,,0.255,1
0.0,0.595,0.465,0.14,,0.5175,0.244,,1
,0.43,0.325,,0.309,,,,0
2.0,,0.56,0.185,,,,,1
,0.37,0.28,0.095,0.2865,,,,0
0.0,0.61,0.49,,,,,0.295,1
,,0.275,0.095,,,0.055,,0
,0.275,,,,0.041,0.021,0.034,0
1.0,0.435,0.345,0.12,0.4475,,,0.125,0
,,,,,0.317,,0.22,1
,0.62,0.47,,,,,0.36,1
0.0,,,,1.2015,,0.231,0.3355,1
,,,,,0.512,,,1
0.0,0.56,0.44,0.135,,,,,1
,,0.235,,0.1485,0.064,,0.045,0
2.0,,,0.16,,,0.312,0.3725,1
0.0,0.44,0.345,0.105,,0.165,,0.132,1
1.0,,0.325,,0.306,0.111,0.0735,,0
2.0,0.645,,,,,0.309,,1
0.0,0.695,0.535,,,0.667,0.334,,1
,0.595,0.46,,0.852,,0.2255,,1
0.0,,0.445,0.18,,,,,1
2.0,0.53,0.425,,0.702,0.2975,,,1
0.0,,0.35,,,0.2025,,0.1165,0
0.0,,,,0.926,,,,0
0.0,,,,0.485,0.181,0.125,0.155,1
2.0,0.7,,,,,0.3665,,1
,,,,1.065,0.486,,0.285,0
,0.615,0.5,0.165,,0.6,,0.355,1
,,,,,0.193,,,1
,,0.475,0.16,,0.371,0.167,0.3075,1
,,0.52,,,0.566,,,1
2.0,0.18,,,0.023,0.0085,,0.01,0
1.0,0.495,,,0.578,,,,0
,0.575,0.45,,0.78,0.3275,0.188,,1
,,0.425,0.135,,,,,1
,,0.44,0.14,,0.3825,,,1
,0.635,0.49,,1.2615,,0.2665,0.38,1
1.0,,,0.055,,,0.0125,0.0185,0
1.0,,,,,,0.0665,,0
,0.57,,0.155,,,,,1
2.0,,,,1.167,0.457,,,1
,,,0.125,0.6255,0.2525,,,0
,,,0.09,,,,,0
0.0,0.43,0.325,0.12,,0.165,,,0
2.0,0.58,,,,,0.2225,,1
,,,0.135,,,,0.165,0
,,,,0.498,0.1795,,,1
0.0,,0.51,0.15,1.456,,0.2875,0.32,1
2.0,,,,,0.3695,0.137,0.155,0
2.0,,0.405,,0.853,,,0.245,1
,,0.305,0.12,0.3185,,0.0905,0.095,0
,,,,,,,0.315,1
,,0.38,0.135,,0.2175,0.095,,1
2.0,,0.3,0.115,,0.1645,,,0
,,,0.145,,0.4845,,,1
,0.61,,,,,,,0
0.0,0.53,,,,,,,1
,0.585,,,1.099,0.3975,0.2325,,1
2.0,,0.475,0.15,,0.5195,0.223,0.292,1
,,,,1.273,0.6535,,,1
,,,0.1,,0.1305,0.061,,0
,,,,,0.2185,0.0885,,1
,,,0.125,,,,,0
,,,,1.375,,0.2705,,1
,0.55,0.425,,,0.411,,0.2165,1
,,0.375,0.115,,,0.148,0.19,1
,0.225,,,0.0565,,,0.016,0
1.0,0.395,0.3,,,0.134,,0.075,0
1.0,0.455,,0.11,0.434,,0.0855,0.1215,0
,0.475,0.375,,,,0.085,,1
,,,0.14,,0.6005,,0.307,1
1.0,,,,0.1835,,0.024,,1
,,,0.145,0.9685,,,0.2385,1
,,0.495,,1.3105,,0.3315,0.355,1
0.0,0.645,,0.18,,,0.352,0.317,1
,0.35,,0.075,,,0.036,,0
,,0.375,,0.4615,0.204,0.0945,,0
0.0,0.645,,,,,0.274,,1
,,,0.19,,,,,1
,0.29,,0.06,0.1045,0.0415,,0.035,0
1.0,,0.365,0.125,0.528,,,,1
,0.36,,,0.241,0.0865,,,0
,,0.34,0.11,,,,0.105,0
,,,0.07,,0.028,0.018,0.025,0
2.0,,0.5,,,,0.3135,,1
,0.535,0.415,0.185,,,,0.3,1
,0.49,0.38,,,0.2395,,0.18,1
2.0,0.61,,,,0.449,,,1
,0.61,0.46,,1.278,0.41,,0.37,1
,,,0.105,0.3515,,,,1
,0.64,0.5,,,,,,1
1.0,,,,,0.373,0.16,0.2215,0
,,0.37,,,,,,1
,0.62,0.48,0.16,,0.412,0.253,0.3,1
,,,0.09,,,,0.09,0
2.0,,,,,0.0995,0.0575,,0
,0.63,,,,,0.2315,,1
2.0,,,,,,0.2695,0.3665,1
,0.605,,0.14,0.982,,0.2085,0.295,1
2.0,0.34,,0.085,,,,,1
1.0,0.625,,,,0.404,,0.35,1
,,,,0.755,,0.16,,0
,,0.46,0.155,,0.4565,0.24,0.3085,1
2.0,,0.455,,,0.4595,0.3235,,1
,,,,,,0.0195,0.03,0
0.0,0.47,0.355,,0.441,,,0.135,0
2.0,0.585,,0.165,,,0.1625,,1
1.0,,,,,0.2585,0.1625,,1
,,0.3,,,,,,0
0.0,,,,,,,0.5165,1
2.0,0.475,0.395,,,,0.1645,,1
2.0,0.425,,0.13,,,0.0935,,1
,,,0.07,0.133,,0.0255,0.041,0
,0.645,,0.155,1.539,,0.3585,0.43,1
1.0,,0.17,,0.0545,0.0205,0.016,0.0155,0
,,0.495,0.175,,,0.286,,1
,,0.24,,0.18,0.08,,,0
1.0,0.5,,,,,0.124,0.157,0
,0.405,,,,,,0.0805,0
,,0.25,,,0.0705,0.044,,0
,,,,0.4255,,,0.13,0
,,0.445,,,,,0.253,1
2.0,,,0.14,0.7545,,0.1715,,0
,,,,,0.238,,,0
1.0,,,0.105,,,0.108,0.17,1
2.0,0.53,,0.165,0.732,0.189,,,1
1.0,0.475,,0.115,,,,,0
2.0,0.62,0.485,0.145,1.003,0.4655,0.2195,,1
1.0,,0.375,,0.6505,,,0.2215,1
,0.51,,,,0.347,0.134,0.1885,0
,,,,0.8915,,,,0
1.0,,,,,,,,0
,0.47,0.355,,,0.1765,0.1125,,1
,,,,0.4025,,,,0
,0.63,,,,0.4625,,0.3105,1
0.0,,0.48,,,,,0.31,1
2.0,,,,0.8085,0.3025,0.1795,,1
0.0,,0.455,,0.9215,,,,1
2.0,,0.515,0.17,,,,,1
1.0,0.385,,0.09,,,,0.0675,0
0.0,,0.38,,,0.229,0.1355,,1
,0.58,0.46,,0.9265,,,0.27,1
,,,,,0.6115,0.408,,1
2.0,,,,2.4925,,,0.5235,1
,,0.455,0.14,,,0.1765,,1
,,,0.15,0.923,0.4615,,0.2415,1
,,0.42,,,0.35,,,0
0.0,,,,0.3105,,,0.105,1
0.0,,,,,0.391,,0.355,1
,0.63,0.49,,,0.407,,0.354,1
,,,0.14,,,0.2165,0.295,1
0.0,0.475,,,,0.1715,,,1
,,,,,0.453,,0.22,0
2.0,0.65,,0.155,,,,,1
,,,0.19,,,0.3435,,1
1.0,,,,0.2455,0.111,,0.065,0
,0.26,,,0.092,,0.02,0.03,0
0.0,,0.485,0.16,1.254,0.591,0.259,,1
0.0,,,,,0.4425,0.221,,1
1.0,,,,,,,0.04,0
0.0,,,0.195,2.526,,,0.62,1
0.0,,,0.185,1.3405,0.5595,0.293,,1
,0.53,0.43,0.13,,,,,1
0.0,,0.41,,,0.2975,,,1
0.0,,,0.16,,,0.268,0.3,1
,,0.575,,,0.625,0.266,,1
,0.505,0.39,,0.6125,,,0.172,0
,,,0.19,1.151,,0.281,0.3805,1
,0.615,0.475,,0.9525,0.3915,0.195,,1
2.0,,,,1.181,,,,1
,,,,0.7955,,0.1795,0.2425,1
0.0,0.67,0.545,0.175,,,0.387,0.575,1
,0.585,,,,0.2895,,,1
1.0,0.5,,,,0.261,0.143,,0
,0.48,,0.145,,0.2315,0.121,,1
,,0.39,,0.531,0.2415,,0.1615,0
,,0.49,0.15,,,,,1
2.0,0.575,,0.165,,0.4005,,0.2385,0
,,0.375,0.115,,,0.1335,0.1765,0
,0.62,,,1.127,,,0.296,0
1.0,,,,,0.2,,0.17,0
,0.25,,,,0.0345,0.0185,0.0215,0
0.0,,0.475,,1.072,,0.2975,,0
2.0,0.58,,0.16,,,0.26,0.3635,1
2.0,0.29,,0.075,0.1165,0.043,,,0
2.0,0.59,0.465,0.155,,,,,1
2.0,0.5,0.4,,,0.216,,0.21,1
0.0,,0.5,0.16,1.217,0.5725,,0.355,1
,0.59,0.465,,,0.392,,0.34,1
,0.325,0.25,,0.1585,0.075,0.0305,0.0455,0
0.0,,,0.185,1.56,,0.383,0.405,1
2.0,,,,1.1175,0.555,0.257,,1
,0.665,0.5,,1.2975,,,0.3595,1
,,,0.11,0.4965,,,,0
,,0.4,,0.6635,,0.1295,,1
,,,,0.5125,,,,0
,0.645,,,1.3065,0.479,,,1
,,,0.105,,,0.0805,0.1175,0
,0.67,0.53,0.225,,,,0.3725,1
,,0.57,0.19,2.55,1.0705,0.483,,1
,,0.29,0.1,0.25,,0.0505,0.085,1
,0.44,,,,,0.113,0.12,0
,,,,1.3275,0.556,0.2805,0.4085,1
0.0,0.495,0.375,,,0.2615,,,1
,,,,,,0.128,,1
0.0,,,,,0.485,0.218,0.365,1
,0.55,0.425,,,,0.159,,0
,0.58,,,0.7955,0.405,0.167,0.204,1
,0.295,,0.07,,,,,0
2.0,,0.465,,,0.4215,,0.34,1
,,,,,0.127,,0.077,0
1.0,0.505,,0.13,0.599,,,,1
1.0,0.615,0.49,,0.9885,,,0.345,1
,0.585,0.45,0.17,0.8685,0.3325,,,1
,0.385,,,,,,0.08,0
,,,0.15,0.995,,0.185,0.2505,1
,0.545,,,,0.374,0.1695,,1
0.0,0.485,0.38,,,0.2155,0.14,,1
2.0,,0.57,0.2,2.033,0.751,0.4255,0.685,1
,,,,,,,,1
,,,,0.608,0.2705,0.1405,,0
0.0,,,,,,,0.0885,1
,,0.175,,,,,0.02,0
1.0,,0.285,0.1,,0.1275,0.062,0.077,0
,0.34,0.255,,,0.097,0.021,,0
,0.52,0.425,,,,0.225,0.32,1
2.0,,,,1.2555,,,0.355,1
2.0,,0.45,,,0.4285,0.1525,,0
,,,,,,0.345,0.345,1
,,,,1.2895,,0.2855,,1
1.0,,,0.08,,,,0.105,1
,0.595,0.435,,0.9,,,0.265,0
,0.36,,0.09,0.2055,,,0.0585,0
1.0,,0.425,0.13,,0.2835,,,0
,,,0.165,,0.4915,,0.49,1
,0.525,0.41,0.135,,0.4065,,,0
0.0,0.48,0.375,,0.525,0.2185,0.1195,,1
,0.505,0.405,,0.6835,,0.145,,1
1.0,0.37,0.28,,0.2565,0.1255,,,0
,0.31,,,0.2885,0.118,0.065,,0
,0.17,,0.095,0.03,0.013,0.008,0.01,0
,,,0.17,,,,0.26,1
,0.64,,,1.382,,0.3115,0.37,1
,,0.4,,,,,,0
,0.31,,0.07,,,,,0
1.0,0.51,0.405,,0.61,,,,1
0.0,,,0.15,,,0.239,0.275,0
0.0,,,,,0.3825,0.234,0.32,1
,0.535,,,0.5765,0.3595,,0.225,0
,0.545,,,0.717,,0.112,0.22,0
,,0.38,0.105,0.3265,,,,1
,,,0.205,2.0065,,0.4015,0.595,1
1.0,,,,,,,,0
,,,0.195,1.4985,,0.375,,1
,0.375,,,,,,,0
0.0,,,0.155,,,,,1
,,0.225,,0.1105,0.0405,0.0245,0.032,0
0.0,,0.545,,,,0.4565,0.475,1
,,,0.15,,,0.1685,,1
,0.36,0.285,0.105,,0.0915,,0.075,0
,,0.46,,1.2275,0.473,0.1965,0.435,1
0.0,0.325,,,,0.085,,,0
1.0,0.58,0.425,0.145,,0.379,0.1605,0.2575,1
2.0,,0.515,0.17,1.331,,0.3005,,1
,0.39,0.29,0.1,,,0.0465,,0
,,0.495,0.145,1.147,0.5455,0.266,,1
1.0,,,0.105,,,,,0
2.0,,,0.19,2.0885,,,,1
0.0,0.64,0.49,0.18,,0.653,,0.305,1
0.0,0.65,0.5,0.19,1.464,0.6415,,,1
1.0,0.28,,0.08,,0.066,0.024,,0
,,,,0.302,,,0.115,1
0.0,,0.475,0.135,,0.391,,0.275,1
1.0,,,,,,,0.179,1
,0.375,0.28,,,,,0.067,0
0.0,0.49,,,,,,,1
,0.605,0.455,0.145,,0.468,,,1
,,,,,,,,1
2.0,,,,,0.6655,,0.5,1
2.0,0.57,0.44,,,0.3805,0.2285,,1
,,,,1.137,,0.2825,,1
,0.51,,0.105,0.612,,,,1
,,0.6,,,,,0.6,1
,,,,,0.1365,0.0745,,0
2.0,,,,,,,0.29,1
2.0,,0.325,,,,0.0785,0.1155,0
,0.73,0.55,,,,,,1
,0.625,,,,,0.247,,1
2.0,0.4,,0.11,,,0.057,0.1,1
0.0,,,0.165,,0.435,0.197,0.238,1
0.0,,0.515,0.18,1.389,,,,1
,,,,0.4085,,0.102,0.131,0
1.0,0.415,,,,0.167,,0.0915,0
2.0,0.53,,,,,0.187,,1
,,,,0.484,,,,0
,0.58,,0.165,1.041,0.54,,0.279,1
,0.505,0.475,,,0.509,,,0
2.0,,,,,0.487,,0.445,1
,0.44,0.34,,0.451,,,,1
,,,,,,,,0
,,0.26,0.085,0.192,,,,0
,0.42,,,0.34,,,,0
1.0,,0.235,,0.149,,,,0
,,,0.155,,0.4865,0.184,0.2755,1
2.0,,,0.16,,,,0.27,1
,0.495,,0.12,,,,,0
,,,,1.3435,,,,1
2.0,0.57,,0.155,1.008,,0.193,,1
2.0,,,0.1,,0.0885,0.0495,0.0715,0
,,,0.18,,0.4405,,,1
1.0,,0.29,0.09,0.2745,0.135,0.0455,0.078,0
,,,,,,0.283,,1
2.0,0.5,0.375,,0.721,,0.1725,,1
2.0,0.625,,,1.437,0.5855,,0.475,1
0.0,,,,1.2435,,,,1
,0.44,,,,0.185,0.0865,,0
,,,,0.04,,,0.0105,0
,,0.47,0.135,1.0195,0.5315,,,0
,,,0.11,,0.1355,,0.0965,0
2.0,0.46,,,0.515,0.224,0.108,0.1565,1
1.0,,,,0.449,0.196,,0.1265,0
2.0,,,0.155,,0.2135,,,1
,0.635,0.515,,,,0.2975,,1
,0.535,,,0.8345,,,,1
2.0,0.645,,0.195,1.401,0.6165,0.3515,0.3725,1
,0.38,0.235,0.1,,,,,0
0.0,0.605,0.485,0.16,1.222,0.53,,,1
,0.635,,,,,,,1
,0.53,,,,,0.1275,,1
0.0,,,,0.8575,0.3465,,,1
0.0,,0.52,,1.32,0.5235,,,1
1.0,,0.285,0.085,0.244,,,,0
,0.515,0.4,0.125,0.955,,,,1
,,0.34,,0.486,,,,0
,0.65,,,1.662,0.77,,,1
,,0.525,0.16,1.363,,0.279,,0
0.0,,,0.145,1.0185,,,,1
,,0.41,0.13,,0.3865,,0.295,1
,0.48,,0.12,,0.2535,,,1
,,0.385,0.15,,0.5425,0.2445,0.2845,1
,0.22,,0.05,,,,0.015,0
,0.375,,0.08,,,0.048,,0
0.0,,0.465,0.16,1.133,,0.2885,0.298,1
,,,0.08,0.176,,0.0355,,0
,,,,,,0.239,,1
,,,,,0.3815,0.1415,0.245,0
,,,,1.1285,,0.3525,,1
2.0,0.535,0.405,0.175,1.2705,,,,1
0.0,,0.43,,,0.3525,,,1
0.0,,0.55,,,1.0715,0.4265,,1
,0.51,0.39,,0.597,0.293,0.1265,0.1555,0
0.0,0.68,0.515,,,,,0.62,1
0.0,,,,,,0.184,0.29,1
0.0,,0.55,,,0.858,,,1
,,0.33,0.11,,0.2055,,0.096,0
1.0,0.44,0.34,,0.407,,,0.103,0
,,,0.175,,,0.27,,1
,,,0.14,0.451,,,0.184,1
2.0,,,0.15,,,0.265,0.345,1
1.0,0.515,,0.12,,0.2705,,0.17,1
2.0,0.67,0.54,0.195,,,0.2735,,1
,,,,0.925,0.37,,,1
1.0,0.425,,,0.377,,0.072,,0
1.0,,0.275,0.09,0.218,,,,0
,,0.45,,,,,0.395,1
,,0.43,0.17,,0.3725,,,1
,,,0.155,,0.454,,0.35,1
,0.655,0.51,,1.043,,,0.305,1
1.0,,0.34,,,,0.083,0.12,1
0.0,0.565,0.455,,0.8205,0.365,,,1
,0.66,,,,,0.298,,1
2.0,0.395,0.28,,,,0.066,0.09,1
1.0,,0.43,,0.6255,,0.1455,,1
1.0,,0.31,0.085,,0.153,,,0
,0.49,0.395,0.12,0.674,0.3325,,,1
0.0,,0.455,,,,0.1715,0.269,1
2.0,0.63,,,,,0.3125,,1
,0.52,0.4,,,,0.1155,0.16,0
,0.635,0.505,,1.3315,,,,1
,,,0.105,,,,,1
,,0.48,,,0.4495,0.2455,0.325,1
,0.625,,,,,0.259,,1
,,0.42,0.13,,,,0.249,1
,,,,0.8805,,0.234,0.235,1
2.0,,,,,,0.2245,,1
,0.475,,,,0.202,,0.19,1
0.0,,,0.185,0.9285,0.302,,,1
2.0,0.67,,,,0.833,0.374,,1
,,,,1.787,,,,1
0.0,0.47,0.355,0.14,,,,0.152,1
,,0.37,,,,0.112,0.141,0
,,0.53,0.17,1.431,0.622,,,1
2.0,,0.455,,0.832,0.3585,0.174,,1
1.0,,,0.08,,,0.0475,,0
,0.575,,,0.985,,,0.355,1
,,,0.125,0.447,0.1695,,0.14,1
,,,0.115,0.4405,0.19,0.085,0.135,0
,0.505,,0.125,0.601,0.25,0.1205,0.185,0
0.0,,0.53,0.2,,,,,1
,0.525,0.395,,,0.297,,,0
,,,,1.4755,,0.379,,1
,0.46,0.35,0.115,,,,,0
,,,,,,,0.25,0
,,,,,0.1615,0.0715,0.12,0
0.0,,0.39,,0.6005,,,,1
,,,0.125,,0.2265,,0.162,0
,,,0.095,0.2655,,0.052,,0
,,,,,,0.135,0.169,1
1.0,,,,,,,0.06,0
1.0,0.46,,0.12,,,,,0
,,0.295,,,0.078,0.054,,1
,,,0.135,0.5895,,,,0
0.0,0.515,,0.125,,0.2865,,,0
,,,0.12,,0.1985,0.0865,,0
,,,,,0.5795,,,1
,,,,0.5425,,,,1
,,,,1.866,0.929,,,1
1.0,,,,0.2,0.08,,0.055,0
,0.5,,,,,0.168,0.18,1
,,0.305,,0.282,,,0.096,1
,0.415,,,,0.1385,0.0795,,0
,0.27,,,0.1205,0.0465,0.028,0.04,0
,,,,,0.5355,,,1
,0.45,0.35,,0.4655,,,,0
,,,0.18,1.412,,0.2485,0.497,1
1.0,,,,0.372,0.358,0.0775,0.11,0
2.0,,0.385,0.11,,0.3185,,,1
2.0,,0.35,,,0.1465,,0.12,1
,0.29,,,,,0.022,,0
1.0,0.56,,0.14,0.9175,0.4005,,,1
0.0,0.37,0.275,,,,,,0
2.0,,,0.12,,,,,1
,,,,0.567,,,,1
,,0.475,,1.0605,0.5165,0.2195,0.28,1
,,,0.2,,,,0.48,1
0.0,,,0.195,,,0.48,,1
2.0,,,,,0.5255,,,1
,,0.405,,,,0.131,,1
1.0,0.4,0.315,,0.3245,,0.073,,0
1.0,,0.215,,,0.063,,,0
2.0,,,0.12,1.0535,0.516,0.2185,0.235,1
,0.705,0.54,,,,,0.461,1
1.0,0.46,,,0.4495,0.1755,,0.15,0
,0.655,,0.215,,0.695,,0.444,1
,,0.505,0.165,1.318,,,0.335,1
1.0,0.555,,0.145,0.9005,0.3845,,0.2765,1
0.0,0.625,,0.165,,0.358,,,1
,0.315,,0.085,0.1715,,,,0
,0.48,0.365,0.135,,0.2945,,0.175,0
0.0,,,0.205,,,,,1
0.0,0.715,0.585,,2.0725,,0.4095,,1
,0.31,0.245,,,,,,0
0.0,0.56,,0.19,0.714,,,,1
2.0,0.585,0.46,,1.206,,0.216,,1
0.0,0.49,,,,0.241,0.14,0.24,1
,0.545,,,,0.289,0.19,,0
,0.55,,0.14,0.84,,0.218,,0
,,,,,,,,1
,,0.335,0.1,0.4085,,,0.135,1
,,0.51,,1.189,0.483,,,1
,0.35,0.265,0.09,0.2255,,,,0
,0.555,0.435,0.14,,0.341,,0.214,0
1.0,,,,0.2305,,,,0
,0.26,,,0.096,0.044,,,0
0.0,0.565,,0.165,,0.322,,,1
,0.6,,,,0.4345,,0.425,1
,0.66,,,,,0.2625,,1
,,,,,0.1515,,,1
2.0,,,0.165,,,0.2955,,1
,0.465,,,,,,,1
,,0.32,,0.353,,,,0
,0.675,0.55,,1.551,0.7105,0.3685,0.412,1
,0.65,,,1.1805,,,,1
,0.645,0.52,,,,,0.37,1
,0.55,,0.145,,,0.1905,,1
1.0,0.575,,,0.8725,,,,0
,,0.405,0.14,0.6915,,0.137,0.215,1
,0.5,0.385,0.12,0.56,0.2835,0.103,0.135,0
2.0,0.61,0.47,0.165,1.052,,,,1
0.0,0.58,,,0.854,0.3665,0.1635,0.245,1
2.0,,0.545,,1.5715,,,,1
,0.62,0.485,0.18,1.1785,,,,1
,,0.495,,1.2865,0.435,,,1
,0.445,,,0.4425,,,0.135,0
2.0,,0.38,0.135,0.5825,,0.1565,0.175,0
,,,,,0.6605,0.3395,0.37,1
0.0,0.705,,,,0.6435,,0.265,1
,0.5,,,,,0.112,0.1585,0
0.0,0.53,,0.17,,,,0.278,1
2.0,,,,1.3835,,,,1
,,,0.16,,0.5455,0.2615,,1
,,0.34,,,,,0.146,1
1.0,0.525,0.43,0.15,,0.3225,0.161,,1
,,0.49,0.165,1.071,,,0.352,1
,,,,0.8935,0.3145,0.2575,,1
1.0,0.4,0.265,,,0.1245,,,1
,,,,,,,,1
,0.435,,0.12,0.346,,,,0
,0.55,0.44,0.155,0.946,,,0.335,1
,,,,,0.4035,0.173,,1
,,,,,0.2,,0.179,1
1.0,0.385,,,0.228,,,0.0655,0
2.0,,,0.12,,,,0.24,1
1.0,0.48,,0.125,,,0.1045,,1
,,0.25,0.055,,,0.051,0.045,0
,0.52,0.38,0.115,,0.3285,,0.1425,0
0.0,,0.355,0.13,,0.192,0.1055,,1
,0.625,0.515,,,,,0.321,1
,,,,,0.3535,0.1505,0.2365,1
,0.465,0.35,0.13,,,,,1
,,,0.18,,0.8005,,,1
0.0,,0.55,0.2,,0.525,,0.585,1
2.0,,,0.09,,,,0.0795,1
1.0,,,,0.4545,,,0.115,0
,,,,0.015,,,0.005,0
,,0.145,,0.037,0.0125,,0.011,0
,,,0.2,1.601,0.706,,0.45,1
,0.41,0.32,0.095,,0.141,0.063,,0
,,,,,,,0.12,0
,,0.325,,,,0.063,0.117,1
,0.415,0.315,0.1,,,0.0795,0.095,0
,0.525,,,,0.4035,,,0
0.0,,0.57,,1.587,0.739,0.2995,,1
0.0,,0.455,0.14,,,,0.271,1
2.0,,0.53,,1.388,0.567,,,1
1.0,,,0.155,0.8075,,,,1
1.0,,,0.145,,0.3975,,,1
,,,,1.375,0.531,,0.3985,1
,,,,,0.037,0.024,,0
2.0,0.63,,,1.13,,0.2765,,1
,,0.46,,,0.491,,0.265,1
0.0,0.52,0.41,,,,0.179,0.235,1
,,,,0.906,,0.23,,0
2.0,0.64,,0.165,,0.632,0.3415,,1
2.0,,0.4,,0.61,0.272,0.1435,,0
,0.405,0.31,,0.3425,,0.064,,0
,0.49,0.4,,,0.256,0.1325,0.145,1
1.0,,,0.15,1.1815,0.581,,0.3095,1
,0.605,,0.18,1.227,,0.287,,1
2.0,,,,1.2075,0.531,,0.3525,1
1.0,,,0.07,0.1055,0.495,,,0
0.0,,,0.15,0.927,0.333,,,1
1.0,,0.13,,,,,0.01,0
,,0.425,,,,0.1905,0.24,1
,0.59,,,,,,,0
0.0,,0.515,,1.2415,,,0.36,1
,0.665,,,1.383,,,0.485,1
1.0,,,,,0.4555,,0.1965,1
,,,,,,0.1945,0.236,1
1.0,,,0.12,,0.165,,,0
,,0.505,,1.1605,0.519,,,1
2.0,,,,,,,,1
,0.505,,0.125,0.642,0.289,0.133,,1
,,0.505,,,,,,1
,,0.46,,0.8335,,0.1925,0.235,0
1.0,0.375,,0.08,,0.0975,,0.0725,0
,,,,,0.1645,,0.127,0
1.0,,,0.07,,0.0655,0.048,,0
1.0,0.335,,,,0.0675,,,0
,0.36,,0.085,0.1865,,,,0
0.0,0.515,,,,0.2815,,0.215,1
,0.655,,,,,0.3595,0.46,1
1.0,,0.375,,,,,,0
,0.6,,,1.0105,,0.219,0.298,1
,0.405,0.31,,,,,0.088,0
0.0,0.465,,,,0.1815,0.157,0.225,1
1.0,,,0.12,,0.2375,0.099,,0
,,0.485,,1.2315,0.4525,0.238,0.42,1
,,0.325,0.1,,0.132,,,0
2.0,,0.33,,,0.1315,0.085,,1
2.0,0.46,,0.14,,,0.115,,1
,,,0.15,,0.2405,0.1625,,1
,0.565,0.455,,,,,,1
,,,,0.6345,0.1995,,,1
,,0.205,0.08,,0.088,,0.0495,0
,0.59,,,0.7715,0.328,0.1745,0.23,1
1.0,,,0.06,0.086,,,0.025,0
2.0,,,0.175,1.5265,,0.4475,0.345,1
0.0,,0.54,0.185,,0.6935,,,1
,0.675,,,1.532,0.74,,,1
,,,,1.098,0.414,,0.405,1
,,,0.08,,,0.0215,0.03,0
0.0,,,,,,0.193,,1
,,,0.1,,0.1155,0.059,,0
1.0,,0.28,,,0.0885,,0.09,0
,,0.47,0.155,,,0.32,0.292,0
,0.58,,0.145,,,0.1815,,0
,,,,0.132,,,0.033,0
0.0,0.505,,,0.6185,0.251,0.1175,,1
,,0.37,,0.4985,0.2095,0.1225,,1
2.0,0.69,0.53,,,,,,1
0.0,,,,1.3475,0.4775,,0.48,1
,,0.385,0.145,,,,0.2,1
,,,,,0.197,0.079,0.09,0
,,,0.18,,,0.3135,0.4115,1
,,0.195,,,0.0365,,,0
1.0,0.51,,,,,,,0
,,0.35,,0.458,,,,0
,,,0.125,0.5815,,,,1
0.0,0.57,,,0.9535,,0.201,,1
,,0.455,0.15,,,,,0
1.0,0.465,,,,,0.0815,0.147,1
1.0,0.335,,,,,,,0
,,0.57,0.185,1.761,,0.3725,0.488,1
1.0,,0.425,0.18,,0.3695,,0.255,1
,0.57,0.44,0.125,,0.3675,,,1
,0.605,0.485,0.15,1.238,0.6315,0.226,,1
,0.465,0.34,,,0.1425,,,1
,0.445,,,0.4195,0.1695,0.0945,0.1195,0
2.0,0.5,,0.135,,0.302,0.1415,0.2065,1
2.0,,0.525,0.175,1.7585,,0.3615,,1
,,,,,,0.0465,,0
2.0,0.535,,,0.725,0.269,,,1
,0.655,0.505,0.19,1.3485,0.5935,0.2745,,1
1.0,0.58,0.46,,,,,,1
,,,,0.4075,0.1515,0.0935,0.1455,1
,,0.39,0.135,0.7815,0.361,,,1
,,0.45,,,,0.1515,,1
,,,,0.38,,,,0
1.0,0.445,0.345,0.12,,0.169,0.0825,,0
2.0,,0.43,0.13,,0.3155,0.1955,,1
,0.455,,0.135,,,0.0855,,0
1.0,,,0.215,,,0.3615,0.4065,1
1.0,0.24,,,,0.026,,,0
0.0,,0.515,,,,0.3365,0.555,1
,0.565,,,1.0595,,,,1
1.0,,,,0.5945,,0.1185,0.185,0
1.0,,,0.13,0.658,0.327,,,0
,,,,,,0.145,,1
,,,,0.514,,,0.126,0
,0.52,0.39,,,,,,0
,0.695,,0.155,1.8495,0.767,0.442,0.4175,1
2.0,,0.505,,1.533,0.667,,,1
,0.575,0.44,0.145,,,,,0
1.0,,,,0.179,0.0775,,,0
,,0.43,,,,0.1855,0.196,1
,0.475,0.375,0.115,0.5205,,,,0
0.0,,,0.225,2.037,,,,1
,,,,0.2165,,,,0
2.0,0.595,,,1.3175,,,0.58,1
0.0,,0.495,0.195,1.297,,,,1
0.0,,0.435,,,0.4605,,,0
,,,0.14,0.687,,,,1
2.0,,,0.17,1.3695,0.657,0.3055,,1
1.0,,0.305,,,,,0.125,1
,0.565,0.42,0.155,,0.31,,,1
2.0,,,0.16,,,0.195,,1
,0.665,0.515,0.165,,,,,0
0.0,,0.55,0.17,1.684,0.7535,,,1
2.0,,,,1.6115,,,0.395,1
2.0,,,,0.7455,,,,1
,0.605,,,,0.5265,,0.295,1
,,0.155,0.04,0.0435,,0.009,0.007,0
,0.575,0.425,,,,,0.2,1
,,0.315,,,,0.0635,0.0835,1
0.0,,,0.17,1.48,0.6535,0.324,,1
0.0,,,,,,0.094,,0
1.0,0.61,,0.15,,,0.2,,1
0.0,0.585,,0.16,1.077,,0.2875,0.25,1
,,,0.15,,0.531,,0.296,1
1.0,,0.47,0.17,,,,0.315,1
,,,,0.083,,,,0
2.0,,,,,,,0.17,1
,,0.58,,1.787,,,0.6,1
0.0,0.645,0.49,0.16,1.144,0.5015,,,0
,,0.47,,,,,0.275,1
0.0,,,,0.4705,,,0.1385,0
1.0,0.4,,0.1,,0.104,,0.0815,0
1.0,0.17,0.105,0.035,0.034,0.012,,,0
,0.635,,,,,,,1
,,,,,0.4725,,,1
,0.615,,,,0.5815,0.3195,0.3225,1
1.0,,,,0.2505,0.0945,,,0
,0.37,0.275,,,,0.0535,,0
0.0,,,,,0.438,0.2,0.22,0
2.0,0.63,0.49,0.155,,,,,1
,,,,,0.0475,,,0
1.0,,0.25,,,0.0715,,,0
2.0,0.45,,,,0.2575,0.082,0.129,0
,0.48,,0.125,,,,,1
,,,,0.457,0.1885,,0.15,1
,,0.5,,1.3815,0.672,,0.315,1
,,0.26,,,,,0.0655,1
,,0.43,,1.5245,0.653,0.396,0.41,1
,0.685,0.54,,1.7025,0.664,,0.4735,1
0.0,0.585,,,0.9585,,,,1
2.0,,,,0.369,,0.071,,0
1.0,,,0.11,,,,,0
0.0,0.615,0.47,0.155,,,,,1
2.0,0.555,0.44,,1.092,,,,1
2.0,0.68,0.54,0.155,,,,0.384,1
,0.49,,0.14,,0.198,0.127,0.175,1
,0.56,0.435,,0.889,,0.204,0.25,1
,,0.555,,,,,,1
1.0,,0.29,,,0.1255,,0.081,0
,0.645,0.5,0.19,1.5595,0.741,,0.3845,1
,,,,,0.082,0.04,0.064,0
,0.55,0.46,,,0.305,0.1455,0.205,1
,0.55,,,0.741,,,0.206,1
1.0,,,,0.4015,,,,0
,,0.46,,1.058,0.486,,,1
1.0,0.25,,,0.0685,,0.0155,0.0225,0
1.0,,0.215,,0.0935,0.031,,0.03,0
2.0,0.4,0.305,,0.297,,0.0705,,1
,0.64,,0.18,,0.59,0.3125,,1
,,0.21,0.08,0.1085,,0.0265,0.0345,0
2.0,0.71,,0.195,,,,0.4535,1
1.0,0.475,0.365,,0.5465,,,0.172,1
,0.525,0.41,0.175,0.874,,,,1
1.0,,,,0.0345,0.011,0.0075,,0
2.0,,0.44,,1.1115,0.5035,0.2785,,1
,,0.35,0.105,0.4745,,,0.1275,1
,,,0.175,1.1955,,0.247,,1
,0.6,0.47,,,,0.3045,0.2635,1
,0.55,,,,,,,1
,0.575,,,,0.3605,,0.2575,1
,,,,,,,0.174,0
,0.535,0.415,0.135,,,,0.2365,0
